event_id_cnty,event_date,year,time_precision,disorder_type,event_type,sub_event_type,actor1,assoc_actor_1,inter1,actor2,assoc_actor_2,inter2,interaction,civilian_targeting,iso,region,country,admin1,admin2,admin3,location,latitude,longitude,geo_precision,source,source_scale,notes,fatalities,tags,timestamp
BGD28031,"05 August 2024",2024,1,"Political violence",Riots,"Mob violence","Rioters (Bangladesh)",,Rioters,,,,"Rioters only",,50,"South Asia",Bangladesh,Rangpur,Rangpur,Taraganj,Taraganj,25.79,89.04,1,"Prothom Alo",National,"On 5 August 2024, unidentified assailants attacked, vandalized and set ablaze the place of worship of the Ahmadiyya community in Taraganj town (Rangpur), amid the outbreak of violence after the resignation of the Prime Minister, following anti-government demonstrations emerging from the quota reform movement. They also vandalized the Upazila Parishad, the portrait of Bangabandhu and Bangabandhu's mural in the Muktijoddha building, and looted 460 sacks from the chemical fertilizer godown of the Taraganj upazila Awami League president in the Chowpathi area of Taraganj town.",0,"crowd size=no report; local administrators",1723576772
BGD28032,"05 August 2024",2024,1,"Political violence",Riots,"Mob violence","Rioters (Bangladesh)",,Rioters,"Civilians (Bangladesh)","Hindu Group (Bangladesh)",Civilians,Rioters-Civilians,"Civilian targeting",50,"South Asia",Bangladesh,Dhaka,Shariatpur,"Shariatpur Sadar",Shariatpur,23.21,90.35,1,"Prothom Alo",National,"On 5 August 2024, unidentified persons vandalized a Hindu temple in Shariatpur city (Shariatpur Sadar, Dhaka), amid the outbreak of violence after the resignation of the Prime Minister, following anti-government demonstrations emerging from the quota reform movement. Locals (likely Hindu based on the place) were inside the temple at the time, and left after Army troopers arrived at the place.",0,"crowd size=no report",1723576772
BGD28034,"05 August 2024",2024,1,"Political violence",Riots,"Mob violence","Rioters (Bangladesh)",,Rioters,,,,"Rioters only",,50,"South Asia",Bangladesh,Chittagong,"Cox's Bazar",Teknaf,Teknaf,20.8583,92.2977,1,"Prothom Alo",National,"On 5 August 2024, unidentified assailants set alight the Awami League office and the business establishment of a former member of parliament of Cox's Bazar-3 constituency in Teknaf upazila (Cox's Bazar), amid the outbreak of violence after the resignation of the Prime Minister, following anti-government demonstrations emerging from the quota reform movement.",0,"crowd size=no report",1723576772
BGD28035,"05 August 2024",2024,1,"Political violence",Riots,"Mob violence","Rioters (Bangladesh)","BNP: Bangladesh Nationalist Party",Rioters,"Civilians (Bangladesh)","Hindu Group (Bangladesh)",Civilians,Rioters-Civilians,"Civilian targeting",50,"South Asia",Bangladesh,Chittagong,Noakhali,Hatiya,Hatiya,22.2883,91.1398,2,"Prothom Alo",National,"On 5 August 2024, unidentified persons attacked, looted, and vandalized three houses, including that of the president of Upazila Hindu Parishad, and four businesses owned by persons from the Hindu community in Hatiya Upazila (Noakhali, Chittagong), amid the outbreak of violence after the resignation of the Prime Minister, following anti-government demonstrations emerging from the quota reform movement. The attackers also assaulted the mother of the Upazila Hindu Parishad President. The victims claim that the attackers were associated with the local BNP unit.",0,"crowd size=no report",1723576772
BGD28036,"05 August 2024",2024,1,"Political violence",Riots,"Mob violence","Rioters (Bangladesh)","Chhota Paik Para Communal Group (Bangladesh)",Rioters,"Civilians (Bangladesh)","Chhota Paik Para Communal Group (Bangladesh); Hindu Group (Bangladesh)",Civilians,Rioters-Civilians,"Civilian targeting",50,"South Asia",Bangladesh,Khulna,Bagerhat,"Bagerhat Sadar",Rakhalgachi,22.7025,89.6712,2,"Prothom Alo",National,"On 5 August 2024, masked men assaulted, hacked, and killed a retired Hindu school teacher in Chhota Paik para village of Rakhalgachi Union of Bagerhat Sadar Upazila (Bagerhat, Khulna), amid the outbreak of violence after the resignation of the Prime Minister, following anti-government demonstrations emerging from the quota reform movement. The wife and daughter of the deceased were injured. They were admitted to Bagerhat District Hospital. One of the neighbors had threatened them hours before the attack. The two main accused are absconding.",1,"crowd size=no report",1723576772
BGD28044,"05 August 2024",2024,1,"Political violence",Riots,"Mob violence","Rioters (Bangladesh)","Students (Bangladesh)",Rioters,,,,"Rioters only",,50,"South Asia",Bangladesh,Rajshahi,Naogaon,"Naogaon Sadar",Naogaon,24.8042,88.9488,1,"Dhaka Tribune",National,"On 5 August 2024, thousands of people, including students, set fire to the residence of member of parliament, Awami League offices, and motorbikes in Naogaon town, Naogaon Sadar (Rajshahi), amid the outbreak of violence after the resignation of the Prime Minister, following anti-government demonstrations emerging from the quota reform movement.",0,"crowd size=thousands",1723576772
BGD28051,"05 August 2024",2024,1,"Political violence",Riots,"Mob violence","Rioters (Bangladesh)",,Rioters,"Civilians (Bangladesh)","Jubo League",Civilians,Rioters-Civilians,"Civilian targeting",50,"South Asia",Bangladesh,Rajshahi,Bogra,Sahajanpur,Shajahanpur,24.7666,89.4,2,"Prothom Alo",National,"On 5 August 2024, unidentified assailants hacked and killed a local Jubo League leader at Kharna Bazar in Shajahanpur (Sahajanpur) upazila (Bogra, Rajshahi), amid the outbreak of violence after the resignation of the Prime Minister, following anti-government demonstrations emerging from the quota reform movement.",1,"crowd size=no report",1723576772
BGD28052,"05 August 2024",2024,1,"Political violence",Riots,"Mob violence","Rioters (Bangladesh)",,Rioters,"Civilians (Bangladesh)","AL: Bangladesh Awami League",Civilians,Rioters-Civilians,"Civilian targeting",50,"South Asia",Bangladesh,Khulna,Satkhira,"Satkhira Sadar",Satkhira,22.7082,89.0719,2,"Prothom Alo",National,"On 5 August 2024, unidentified persons assaulted and killed an Awami League member of Baikari village, Sadar Upazila (Satkhira, Khulna), amid the outbreak of violence after the resignation of the Prime Minister, following anti-government demonstrations emerging from the quota reform movement.",1,"crowd size=no report",1723576772
BGD28053,"05 August 2024",2024,1,"Political violence",Riots,"Mob violence","Rioters (Bangladesh)",,Rioters,"Civilians (Bangladesh)","AL: Bangladesh Awami League",Civilians,Rioters-Civilians,"Civilian targeting",50,"South Asia",Bangladesh,Khulna,Narail,"Narail Sadar",Narail,23.1551,89.4952,1,"Prothom Alo",National,"On 5 August 2024, about 100 people chased, assaulted, hacked and killed a youth, known for his proximity to the local Awami League leaders, in Narail city, Narail Sadar upazila (Khulna), amid the outbreak of violence after the resignation of the Prime Minister, following anti-government demonstrations emerging from the quota reform movement. Unidentified persons also vandalized, looted and set ablaze residences of Awami League leaders, including Narail-2 Constituent Member of Parliament, District Awami League President and District Council Chairman and General Secretary, and party offices, including District Awami League Office, and district Council Office during victory processions in Narail city.",1,"crowd size=no report",1723576772
BGD28054,"05 August 2024",2024,1,"Political violence",Riots,"Mob violence","Rioters (Bangladesh)",,Rioters,"Civilians (Bangladesh)","AL: Bangladesh Awami League; Hindu Group (Bangladesh)",Civilians,Rioters-Civilians,"Civilian targeting",50,"South Asia",Bangladesh,Khulna,Meherpur,"Meherpur Sadar",Meherpur,23.7769,88.6303,1,"Prothom Alo",National,"On 5 August 2024, unidentified persons vandalized and set ablaze the house of the District Awami League Legal Affairs Secretary with sticks, rods, and iron pipes; vandalized, looted and set ablaze at least 7 Hindu houses and assaulted occupants, including in Malopara area; and attacked and looted a Hindu business establishment in the Bara Bazar area, of Meherpur city (Meherpur Sadar, Khulna), amid the outbreak of violence after the resignation of the Prime Minister, following anti-government demonstrations emerging from the quota reform movement.",0,"crowd size=no report",1723576772
BGD28055,"05 August 2024",2024,1,"Political violence",Riots,"Mob violence","Rioters (Bangladesh)",,Rioters,"Civilians (Bangladesh)","Health Workers (Bangladesh); Hindu Group (Bangladesh)",Civilians,Rioters-Civilians,"Civilian targeting",50,"South Asia",Bangladesh,Dhaka,Faridpur,Madhukhali,Madhukhali,23.5214,89.6494,2,"Prothom Alo",National,"On 5 August 2024, unidentified persons vandalized the house, pharmacy and Kali mandir (Temple of Hindu goddess Kali) of a doctor belonging to the Hindu community in Bamundi Bazar, Madhukhali upazila (Faridpur, Dhaka), amid the outbreak of violence after the resignation of the Prime Minister, following anti-government demonstrations emerging from the quota reform movement. The crowd also assaulted him. They also vandalized and looted a flour mill belonging to the Hindu community near Madukhali-Naopara road in Madhukhali upazila.",0,"crowd size=no report",1723576772
BGD28056,"05 August 2024",2024,1,"Political violence",Riots,"Mob violence","Rioters (Bangladesh)",,Rioters,"Civilians (Bangladesh)","Hindu Group (Bangladesh); Teachers (Bangladesh)",Civilians,Rioters-Civilians,"Civilian targeting",50,"South Asia",Bangladesh,Rajshahi,Natore,Lalpur,Lalpur,24.1556,88.9653,2,"Prothom Alo",National,"On 5 August 2024, people, vandalized and looted 8 Hindu houses, including the house of the Puja Udyapan Parishad president, 1 house in Bhatpara area and 1 house of a retired Hindu teacher in Madhavpura Palpara area, along with two Hindu temples, Jotdaivaki Shiva and Kali temples, at Lalpur upazila (Natore, Rajshahi), amid the outbreak of violence after the resignation of the Prime Minister, following anti-government demonstrations emerging from the quota reform movement. They also attacked and injured the Hindu college teacher with sharp weapons.",0,"crowd size=no report",1723576772
BGD28058,"05 August 2024",2024,1,"Political violence",Riots,"Mob violence","Rioters (Bangladesh)",,Rioters,"Civilians (Bangladesh)","LGBTQ+ (Bangladesh)",Civilians,Rioters-Civilians,"Civilian targeting",50,"South Asia",Bangladesh,Rangpur,Dinajpur,"Dinajpur Sadar",Dinajpur,25.6274,88.6377,1,"Prothom Alo",National,"On 5 August 2024, unidentified persons looted, and vandalized houses of Hijras (transgender, intersex, or eunuch people) in Hijrapalli in Majhadanga Bangibecha Ghat area in Dinajpur city (Dinajpur, Rangpur), amid the outbreak of violence after the resignation of the Prime Minister, following anti-government demonstrations emerging from the quota reform movement. They were inside the house at the time of the incident.",0,"crowd size=no report",1723576772
BGD28063,"05 August 2024",2024,1,"Political violence",Riots,"Mob violence","Rioters (Bangladesh)",,Rioters,"Civilians (Bangladesh)","Jubo League",Civilians,Rioters-Civilians,"Civilian targeting",50,"South Asia",Bangladesh,Khulna,Chuadanga,"Chuadanga Sadar",Chuadanga,23.643,88.8529,1,"Prothom Alo",National,"On 5 August 2024, unidentified assailants set ablaze the house of the former convener of District Jubo League in Chuadanga city (Chuadanga Sadar, Khulna), amid the outbreak of violence after the resignation of the Prime Minister, following anti-government demonstrations emerging from the quota reform movement. 4 people were killed.",4,"crowd size=no report",1723576772
BGD28064,"05 August 2024",2024,1,"Political violence",Riots,"Mob violence","Rioters (Bangladesh)",,Rioters,"Civilians (Bangladesh)","Jubo League",Civilians,Rioters-Civilians,"Civilian targeting",50,"South Asia",Bangladesh,Rajshahi,Bogra,"Bogra Sadar",Bogra,24.853,89.3732,1,"Prothom Alo",National,"On 5 August 2024, unidentified assailants hacked and killed a local Jubo League leader in the Malgram Dighipara area in Bogra city (Bogra Sadar, Rajshahi), amid the outbreak of violence after the resignation of the Prime Minister, following anti-government demonstrations emerging from the quota reform movement.",1,"crowd size=no report",1723576772
BGD28065,"05 August 2024",2024,1,"Political violence",Riots,"Mob violence","Rioters (Bangladesh)",,Rioters,"Civilians (Bangladesh)","Hindu Group (Bangladesh); Labor Group (Bangladesh)",Civilians,Rioters-Civilians,"Civilian targeting",50,"South Asia",Bangladesh,Rangpur,Dinajpur,Bochaganj,Bochaganj,25.8054,88.4594,2,"Prothom Alo",National,"On 5 August 2024, at least 100 people armed with sticks and sharp weapons vandalized and looted at least 40 Hindu shops in Chowrangi Bazaar of Isania Union of Bochaganj Upazila (Dinajpur district, Rangpur), amid the outbreak of violence after the resignation of the Prime Minister, following anti-government demonstrations emerging from the quota reform movement. They were inside their shops at the time of the incident.",0,"crowd size=at least 100",1723576772
BGD28066,"05 August 2024",2024,1,"Political violence",Riots,"Mob violence","Rioters (Bangladesh)",,Rioters,"Civilians (Bangladesh)","Jubo League",Civilians,Rioters-Civilians,"Civilian targeting",50,"South Asia",Bangladesh,Barisal,Barisal,"Barisal Sadar",Barisal,22.705,90.3701,1,"Prothom Alo",National,"On 5 August 2024, unidentified persons set ablaze the houses of the Barisal Metropolitan Awami League general secretary and former mayor of City Corporation in Barisal city (Barisal Sadar), amid the outbreak of violence after the resignation of the Prime Minister, following anti-government demonstrations emerging from the quota reform movement. Three persons, including two Jubo league members, were charred to death.",3,"crowd size=no report; local administrators",1723576772
BGD28076,"05 August 2024",2024,1,"Political violence",Riots,"Mob violence","Rioters (Bangladesh)",,Rioters,"Rioters (Bangladesh)","AL: Bangladesh Awami League",Rioters,Rioters-Rioters,,50,"South Asia",Bangladesh,Khulna,Satkhira,Assasuni,Kalyanpur,22.3891,89.2014,1,"Prothom Alo",National,"On 5 August 2024, several thousand people attacked the house of a local AL leader in Kalyanpur village (Satkhira, Khulna), amid the outbreak of violence after the resignation of the Prime Minister, following anti-government demonstrations emerging from the quota reform movement. The AL leader fired at the crowd, leading to 3 people being killed, after which the mob set ablaze his house and beat and killed the AL leader along with 5 of his relatives. Total 9 fatalities.",9,"crowd size=a thousand",1723576772
BGD28079,"05 August 2024",2024,1,"Political violence",Riots,"Mob violence","Rioters (Bangladesh)",,Rioters,,,,"Rioters only",,50,"South Asia",Bangladesh,Rajshahi,Pabna,Santhia,Santhia,24.0532,89.5623,1,"Prothom Alo",National,"On 5 August 2024, a mob vandalized the residences of Awami League leaders and offices of Awami League in Santhia town, Santhia upazila (Pabna, Rajshahi), amid the outbreak of violence after the resignation of the Prime Minister, following anti-government demonstrations emerging from the quota reform movement.",0,"crowd size=no report",1723576772
BGD28080,"05 August 2024",2024,1,"Political violence",Riots,"Mob violence","Rioters (Bangladesh)",,Rioters,,,,"Rioters only",,50,"South Asia",Bangladesh,Dhaka,Faridpur,Sadarpur,Sadarpur,23.4617,90.0358,2,"Prothom Alo",National,"On 5 August 2024, unidentified persons vandalized a pharmacy and a grocery store (likely belonging to Hindus based on their names) in Hatkrishnapur market of Sadarpur upazila (Faridpur, Dhaka), amid the outbreak of violence after the resignation of the Prime Minister, following anti-government demonstrations emerging from the quota reform movement.",0,"crowd size=no report",1723576772
BGD28081,"05 August 2024",2024,1,"Political violence",Riots,"Mob violence","Rioters (Bangladesh)",,Rioters,,,,"Rioters only",,50,"South Asia",Bangladesh,Rajshahi,Rajshahi,Boalia,Rajshahi,24.374,88.6011,1,"Prothom Alo",National,"On 5 August 2024, unidentified persons vandalized and set ablaze various buildings including, the Rajshahi Metropolitan Police headquarters and Rajshahi Nagar building, offices of AL and its affiliate wings, properties within the North Bengal International University (founded by AL member) in Rajshahi city (Boalia), amid the outbreak of violence after the resignation of the Prime Minister, following anti-government demonstrations emerging from the quota reform movement. They also vandalized a branch of Agrani Bank and looted various goods including the air conditioner (AC), fan, computer, and curtain, from these buildings.",0,"crowd size=no report; local administrators",1723576772
BGD28082,"05 August 2024",2024,1,"Political violence",Riots,"Mob violence","Rioters (Bangladesh)",,Rioters,,,,"Rioters only",,50,"South Asia",Bangladesh,Chittagong,Khagrachhari,Panchhari,Panchhari,23.3147,91.9438,2,"Prothom Alo",National,"On 5 August 2024, unidentified persons vandalized the offices of Awami League in Panchhari upazila (Khagrachhari, Chittagong), amid the outbreak of violence after the resignation of the Prime Minister, following anti-government demonstrations emerging from the quota reform movement.",0,"crowd size=no report",1723576773
BGD28083,"05 August 2024",2024,1,"Political violence",Riots,"Mob violence","Rioters (Bangladesh)",,Rioters,,,,"Rioters only",,50,"South Asia",Bangladesh,Dhaka,Narayanganj,"Narayanganj Sadar",Narayanganj,23.6135,90.503,1,"Dhaka Tribune",National,"On 5 August 2024, unidentified persons set fire to the residence of member of parliament (AL), and district Awami League office, in Narayanganj city, Narayanganj Sadar (Dhaka), amid the outbreak of violence after the resignation of the Prime Minister, following anti-government demonstrations emerging from the quota reform movement.",0,"crowd size=no report",1723576773
BGD28084,"05 August 2024",2024,1,"Political violence",Riots,"Mob violence","Rioters (Bangladesh)",,Rioters,,,,"Rioters only",,50,"South Asia",Bangladesh,Mymensingh,Mymensingh,"Mymensingh Sadar",Mymensingh,24.7564,90.4065,1,"Prothom Alo",National,"On 5 August 2024, unidentified persons demolished the sculpture of the Greek goddess Venus in the middle of the Sashilj fountain in Mymensingh city (Bangladesh) amid the outbreak of violence after the resignation of the Prime Minister, following anti-government demonstrations emerging from the quota reform movement.",0,"crowd size=no report",1723576773
BGD28085,"05 August 2024",2024,1,"Political violence",Riots,"Mob violence","Rioters (Bangladesh)",,Rioters,,,,"Rioters only",,50,"South Asia",Bangladesh,Chittagong,Chittagong,Mirsharai,Mirsharai,22.7785,91.57,2,"Prothom Alo",National,"On 5 August 2024, unidentified vandalized the offices and establishments of Awami League leaders, rural electricity office, and municipality office in Mirsharai upazila (Chittagong), during victory processions amid the outbreak of violence after the resignation of the Prime Minister, following anti-government demonstrations emerging from the quota reform movement.",0,"crowd size=no report; local administrators",1723576773
BGD28086,"05 August 2024",2024,1,"Political violence",Riots,"Mob violence","Rioters (Bangladesh)",,Rioters,,,,"Rioters only",,50,"South Asia",Bangladesh,Chittagong,Khagrachhari,Manikchhari,Manikchhari,22.8396,91.8413,2,"Prothom Alo",National,"On 5 August 2024, unidentified persons vandalized the offices of Awami League in Manikchhari upazila (Khagrachhari, Chittagong), amid the outbreak of violence after the resignation of the Prime Minister, following anti-government demonstrations emerging from the quota reform movement.",0,"crowd size=no report",1723576773
BGD28087,"05 August 2024",2024,1,"Political violence",Riots,"Mob violence","Rioters (Bangladesh)","BNP: Bangladesh Nationalist Party; JeI: Jamaat-e-Islami",Rioters,,,,"Rioters only",,50,"South Asia",Bangladesh,Barisal,Patuakhali,"Kala Para",Kuakata,21.8233,90.1212,1,"Prothom Alo",National,"On 5 August 2024, participants of a victory rally vandalized the house and temple of Kuakata Municipal Awami League Joint General Secretary, a Hindu, Kuakata town (Patuakhali, Barishal), amid the outbreak of violence after the resignation of the Prime Minister, following anti-government demonstrations emerging from the quota reform movement. The victim claimed the role of local BNP and Jamat-e-Islami members. Local BNP leaders have denied the claim.",0,"crowd size=no report",1723576773
BGD28088,"05 August 2024",2024,1,"Political violence",Riots,"Mob violence","Rioters (Bangladesh)",,Rioters,,,,"Rioters only",,50,"South Asia",Bangladesh,Khulna,Khulna,Koyra,Koyra,22.3341,89.3016,2,"Prothom Alo",National,"On 5 August 2024, unidentified persons vandalized the house of a school teacher belonging to the Hindu community in Gariabari village, Koyra upazila (Khulna), amid the outbreak of violence after the resignation of the Prime Minister, following anti-government demonstrations emerging from the quota reform movement.",0,"crowd size=no report",1723576773
BGD28089,"05 August 2024",2024,1,"Political violence",Riots,"Mob violence","Rioters (Bangladesh)",,Rioters,,,,"Rioters only",,50,"South Asia",Bangladesh,Chittagong,Khagrachhari,"Khagrachhari Sadar",Khagrachhari,23.1079,91.9701,1,"Prothom Alo",National,"On 5 August 2024, unidentified persons vandalized the offices and residences of Awami League leaders in Khagrachhari city, Khagrachhari Sadar (Chittagong), amid the outbreak of violence after the resignation of the Prime Minister, following anti-government demonstrations emerging from the quota reform movement.",0,"crowd size=no report",1723576773
BGD28090,"05 August 2024",2024,1,"Political violence",Riots,"Mob violence","Rioters (Bangladesh)",,Rioters,,,,"Rioters only",,50,"South Asia",Bangladesh,Khulna,Jessore,Keshabpur,Keshabpur,22.9073,89.2195,1,"Prothom Alo",National,"On 5 August 2024, unidentified persons looted, vandalized, and set ablaze homes and shops of the Hindu community in Keshabpur city (Jessore, Khulna), amid the outbreak of violence after the resignation of the Prime Minister, following anti-government demonstrations emerging from the quota reform movement. A local BNP leader intervened to stop the incident and was later attacked (coded separately).",0,"crowd size=no report",1723576773
BGD28091,"05 August 2024",2024,1,"Political violence",Riots,"Mob violence","Rioters (Bangladesh)",,Rioters,,,,"Rioters only",,50,"South Asia",Bangladesh,Chittagong,Brahmanbaria,Kasba,Kasba,23.7481,91.1328,2,"Prothom Alo",National,"On 5 August 2024, unidentified persons vandalized and set fire to the residences of Awami League Law Minister in Kasba upazila (Brahmanbaria, Chittagong), amid the outbreak of violence after the resignation of the Prime Minister, following anti-government demonstrations emerging from the quota reform movement.",0,"crowd size=no report",1723576773
BGD28092,"05 August 2024",2024,1,"Political violence",Riots,"Mob violence","Rioters (Bangladesh)",,Rioters,,,,"Rioters only",,50,"South Asia",Bangladesh,Barisal,Jhalokati,"Jhalokati Sadar",Jhalokati,22.6409,90.1985,1,"Prothom Alo",National,"On 5 August 2024, a mob vandalized and set fire to the residences of Awami League MP, UP chairman, and other leaders, in Jhalokati city, Jhalokati Sadar (Barisal), amid the outbreak of violence after the resignation of the Prime Minister, following anti-government demonstrations emerging from the quota reform movement.",0,"crowd size=no report; local administrators",1723576773
BGD28094,"05 August 2024",2024,1,"Political violence",Riots,"Mob violence","Rioters (Bangladesh)",,Rioters,,,,"Rioters only",,50,"South Asia",Bangladesh,Rajshahi,Rajshahi,Godagari,Godagari,24.4683,88.3236,2,"Prothom Alo",National,"On 5 August 2024, unidentified persons set ablaze the house of the member of Ward No. 2 of Matikata Union of Godagari upazila (Rajshahi), amid the outbreak of violence after the resignation of the Prime Minister, following anti-government demonstrations emerging from the quota reform movement.",0,"crowd size=no report",1723576773
BGD28096,"05 August 2024",2024,1,"Political violence",Riots,"Mob violence","Rioters (Bangladesh)",,Rioters,,,,"Rioters only",,50,"South Asia",Bangladesh,Barisal,Barisal,Gaurnadi,Nalchira,22.9498,90.2885,1,"Prothom Alo",National,"On 5 August 2024, unidentified assailants attacked the house of Nalcira Union Awami League member, a Hindu, and vandalized the Nalcira Jubo League leader's house with bricks in Nalchira town (Barisal), amid the outbreak of violence after the resignation of the Prime Minister, following anti-government demonstrations emerging from the quota reform movement.",0,"crowd size=no report",1723576773
BGD28098,"05 August 2024",2024,1,"Political violence",Riots,"Mob violence","Rioters (Bangladesh)",,Rioters,,,,"Rioters only",,50,"South Asia",Bangladesh,Chittagong,Chandpur,Faridganj,Faridganj,23.1356,90.7434,2,"Prothom Alo",National,"On 5 August 2024, unidentified persons vandalized and set alight the house of Puranbazar Degree College Principal, belonging to the Hindu community in Faridganj upazila (Chandpur, Chittagong), amid the outbreak of violence after the resignation of the Prime Minister, following anti-government demonstrations emerging from the quota reform movement.",0,"crowd size=no report",1723576773
BGD28099,"05 August 2024",2024,1,"Political violence",Riots,"Mob violence","Rioters (Bangladesh)",,Rioters,,,,"Rioters only",,50,"South Asia",Bangladesh,Rangpur,Dinajpur,"Dinajpur Sadar",Dinajpur,25.6274,88.6377,2,"Prothom Alo",National,"On 5 August 2024, unidentified assailants vandalized and looted at least 10-15 Hindu houses and Hindu establishments, including an under-construction temple, and multiple houses of AL leaders in Dinajpur district (Rangpur), amid the outbreak of violence after the resignation of the Prime Minister, following anti-government demonstrations emerging from the quota reform movement.",0,"crowd size=no report",1723576773
BGD28100,"05 August 2024",2024,1,"Political violence",Riots,"Mob violence","Rioters (Bangladesh)",,Rioters,,,,"Rioters only",,50,"South Asia",Bangladesh,Chittagong,Khagrachhari,Dighinala,Dighinala,23.2878,92.0787,2,"Prothom Alo",National,"On 5 August 2024, a mob vandalized the offices of Awami League in Dighinala upazila (Khagrachhari, Chittagong), amid the outbreak of violence after the resignation of the Prime Minister, following anti-government demonstrations emerging from the quota reform movement.",0,"crowd size=no report",1723576773
BGD28101,"05 August 2024",2024,1,"Political violence",Riots,"Mob violence","Rioters (Bangladesh)",,Rioters,,,,"Rioters only",,50,"South Asia",Bangladesh,Dhaka,Dhaka,Tejgaon,"Dhaka - Tejgaon",23.7626,90.3913,1,"Dhaka Tribune",National,"On 5 August 2024, a mob set fire to the ATN Bangla office in Dhaka - Tejgaon (Tejgaon), amid the outbreak of violence after the resignation of the Prime Minister, following anti-government demonstrations emerging from the quota reform movement.",0,"crowd size=no report",1723576773
BGD28114,"05 August 2024",2024,1,"Political violence",Riots,"Mob violence","Rioters (Bangladesh)",,Rioters,,,,"Rioters only",,50,"South Asia",Bangladesh,Dhaka,Dhaka,Ramna,"Dhaka - Ramna",23.7454,90.4023,1,"Daily Star (Bangladesh)",National,"On 5 August 2024, a mob vandalized the residence of Chief Justice and looted valuables in Karkail area, Dhaka - Ramna (Ramna), amid the outbreak of violence after the resignation of the Prime Minister, following anti-government demonstrations emerging from the quota reform movement.",0,"crowd size=no report",1723576773
BGD28115,"05 August 2024",2024,1,"Political violence",Riots,"Mob violence","Rioters (Bangladesh)",,Rioters,,,,"Rioters only",,50,"South Asia",Bangladesh,Khulna,Khulna,Dacope,Banishanta,22.4605,89.5832,1,"Prothom Alo",National,"On 5 August 2024, unidentified persons vandalized the home of the Banishanta Union Parishad chairman (AL), belonging to the Hindu community in Banishanta village (Khulna), amid the outbreak of violence after the resignation of the Prime Minister, following anti-government demonstrations emerging from the quota reform movement.",0,"crowd size=no report; local administrators",1723576773
BGD28116,"05 August 2024",2024,1,"Political violence",Riots,"Mob violence","Rioters (Bangladesh)",,Rioters,,,,"Rioters only",,50,"South Asia",Bangladesh,Khulna,Khulna,Dacope,Amtala,22.4739,89.5765,1,"Prothom Alo",National,"On 5 August 2024, unidentified persons vandalized the home of a Banishanta Union Parishad member (AL), belonging to the Hindu community in Amtala village, Dacope upazila (Khulna), amid the outbreak of violence after the resignation of the Prime Minister, following anti-government demonstrations emerging from the quota reform movement.",0,"crowd size=no report; local administrators",1723576773
BGD28117,"05 August 2024",2024,1,"Political violence",Riots,"Mob violence","Rioters (Bangladesh)",,Rioters,,,,"Rioters only",,50,"South Asia",Bangladesh,Khulna,Khulna,Dacope,Dacope,22.5816,89.4874,2,"Prothom Alo",National,"On 5 August 2024, unidentified persons vandalized several houses of Hindu persons and AL leaders in Dacope upazila (Khulna), amid the outbreak of violence after the resignation of the Prime Minister, following anti-government demonstrations emerging from the quota reform movement. These include the home of Kailasganj Union Parishad chairman, belonging to the Hindu community in Ramnagar village, a Hindu person's house in Dhopadi Madhyapara village, the Kamarkhola Union Parishad chairman's (AL, Hindu) house in Vitabhanga village, the house of the former chairman of Tildanga Union Parishad (Hindu) in Kaminibasia village, Tildanga Union Awami League general secretary's (Hindy) house and another Hindu person's house in Botbunia village.",0,"crowd size=no report; local administrators",1723576773
BGD28118,"05 August 2024",2024,1,"Political violence",Riots,"Mob violence","Rioters (Bangladesh)",,Rioters,,,,"Rioters only",,50,"South Asia",Bangladesh,Khulna,Khulna,Dacope,Tildanga,22.5955,89.4681,1,"Prothom Alo",National,"On 5 August 2024, unidentified persons vandalized the house of 2 persons belonging to the Hindu community in Tildanga village, Dacope upazila (Khulna), amid the outbreak of violence after the resignation of the Prime Minister, following anti-government demonstrations emerging from the quota reform movement.",0,"crowd size=no report",1723576773
BGD28119,"05 August 2024",2024,1,"Political violence",Riots,"Mob violence","Rioters (Bangladesh)",,Rioters,,,,"Rioters only",,50,"South Asia",Bangladesh,Chittagong,"Cox's Bazar","Cox's Bazar Sadar","Cox's Bazar",21.4397,92.0095,1,"Prothom Alo",National,"On 5 August 2024, people vandalized, looted, and set ablaze police stations, residences of Awami League leaders, hotels, and other structures in Cox's Bazar city (Cox's Bazar, Chittagong), amid the outbreak of violence after the resignation of the Prime Minister, following anti-government demonstrations emerging from the quota reform movement.",0,"crowd size=no report",1723576773
BGD28121,"05 August 2024",2024,1,"Political violence",Riots,"Mob violence","Rioters (Bangladesh)",,Rioters,,,,"Rioters only",,50,"South Asia",Bangladesh,Chittagong,Chandpur,Shahrasti,Shahrasti,23.231,90.9466,2,"Financial Express (Bangladesh)",National,"On 5 August 2024, an anti-Awami League mob vandalized the house of a Union Parishad (UP) chairman and upazila unit Awami League (AL) leader in Suchipara south under Shahrasti upazila (Chandpur, Chittagong), amid the outbreak of violence after the resignation of the Prime Minister, following anti-government demonstrations emerging from the quota reform movement. The Union Parishad (UP) chairman died due to drowning in a pond.",0,"crowd size=no report; local administrators",1723576773
BGD28122,"05 August 2024",2024,1,"Political violence",Riots,"Mob violence","Rioters (Bangladesh)",,Rioters,,,,"Rioters only",,50,"South Asia",Bangladesh,Chittagong,"Cox's Bazar",Chakaria,Chakaria,21.7866,92.0783,2,"Prothom Alo",National,"On 5 August 2024, a mob vandalized the offices and establishments of Awami League leaders in Chakaria upazila (Cox's Bazar, Chittagong), amid the outbreak of violence after the resignation of the Prime Minister, following anti-government demonstrations emerging from the quota reform movement.",0,"crowd size=no report",1723576773
BGD28123,"05 August 2024",2024,1,"Political violence",Riots,"Mob violence","Rioters (Bangladesh)",,Rioters,,,,"Rioters only",,50,"South Asia",Bangladesh,Rangpur,Panchagarh,Boda,Boda,26.1998,88.5552,2,"Prothom Alo",National,"On 5 August 2024, a mob vandalized the residences of Awami league leaders, including the Union Parishad chairman, in Boda upazila (Panchagarh, Rangpur), amid the outbreak of violence after the resignation of the Prime Minister, following anti-government demonstrations emerging from the quota reform movement.",0,"crowd size=no report; local administrators",1723576773
BGD28125,"05 August 2024",2024,1,"Political violence",Riots,"Mob violence","Rioters (Bangladesh)",,Rioters,,,,"Rioters only",,50,"South Asia",Bangladesh,Rajshahi,Pabna,Bera,Bera,24.0782,89.6326,1,"Prothom Alo",National,"On 5 August 2024, a mob vandalized the residences of Awami League Deputy Speaker in Bera municipality, Bera upazila (Pabna, Rajshahi), amid the outbreak of violence after the resignation of the Prime Minister, following anti-government demonstrations emerging from the quota reform movement.",0,"crowd size=no report",1723576773
BGD28127,"05 August 2024",2024,1,"Political violence",Riots,"Mob violence","Rioters (Bangladesh)",,Rioters,,,,"Rioters only",,50,"South Asia",Bangladesh,Chittagong,Bandarban,"Bandarban Sadar",Bandarban,22.1953,92.2195,1,"Prothom Alo",National,"On 5 August 2024, a mob vandalized the office of Awami League, and statue of Bangabandhu (founding leader) in Bandarban city, Bandarban Sadar (Chittagong), amid the outbreak of violence after the resignation of the Prime Minister, following anti-government demonstrations emerging from the quota reform movement.",0,"crowd size=no report",1723576773
BGD28128,"05 August 2024",2024,1,"Political violence",Riots,"Mob violence","Rioters (Bangladesh)",,Rioters,"Rioters (Bangladesh)","AL: Bangladesh Awami League; Hindu Group (Bangladesh)",Rioters,Rioters-Rioters,,50,"South Asia",Bangladesh,Khulna,Jessore,Bagherpara,Narikelbaria,23.2843,89.3504,1,"Prothom Alo",National,"On 5 August 2024, unidentified persons vandalized the house of the Narikelbaria Union Parishad (UP) Chairman from the Hindu community (and likely AL supporter based on political context), and other Hindu persons' houses, in Narikelbaria village (Jessore, Khulna), amid the outbreak of violence after the resignation of the Prime Minister, following anti-government demonstrations emerging from the quota reform movement. They took one Hindu family hostage and looted valuables. Several hundred people attacked, and looted at least 25 shops, including 20 owned by Hindus in Narikelbaria market.",0,"crowd size=several 100; local administrators",1723576773
BGD28129,"05 August 2024",2024,1,"Political violence",Riots,"Mob violence","Rioters (Bangladesh)",,Rioters,,,,"Rioters only",,50,"South Asia",Bangladesh,Chittagong,Rangamati,Bagaichhari,Baghaichhari,23.1613,92.2763,2,"Prothom Alo",National,"On 5 August 2024, a mob vandalized the offices and establishments of Awami League leaders in Baghaichhari upazila (Bagaichhari, Rangamati, Chittagong), amid the outbreak of violence after the resignation of the Prime Minister, following anti-government demonstrations emerging from the quota reform movement.",0,"crowd size=no report",1723576773
BGD28130,"05 August 2024",2024,1,"Political violence",Riots,"Mob violence","Rioters (Bangladesh)",,Rioters,,,,"Rioters only",,50,"South Asia",Bangladesh,Dhaka,Faridpur,Madhukhali,Bagat,23.5273,89.5887,1,"Prothom Alo",National,"On 5 August 2024, unidentified persons vandalized, looted and set alight shops belonging to the Hindu community in Bagat Bazar area of Bagat Union, Madhukhali upazila (Faridpur, Dhaka), amid the outbreak of violence after the resignation of the Prime Minister, following anti-government demonstrations emerging from the quota reform movement.",0,"crowd size=no report",1723576773
BGD28131,"05 August 2024",2024,1,"Political violence",Riots,"Mob violence","Rioters (Bangladesh)",,Rioters,,,,"Rioters only",,50,"South Asia",Bangladesh,Dhaka,Faridpur,Madhukhali,Bagat,23.5273,89.5887,2,"Prothom Alo",National,"On 5 August 2024, unidentified persons vandalized and looted the house of Hindu school teacher in Sitarampur village of Bagat Union, Madhukhali upazila (Faridpur, Dhaka), amid the outbreak of violence after the resignation of the Prime Minister, following anti-government demonstrations emerging from the quota reform movement.",0,"crowd size=no report",1723576773
BGD28132,"05 August 2024",2024,1,"Political violence",Riots,"Mob violence","Rioters (Bangladesh)",,Rioters,"Civilians (Bangladesh)","Hindu Group (Bangladesh)",Civilians,Rioters-Civilians,"Civilian targeting",50,"South Asia",Bangladesh,Khulna,Jessore,Abhaynagar,Abhaynagar,23.028,89.4252,2,"Prothom Alo",National,"On 5 August 2024, an armed group of 10 to 12 people entered a Hindu household, assaulted members, and looted valuables in Jaikhola village of Abhaynagar Upazila (Jessore, Khulna), amid the outbreak of violence after the resignation of the Prime Minister, following anti-government demonstrations emerging from the quota reform movement. 3 people inside the house were beaten.",0,"crowd size=10-12",1723576773
BGD28133,"05 August 2024",2024,1,"Political violence",Riots,"Mob violence","Rioters (Bangladesh)",,Rioters,,,,"Rioters only",,50,"South Asia",Bangladesh,Khulna,Jessore,Abhaynagar,Barandi,22.9549,89.3827,1,"Prothom Alo",National,"On 5 August 2024, a group of people attacked 5 Hindu houses, including the house of the AL member of Ward No. 6 of Payra Union Parishad and former chairman of Payra UP, and looted valuables in Barandi village under Abhaynagar upazila (Jassore, Khulna) amid the outbreak of violence after the resignation of the Prime Minister, following anti-government demonstrations emerging from the quota reform movement.",0,"crowd size=no report; local administrators",1723576773
BGD28134,"05 August 2024",2024,1,"Political violence",Riots,"Mob violence","Rioters (Bangladesh)",,Rioters,,,,"Rioters only",,50,"South Asia",Bangladesh,Khulna,Jessore,Abhaynagar,Dhopadi,23.0312,89.37,1,"Prothom Alo",National,"On 5 August 2024, a group of people attacked and looted a Hindu businessman's house in Dhopadi village (Jassore, Khulna) amid the outbreak of violence after the resignation of the Prime Minister, following anti-government demonstrations emerging from the quota reform movement.",0,"crowd size=no report",1723576773
BGD28135,"05 August 2024",2024,1,"Political violence",Riots,"Mob violence","Rioters (Bangladesh)","AL: Bangladesh Awami League",Rioters,"Rioters (Bangladesh)","BNP: Bangladesh Nationalist Party",Rioters,Rioters-Rioters,,50,"South Asia",Bangladesh,Khulna,Satkhira,"Satkhira Sadar",Mrigidanga,22.7536,88.9697,1,"Prothom Alo",National,"On 5 August 2024, members of Awami League and BNP clashed in Mrigadanga village, Sadar Upazila (Satkhira, Khulna), amid the outbreak of violence after the resignation of the Prime Minister, following anti-government demonstrations emerging from the quota reform movement. Four persons, including two Awami League and two BNP members, were killed.",4,"crowd size=no report",1723576773
BGD28136,"05 August 2024",2024,1,"Political violence",Riots,"Mob violence","Rioters (Bangladesh)",,Rioters,"Civilians (Bangladesh)","AL: Bangladesh Awami League; Civilians (Indonesia); Hindu Group (Bangladesh); Labor Group (Bangladesh)",Civilians,Rioters-Civilians,"Civilian targeting",50,"South Asia",Bangladesh,Khulna,Jessore,"Jessore Sadar",Jessore,23.1697,89.2137,1,"Dhaka Tribune; Prothom Alo",National,"On 5 August 2024, a mob set ablaze the Jabir International, a five-star hotel owned by Jessore district Awami League general secretary, in Jessore city (Khulna), amid the outbreak of violence after the resignation of the Prime Minister, following anti-government demonstrations emerging from the quota reform movement. 24 persons were killed, including a labourer and an Indonesian national. 24 persons were rescued and admitted to the hospital in critical condition. A mob also attacked and vandalized several homes of the Hindu community with ramdas (machetes) and sticks located in the Bejpara area, while residents were inside, and looted commercial shops belonging to persons from the Hindu community, including AL members, on Railway Road.",24,"crowd size=no report",1723576773
BGD28143,"05 August 2024",2024,1,"Political violence",Riots,"Mob violence","Rioters (Bangladesh)",,Rioters,"Civilians (Bangladesh)","AL: Bangladesh Awami League",Civilians,Rioters-Civilians,"Civilian targeting",50,"South Asia",Bangladesh,Rangpur,Lalmonirhat,"Lalmonirhat Sadar",Lalmonirhat,25.9171,89.4459,1,"Prothom Alo",National,"On 5 August 2024, a mob vandalized and set ablaze the Lalmonirhat District Awami League Joint General Secretary's house in Lalmonirhat city (Rangpur), during a victory procession after the resignation of the Prime Minister, following anti-government demonstrations emerging from the quota reform movement. They also vandalized and set ablaze the residence of Lalmonirhat-3 (Sadar) Constituency Member of Parliament and District Awami League General Secretary in the Ukilpara area.",6,"crowd size=no report",1723576773
BGD28146,"05 August 2024",2024,1,"Political violence",Riots,"Mob violence","Rioters (Bangladesh)",,Rioters,"Civilians (Bangladesh)","Ahmadiyya Muslim Group (Bangladesh); AL: Bangladesh Awami League",Civilians,Rioters-Civilians,"Civilian targeting",50,"South Asia",Bangladesh,Rangpur,Panchagarh,"Panchagarh Sadar",Panchagarh,26.3334,88.5578,1,"Prothom Alo",National,"On 5 August 2024, unidentified persons attacked, vandalized, looted, and set ablaze various structures, including around half a hundred houses, of the Ahmadiyya community, including of AL leaders, in Ahmednagar and Shalshiri areas on the outskirts of Panchagarh city (Panchagarh city, Rangpur), amid the outbreak of violence after the resignation of the Prime Minister, following anti-government demonstrations emerging from the quota reform movement. At least 20 people in the Ahmadiyya community were injured in their attack.",0,"crowd size=no report",1723576773
BGD28148,"05 August 2024",2024,1,Demonstrations,Riots,"Violent demonstration","Rioters (Bangladesh)",,Rioters,"Civilians (Bangladesh)","AL: Bangladesh Awami League",Civilians,Rioters-Civilians,,50,"South Asia",Bangladesh,Rangpur,Dinajpur,Hakimpur,Hakimpur,25.2826,89.0191,1,"Prothom Alo",National,"On 5 August 2024, demonstrators set ablaze the house of the Municipal Mayor (AL) in Hakimpur town (Dinajpur, Rangpur), amid ongoing demonstrations demanding resignation of the Prime Minister for deaths during the quota reform movement. Two persons trapped inside the building died.",2,"crowd size=no report; local administrators",1723576773
BGD28153,"05 August 2024",2024,1,"Political violence",Riots,"Mob violence","Rioters (Bangladesh)",,Rioters,,,,"Rioters only",,50,"South Asia",Bangladesh,Mymensingh,Sherpur,"Sherpur Sadar",Sherpur,25.0188,90.0175,1,"Dhaka Tribune",National,"On 5 August 2024, a mob, using sticks and local weapons, vandalized and set fire to Sherpur district jail, in Sherpur town, Sherpur Sadar (Mymensingh), amid the outbreak of violence after the resignation of the Prime Minister, following anti-government demonstrations emerging from the quota reform movement. Police fired gunshots when the mob tried to enter the police station. At least 500 prisoners escaped during the incident. Several other government establishments, including local government offices, in the area were set on fire.",0,"crowd size=no report; local administrators",1723576773
BGD28267,"05 August 2024",2024,1,Demonstrations,Riots,"Violent demonstration","Rioters (Bangladesh)","Students (Bangladesh)",Rioters,,,,"Rioters only",,50,"South Asia",Bangladesh,Dhaka,Dhaka,Dhanmondi,"Dhaka - Dhanmondi",23.7435,90.3737,1,"Dhaka Tribune",National,"On 5 August 2024, anti-quota student demonstrators set fire to Bangabandhu Memorial Museum and district Awami League office in Dhaka - Dhanmondi (Dhanmondi), amid the outbreak of violence after the resignation of the Prime Minister, following anti-government demonstrations emerging from the quota reform movement.",0,"crowd size=no report",1723576773
BGD28293,"05 August 2024",2024,1,"Political violence",Riots,"Mob violence","Rioters (Bangladesh)",,Rioters,"Civilians (Bangladesh)","AL: Bangladesh Awami League",Civilians,Rioters-Civilians,"Civilian targeting",50,"South Asia",Bangladesh,Rajshahi,Natore,"Natore Sadar",Natore,24.4111,88.9867,1,"Prothom Alo",National,"On 5 August 2024, people set alight the house of Member of Parliament of Natore-2 Constituency (AL) in Natore city (Khulna), following the resignation of PM, amid the outbreak of violence after the resignation of the Prime Minister, following anti-government demonstrations emerging from the quota reform movement. 4 dead bodies were recovered from the house, which was burned.",4,"crowd size=no report",1723576773
BGD28294,"05 August 2024",2024,1,"Political violence",Riots,"Mob violence","Rioters (Bangladesh)",,Rioters,,,,"Rioters only",,50,"South Asia",Bangladesh,Barisal,Barguna,Patharghata,Patharghata,22.045,89.9683,1,"Prothom Alo",National,"On 5 August 2024, unidentified persons attacked and vandalized the house of Awami League leader and former Member of Parliament in Patharghata city (Barguna, Barisal), amid the outbreak of violence after the resignation of the Prime Minister, following anti-government demonstrations emerging from the quota reform movement. They also vandalized the house of a Central Jubo League Presidium member from the Hindu community in Patharghata city.",0,"crowd size=no report",1723576773
BGD28295,"05 August 2024",2024,1,"Political violence",Riots,"Mob violence","Rioters (Bangladesh)",,Rioters,,,,"Rioters only",,50,"South Asia",Bangladesh,Chittagong,"Cox's Bazar",Maheshkhali,"Bara Maheskhali",21.53,91.9501,2,"Prothom Alo",National,"On 5 August 2024, unidentified assailants attacked and set ablaze the residence of three Awami League leaders in Maheshkhali upazila (coded to Bara Maheskhali, Cox's Bazar), amid the outbreak of violence after the resignation of the Prime Minister, following anti-government demonstrations emerging from the quota reform movement.",0,"crowd size=no report",1723576773
BGD28296,"05 August 2024",2024,1,Demonstrations,Protests,"Peaceful protest","Protesters (Bangladesh)",,Protesters,,,,"Protesters only",,50,"South Asia",Bangladesh,Dhaka,Dhaka,Savar,Savar,23.8486,90.25,1,"Prothom Alo",National,"On 5 August 2024, a crowd staged a protest in front of the Dendabar Military Police Checkpost in Savar Cantonment (Dhaka) demanding the Army to hand over the policemen accused of firing at soldiers due to a misunderstanding. The crowd dispersed after the Army personnel assured them of taking legal action against the policemen.",0,"crowd size=no report",1723576773
BGD28302,"05 August 2024",2024,2,"Political violence",Riots,"Mob violence","Rioters (Bangladesh)",,Rioters,,,,"Rioters only",,50,"South Asia",Bangladesh,Barisal,Barguna,Patharghata,Patharghata,22.045,89.9683,1,"Prothom Alo",National,"Around 5 August 2024 (between 5 - 6 August), unidentified persons attacked, vandalized and looted several establishments of Awami League leaders in Patharghata city (Barguna, Barisal), amid the outbreak of violence after the resignation of the Prime Minister, following anti-government demonstrations emerging from the quota reform movement. These include the local Awami League office, chambers of a pro-AL lawyer, the UP chairman (AL)'s office and at least 8 shops and 3 bus counters owned by AL supporters or leaders.",0,"crowd size=no report; local administrators",1723576773
BGD28305,"05 August 2024",2024,1,"Political violence",Riots,"Mob violence","Rioters (Bangladesh)",,Rioters,,,,"Rioters only",,50,"South Asia",Bangladesh,Barisal,Patuakhali,"Kala Para",Kalapara,21.9845,90.2296,1,"Prothom Alo",National,"On 5 August 2024, unidentified persons vandalized the house of the mayor (AL) from the Hindu community in Kalapara town (Patuakhali, Barishal), amid the outbreak of violence after the resignation of the Prime Minister, following anti-government demonstrations emerging from the quota reform movement.",0,"crowd size=no report; local administrators",1723576773
BGD28306,"05 August 2024",2024,1,"Political violence",Riots,"Mob violence","Rioters (Bangladesh)",,Rioters,"Civilians (Bangladesh)","Hindu Group (Bangladesh)",Civilians,Rioters-Civilians,"Civilian targeting",50,"South Asia",Bangladesh,Khulna,Jessore,Bagherpara,Bagharpara,23.3206,89.2388,2,"Prothom Alo",National,"On 5 August 2024, 10-12 persons looted belongings from Hindpara area of Shabrat village in Bagharpara upazila (Jessore, Khulna) inhabited by 65 Hindu families, demanding 'subscription' amid the outbreak of violence after the resignation of the Prime Minister, following anti-government demonstrations emerging from the quota reform movement. 1 man (likely Hindu based on location) was assaulted when he was unable to pay.",0,"crowd size=10-12",1723576773
BGD28307,"05 August 2024",2024,1,"Political violence",Riots,"Mob violence","Rioters (Bangladesh)",,Rioters,,,,"Rioters only",,50,"South Asia",Bangladesh,Khulna,Jessore,Bagherpara,Sekandarpur,23.2829,89.2848,1,"Prothom Alo",National,"On 5 August 2024, unidentified masked persons attacked and looted three Hindu houses in Sekandarpur village (Jessore, Khulna) amid the outbreak of violence after the resignation of the Prime Minister, following anti-government demonstrations emerging from the quota reform movement.",0,"crowd size=no report",1723576773
BGD28309,"05 August 2024",2024,1,"Political violence",Riots,"Mob violence","Rioters (Bangladesh)",,Rioters,,,,"Rioters only",,50,"South Asia",Bangladesh,Khulna,Jessore,Manirampur,Manirampur,23.0263,89.234,2,"Prothom Alo",National,"On 5 August 2024, unidentified persons attacked, set ablaze and looted belongings from a house and 2 business establishments belonging to a Hindu person in Manirampur upazila (Jessore, Khulna) amid the outbreak of violence after the resignation of the Prime Minister, following anti-government demonstrations emerging from the quota reform movement.",0,"crowd size=no report",1723576773
BGD28017,"05 August 2024",2024,1,"Political violence",Riots,"Mob violence","Rioters (Bangladesh)",,Rioters,"Police Forces of Bangladesh (2009-2024)",,"State forces","State forces-Rioters",,50,"South Asia",Bangladesh,Chittagong,"Cox's Bazar","Cox's Bazar Sadar",Eidgaon,21.5528,92.0679,1,"Prothom Alo",National,"On 5 August 2024, unidentified assailants attacked, looted, and set ablaze Eidgaon police station (Cox's Bazar, Chittagong), amid the outbreak of violence after the resignation of the Prime Minister, following anti-government demonstrations emerging from the quota reform movement.",0,"crowd size=no report",1724113674
BGD28050,"05 August 2024",2024,1,"Political violence",Riots,"Mob violence","Rioters (Bangladesh)",,Rioters,"Civilians (Bangladesh)","Government of Bangladesh (2009-2024); Jubo League",Civilians,Rioters-Civilians,"Civilian targeting",50,"South Asia",Bangladesh,Chittagong,Noakhali,Sonaimuri,Amishapara,23.0184,91.0459,1,"Prothom Alo",National,"On 5 August 2024, unidentified persons hacked and killed a UP member from the Jubo League at his house in Amishapara city (Noakhali, Chittagong), amid the outbreak of violence after the resignation of the Prime Minister, following anti-government demonstrations emerging from the quota reform movement.",1,"crowd size=no report; local administrators",1724113674
BGD28057,"05 August 2024",2024,1,"Political violence",Riots,"Mob violence","Rioters (Bangladesh)",,Rioters,"Civilians (Bangladesh)","AL: Bangladesh Awami League; Government of Bangladesh (2009-2024); Labor Group (Bangladesh)",Civilians,Rioters-Civilians,"Civilian targeting",50,"South Asia",Bangladesh,Khulna,Jhenaidah,"Jhenaidah Sadar",Jhenaidah,23.5425,89.1749,1,"Prothom Alo",National,"On 5 August 2024, a mob killed a UP chairman (AL) and his driver, and vandalized his residence in Jhenaidah city, Jhenaidah Sadar (Khulna), amid the outbreak of violence after the resignation of the Prime Minister, following anti-government demonstrations emerging from the quota reform movement. Demonstrators hung the UP chairman's body from the public square. 1 other was killed, and 9 were injured in the incident.",3,"crowd size=no report; local administrators",1724113674
BGD28067,"05 August 2024",2024,1,"Political violence",Riots,"Mob violence","Rioters (Bangladesh)",,Rioters,"Police Forces of Bangladesh (2009-2024)",,"State forces","State forces-Rioters",,50,"South Asia",Bangladesh,Chittagong,Noakhali,Sonaimuri,Sonaimuri,23.0519,91.1078,2,"Prothom Alo",National,"On 5 August 2024, a mob of thousands clashed with police forces using brickbats at a police station in Sonaimuri upazila (Noakhali, Chittagong), amid the outbreak of violence after the resignation of the Prime Minister, following anti-government demonstrations emerging from the quota reform movement. Police fired gunshots during the clash. 7 people were killed, including 3 police personnel, and 50 were injured.",7,"crowd size=thousands",1724113674
BGD28069,"05 August 2024",2024,1,"Political violence",Riots,"Mob violence","Rioters (Bangladesh)",,Rioters,"Police Forces of Bangladesh (2009-2024)",,"State forces","State forces-Rioters",,50,"South Asia",Bangladesh,Dhaka,Manikganj,Shivalaya,Shivalaya,23.8363,89.7835,1,"Prothom Alo",National,"On 5 August 2024, people clashed with Naval police and set ablaze the Shivaloy Naval Police Station and Shivaloy Police Shivalaya upazila (Manikganj, Dhaka), amid the outbreak of violence after the resignation of the Prime Minister, following anti-government demonstrations emerging from the quota reform movement. Naval Police fired at the people. One student was killed.",1,"crowd size=no report",1724113674
BGD28070,"05 August 2024",2024,1,"Political violence",Riots,"Mob violence","Rioters (Bangladesh)",,Rioters,"Police Forces of Bangladesh (2009-2024)",,"State forces","State forces-Rioters",,50,"South Asia",Bangladesh,Khulna,Satkhira,"Satkhira Sadar",Satkhira,22.7082,89.0719,1,"Prothom Alo",National,"On 5 August 2024, unidentified persons set ablaze various police stations, including Satkhira Sadar and the traffic office, and multiple houses belonging to AL supporters in Satkhira city, Sadar Upazila (Satkhira, Khulna), amid the outbreak of violence after the resignation of the Prime Minister, following anti-government demonstrations emerging from the quota reform movement.",0,"crowd size=no report",1724113674
BGD28071,"05 August 2024",2024,1,"Political violence",Riots,"Mob violence","Rioters (Bangladesh)",,Rioters,"Police Forces of Bangladesh (2009-2024)",,"State forces","State forces-Rioters",,50,"South Asia",Bangladesh,Chittagong,Noakhali,Chatkhil,Chatkhil,23.0635,90.9716,2,"Prothom Alo",National,"On 5 August 2024, a mob clashed with police forces and vandalized a police station in Chatkhil upazila (Noakhali, Chittagong), during a victory procession amid the outbreak of violence after the resignation of the Prime Minister, following anti-government demonstrations emerging from the quota reform movement. Injuries unknown.",0,"crowd size=no report",1724113674
BGD28072,"05 August 2024",2024,1,"Political violence",Riots,"Mob violence","Rioters (Bangladesh)",,Rioters,"Police Forces of Bangladesh (2009-2024)",,"State forces","State forces-Rioters",,50,"South Asia",Bangladesh,Chittagong,Brahmanbaria,"Brahmanbaria Sadar",Brahmanbaria,23.9746,91.1123,2,"Prothom Alo",National,"On 5 August 2024, a mob surrounded and repeatedly attacked the Sadar police station with bricks, set ablaze the police station, staff quarters, and vehicles parked outside and inside the Sadar police station, and looted furniture, in Brahmanbaria Sadar Upazila (Brahmanbaria, Chittagong), amid the outbreak of violence after the resignation of the Prime Minister, following anti-government demonstrations emerging from the quota reform movement. The police fired rubber bullets and tear gas at the mob. Later, Army troopers rescued the policemen.",0,"crowd size=no report",1724113674
BGD28073,"05 August 2024",2024,1,"Political violence",Riots,"Mob violence","Rioters (Bangladesh)",,Rioters,"Police Forces of Bangladesh (2009-2024)",,"State forces","State forces-Rioters",,50,"South Asia",Bangladesh,Rajshahi,Bogra,"Bogra Sadar",Bogra,24.853,89.3732,1,"Prothom Alo",National,"On 5 August 2024, participants of a victory procession attacked, vandalized, looted weapons and set ablaze the Sadar police station building, Sadar Circle office, police plaza, and Sadar police outpost in Bogra city, Bogra Sadar (Rajshahi), amid the outbreak of violence after the resignation of the Prime Minister, following anti-government demonstrations emerging from the quota reform movement. Police fired at them. One unidentified person was killed. The army later evacuated the policemen.",1,"crowd size=no report",1724113674
BGD28074,"05 August 2024",2024,1,"Political violence",Riots,"Mob violence","Rioters (Bangladesh)",,Rioters,"Police Forces of Bangladesh (2009-2024)",,"State forces","State forces-Rioters",,50,"South Asia",Bangladesh,Rangpur,Dinajpur,Bochaganj,Bochaganj,25.8054,88.4594,1,"Prothom Alo",National,"On 5 August 2024, unidentified assailants attacked, looted at least 50 weapons, and set ablaze the Bochaganj police station (Dinajpur district, Rangpur), amid the outbreak of violence after the resignation of the Prime Minister, following anti-government demonstrations emerging from the quota reform movement.",0,"crowd size=no report",1724113674
BGD28075,"05 August 2024",2024,1,"Political violence",Riots,"Mob violence","Rioters (Bangladesh)",,Rioters,"Police Forces of Bangladesh (2009-2024)",,"State forces","State forces-Rioters",,50,"South Asia",Bangladesh,Dhaka,Gazipur,"Gazipur Sadar",Basan,23.9686,90.348,1,"Prothom Alo",National,"On 5 August 2024, hundreds of persons holding sticks held a procession, attacked, assaulted and killed a fleeing police constable, vandalized, and set alight the Basan police station in Gazipur city (Sreepur), amid the outbreak of violence after the resignation of the Prime Minister, following anti-government demonstrations emerging from the quota reform movement. The mob were shouting 'fake'.",1,"crowd size=hundreds",1724113674
BGD28077,"05 August 2024",2024,1,"Political violence",Riots,"Mob violence","Rioters (Bangladesh)",,Rioters,"Rioters (Bangladesh)","AL: Bangladesh Awami League; Government of Bangladesh (2009-2024)",Rioters,Rioters-Rioters,,50,"South Asia",Bangladesh,Khulna,Khulna,Koyra,Koyra,22.3341,89.3016,1,"Prothom Alo",National,"On 5 August 2024, unidentified persons assaulted and killed the Upazila Awami League President and Upazila Chairman, his driver, and personal assistant, and set alight his house in Koyra Sadar (Khulna), amid the outbreak of violence after the resignation of the Prime Minister, following anti-government demonstrations emerging from the quota reform movement. The deceased had opened fire at the crowd, following which the mob beat him to death. 10 persons were injured.",3,"crowd size=no report",1724113674
BGD28078,"05 August 2024",2024,1,"Political violence",Riots,"Mob violence","Rioters (Bangladesh)",,Rioters,"Rioters (Bangladesh)","Government of Bangladesh (2009-2024)",Rioters,Rioters-Rioters,,50,"South Asia",Bangladesh,Chittagong,Chandpur,"Chandpur Sadar",Balia,23.1729,90.6823,2,"Dhaka Tribune",National,"On 5 August 2024, a mob assaulted and killed a UP chairman and his son (film actor) in Balia union, (Chandpur, Chittagong), amid the outbreak of violence after the resignation of the Prime Minister, following anti-government demonstrations emerging from the quota reform movement. The deceased retaliated with gunfire but were caught, assaulted and killed by the demonstrators.",2,"crowd size=no report",1724113674
BGD28142,"05 August 2024",2024,1,"Political violence",Riots,"Mob violence","Rioters (Bangladesh)",,Rioters,"Police Forces of Bangladesh (2009-2024)","AL: Bangladesh Awami League; Government of Bangladesh (2009-2024); Police Forces of Bangladesh (2009-2024) Prison Guards","State forces","State forces-Rioters",,50,"South Asia",Bangladesh,Chittagong,Chittagong,Pahartali,Chittagong,22.3571,91.7823,1,"Prothom Alo",National,"On 5 August 2024, a mob set ablaze several properties in Chittagong city (Pahartali), during a victory procession after the resignation of the Prime Minister, following anti-government demonstrations emerging from the quota reform movement. These include 6 police stations, including Chandgaon, Patenga, EPZ, Kotwali, Akbar Shah and Paharthali stations, which were vandalized and set ablaze. They looted weapons and ammunition. Several policemen were injured. Police responded with tear gas and rubber bullets. Rioters also attacked the Chittagong Central Jail, prison guards fired from inside killing 1. The City Corporation Mayor's house was set ablaze, while a councillor and Jubo League leader's house was attacked. The councillor was inside his house at the time of the incident. Rioters also set ablaze the city Awami League office.",1,"crowd size=no report; local administrators",1724113674
BGD28151,"05 August 2024",2024,1,Demonstrations,Protests,"Peaceful protest","Protesters (Bangladesh)","Former Military Forces of Bangladesh (2009-2024)",Protesters,,,,"Protesters only",,50,"South Asia",Bangladesh,Dhaka,Dhaka,Cantonment,"Dhaka - Cantonment",23.8182,90.4052,1,"Prothom Alo",National,"On 5 August 2024, some former army officers and relatives of the missing persons gathered at Kachukshe area outside the DGFI headquarters in Dhaka - Cantonment (Cantonment), demanding the release of the 'Aynaghar (mirror house) prisoners' (detention centre) of the Directorate of Forces Intelligence (DGFI).",0,"crowd size=some",1724113674
BGD28154,"05 August 2024",2024,1,"Political violence",Riots,"Mob violence","Rioters (Bangladesh)","Students (Bangladesh)",Rioters,"Police Forces of Bangladesh (2009-2024)",,"State forces","State forces-Rioters",,50,"South Asia",Bangladesh,Sylhet,Sylhet,"Sylhet Sadar",Sylhet,24.899,91.872,1,"New Nation (Bangladesh); Prothom Alo",National,"On 5 August 2024, thousands of locals, including students, vandalized and set fire to the residences of Awami League State Minister for Expatriates and Foreign Employment, other AL leaders, and business establishments, in Sylhet city, Sylhet Sadar, amid the outbreak of violence after the resignation of the Prime Minister, following anti-government demonstrations emerging from the quota reform movement. They also clashed with police. At least 20 persons were injured.",0,"crowd size=no report",1724113674
BGD28205,"05 August 2024",2024,1,Demonstrations,Riots,"Violent demonstration","Rioters (Bangladesh)","Students (Bangladesh)",Rioters,"Rioters (Bangladesh)","AL: Bangladesh Awami League; Police Forces of Bangladesh (2009-2024)",Rioters,Rioters-Rioters,,50,"South Asia",Bangladesh,Rajshahi,Rajshahi,Boalia,Rajshahi,24.374,88.6011,1,"Prothom Alo",National,"On 5 August 2024, anti-quota student demonstrators clashed with members of Awami League and police forces in Rajshahi city (Boalia), during their demonstrations demanding resignation of the Prime Minister for deaths during the quota reform movement. Ward councilor offices were set on fire during the clash. Police fired rubber bullets, sound grenades and tear gas shells. Sounds of cocktail explosives were heard during the clash. 1 person was killed and at least 40 were injured in the clash.",1,"crowd size=no report",1724113674
BGD28206,"05 August 2024",2024,1,Demonstrations,Riots,"Violent demonstration","Rioters (Bangladesh)","Students (Bangladesh)",Rioters,"Police Forces of Bangladesh (2009-2024) Bangladesh Ansar",,"State forces","State forces-Rioters",,50,"South Asia",Bangladesh,Dhaka,Gazipur,Kaliakair,Kaliakair,24.0696,90.2221,2,"Prothom Alo",National,"On 5 August 2024, anti-quota student demonstrators clashed with Ansar forces at VDP Academy of Ansar in Kaliakair upazila (Gazipur, Dhaka), amid the outbreak of violence after the resignation of the Prime Minister, following anti-government demonstrations emerging from the quota reform movement. Ansar forces opened fired during the clash. At least 2 people were killed and hundreds were injured.",2,"crowd size=no report",1724113674
BGD28207,"05 August 2024",2024,1,Demonstrations,Riots,"Violent demonstration","Rioters (Bangladesh)","Students (Bangladesh)",Rioters,"Police Forces of Bangladesh (2009-2024)",,"State forces","State forces-Rioters",,50,"South Asia",Bangladesh,Dhaka,Dhaka,Uttara,"Dhaka - Uttara",23.869,90.3942,1,"Dhaka Tribune; Prothom Alo",National,"On 5 August 2024, hundreds of anti-quota student demonstrators clashed with police forces in Dhaka - Uttara (Uttara), during their 'March to Dhaka' demonstration demanding resignation of the Prime Minister for deaths during the quota reform movement. Unidentified men (likely police based on previously coded events) shot at the demonstrators when the demonstrators threw bricks at an Armored Personnel Carrier. Following the clash, demonstrators set fire to Uttara police station. Police fired sound grenades to disperse the demonstrators. 23 persons were killed. Army personnel later intervened and rescued 29 persons.",23,"crowd size=hundreds",1724113674
BGD28208,"05 August 2024",2024,1,Demonstrations,Riots,"Violent demonstration","Rioters (Bangladesh)","Students (Bangladesh)",Rioters,"Police Forces of Bangladesh (2009-2024)",,"State forces","State forces-Rioters",,50,"South Asia",Bangladesh,Dhaka,Dhaka,Shahbagh,"Dhaka - Shahbagh",23.7317,90.3959,1,"Dhaka Tribune",National,"On 5 August 2024, anti-quota student demonstrators clashed with police forces in DMCH area, and at a police station in Dhaka - Shahbagh (Shahbagh), during their 'March to Dhaka' demonstration demanding resignation of the Prime Minister for deaths during the quota reform movement. 2 people were killed in the clash.",2,"crowd size=no report",1724113674
BGD28210,"05 August 2024",2024,1,Demonstrations,Riots,"Violent demonstration","Rioters (Bangladesh)","Students (Bangladesh)",Rioters,"Police Forces of Bangladesh (2009-2024)",,"State forces","State forces-Rioters",,50,"South Asia",Bangladesh,Dhaka,Dhaka,Mirpur,"Dhaka - Mirpur",23.7931,90.3629,1,"Dhaka Tribune",National,"On 5 August 2024, thousands of students, 'under the banner of Anti-Quota Student Movement', staged a 'March to Dhaka' demonstration and later clashed with police forces at a police station in Dhaka - Mirpur (Mirpur), during their demonstration demanding resignation of the Prime Minister for deaths during the quota reform movement. Police fired blank rounds to disperse the demonstrators. Injuries unknown.",0,"crowd size=thousands",1724113674
BGD28243,"05 August 2024",2024,1,Demonstrations,Riots,"Violent demonstration","Rioters (Bangladesh)","Students (Bangladesh)",Rioters,"Police Forces of Bangladesh (2009-2024)",,"State forces","State forces-Rioters",,50,"South Asia",Bangladesh,Sylhet,Habiganj,Baniachong,Baniachong,24.5186,91.3578,2,"Dhaka Tribune",National,"On 5 August 2024, anti-quota student demonstrators clashed with police forces in Baniachong upazila (Habiganj, Sylhet), during their demonstration demanding resignation of the Prime Minister for deaths during the quota reform movement. At least 6 people were killed and over 100 were injured in the clash. Police forces fired tear gas, rubber bullets and sound grenades during the clash.",6,"crowd size=no report",1724113674
BGD28245,"05 August 2024",2024,1,Demonstrations,Riots,"Violent demonstration","Rioters (Bangladesh)",,Rioters,"Police Forces of Bangladesh (2009-2024)",,"State forces","State forces-Rioters",,50,"South Asia",Bangladesh,Sylhet,Habiganj,Baniachong,Baniachong,24.5186,91.3578,1,"Prothom Alo",National,"On 5 August 2024, local people gheraoed (surrounded) the police station in Baniachong upazila (Habiganj, Sylhet) during a demonstration, against the police for violence during a previous demonstration (coded separately). The demonstrators lynched a police officer and hung his corpse in a tree in front of the police station. They later set ablaze at the police station.",1,"crowd size=no report",1724113674
BGD28279,"05 August 2024",2024,1,Demonstrations,Riots,"Violent demonstration","Rioters (Bangladesh)",,Rioters,"Police Forces of Bangladesh (2009-2024)",,"State forces","State forces-Rioters",,50,"South Asia",Bangladesh,Dhaka,Tangail,"Tangail Sadar",Tangail,24.2498,89.9166,1,"United News of Bangladesh",National,"On 5 August 2024, the police fired bullets, tear gas, and sound grenades at anti-government demonstrators when they later tried to surround the Sadar Police Station in Tangail city (Tangail Sadar, Dhaka), amid the outbreak of violence after the resignation of the Prime Minister, following anti-government demonstrations emerging from the quota reform movement. Two persons were killed.",2,"crowd size=no report",1724113674
BGD28280,"05 August 2024",2024,1,Demonstrations,Riots,"Violent demonstration","Rioters (Bangladesh)",,Rioters,"Police Forces of Bangladesh (2009-2024)",,"State forces","State forces-Rioters",,50,"South Asia",Bangladesh,Sylhet,Sylhet,"Beani Bazar","Beani Bazar",24.8302,92.1539,1,"Financial Express (Bangladesh)",National,"On 5 August 2024, demonstrators raised slogans against Awami Legue, set ablaze several vehicles, the Freedom Fighters' Sangsad Bhaban, the Bangabandhu mural, the personal office of a local leader of Awami league and Beanibazar police station and attacked policemen in Beani Bazar (Sylhet), amid the outbreak of violence after the resignation of the Prime Minister, following anti-government demonstrations emerging from the quota reform movement. Police fired at the demonstrators. Three persons killed.",3,"crowd size=no report",1724113674
BGD28297,"05 August 2024",2024,1,"Strategic developments","Strategic developments",Other,"Government of Bangladesh (2009-2024)","AL: Bangladesh Awami League","State forces",,,,"State forces only",,50,"South Asia",Bangladesh,Dhaka,Dhaka,,Dhaka,23.7656,90.3879,1,"Prothom Alo",National,"Other: On 5 August 2024, the Prime Minister of Bangladesh from the Awami League resigned in Dhaka city, amid ongoing demonstrations of students demanding resignation of PM for deaths during the quota reform movement.",0,,1724113674
BGD28308,"05 August 2024",2024,1,"Political violence",Riots,"Mob violence","Rioters (Bangladesh)",,Rioters,"Civilians (Bangladesh)","AL: Bangladesh Awami League; Former Government of Bangladesh (2009-2024); Hindu Group (Bangladesh)",Civilians,Rioters-Civilians,"Civilian targeting",50,"South Asia",Bangladesh,Khulna,Jessore,Bagherpara,Dhalgram,23.2491,89.4092,2,"Prothom Alo",National,"On 5 August 2024, unidentified persons attacked, set ablaze and looted belongings from 20-25 houses belonging to persons from the Hindu community in 5 villages within Dhalgram union (Jessore, Khulna) amid the outbreak of violence after the resignation of the Prime Minister, following anti-government demonstrations emerging from the quota reform movement. Some residents were inside at the time of the incident. 1 of the houses attacked belonged to a former UP chairman (likely from the AL based on political context).",0,"crowd size=no report; local administrators",1724113674
BGD28147,"05 August 2024",2024,1,"Political violence",Riots,"Mob violence","Rioters (Bangladesh)",,Rioters,"Police Forces of Bangladesh (2009-2024)",,"State forces","State forces-Rioters",,50,"South Asia",Bangladesh,Dhaka,Dhaka,Badda,"Dhaka - Badda",23.7852,90.4387,1,"Dhaka Tribune",National,"On 5 August 2024, a mob set fire to vehicles at a police station in Dhaka - Badda (Badda), amid the outbreak of violence after the resignation of the Prime Minister, following anti-government demonstrations emerging from the quota reform movement. Police fired gunshots when demonstrators tried to enter the police station. Injuries unknown.",0,"crowd size=no report",1724170529
BGD28152,"05 August 2024",2024,1,"Political violence",Riots,"Mob violence","Rioters (Bangladesh)","BNP: Bangladesh Nationalist Party",Rioters,"Police Forces of Bangladesh (2009-2024)",,"State forces","State forces-Rioters",,50,"South Asia",Bangladesh,Dhaka,Dhaka,Adabor,"Dhaka - Adabor",23.771,90.3521,1,"Daily Star (Bangladesh); Dhaka Tribune",National,"On 5 August 2024, a mob, including BNP supporters, set fire to vehicles at a police station in Dhaka - Adabor (Adabor), amid the outbreak of violence after the resignation of the Prime Minister, following anti-government demonstrations emerging from the quota reform movement. Police fired gunshots when the mob tried to enter the police station. 1 BNP supporter was shot and killed.",1,"crowd size=no report",1724170529
BGD28103,"05 August 2024",2024,1,"Political violence",Riots,"Mob violence","Rioters (Bangladesh)",,Rioters,,,,"Rioters only",,50,"South Asia",Bangladesh,Dhaka,Dhaka,Paltan,"Dhaka - Paltan",23.7333,90.4125,1,"New Nation (Bangladesh); Prothom Alo",National,"On 5 August 2024, people vandalized and set ablaze the Awami League head office on Bangabandhu Avenue in Dhaka - Paltan city (Dhaka), amid the outbreak of violence after the resignation of the Prime Minister, following anti-government demonstrations emerging from the quota reform movement.",0,"crowd size=no report",1724181414
BGD28120,"05 August 2024",2024,1,"Political violence",Riots,"Mob violence","Rioters (Bangladesh)",,Rioters,,,,"Rioters only",,50,"South Asia",Bangladesh,Chittagong,Noakhali,Companiganj,Basurhat,22.873,91.2782,1,"Prothom Alo",National,"On 5 August 2024, thousands of marchers set fire to Awami League office and vandalized the residence of an AL leader in Basurhat town (Noakhali, Sylhet), during a victory procession amid the outbreak of violence after the resignation of the Prime Minister, following anti-government demonstrations emerging from the quota reform movement.",0,"crowd size=thousands",1724181414
BGD28437,"05 August 2024",2024,1,"Political violence",Riots,"Mob violence","Rioters (Bangladesh)",,Rioters,"Civilians (Bangladesh)",,Civilians,Rioters-Civilians,"Civilian targeting",50,"South Asia",Bangladesh,Dhaka,Dhaka,Shahbagh,"Dhaka - Shahbagh",23.7317,90.3959,1,"Daily Star (Bangladesh)",National,"On 5 August 2024, unidentified persons vandalized and set ablaze the Bangabandhu Memorial Museum at 32 Dhanmondi in Dhaka - Shahbagh city (Shahbagh), amid the outbreak of violence after the resignation of the Prime Minister, following anti-government demonstrations emerging from the quota reform movement. 4 charred unidentified dead bodies were recovered on 6 August.",4,"crowd size=no report",1724181414
BGD28438,"05 August 2024",2024,1,"Political violence",Riots,"Mob violence","Rioters (Bangladesh)",,Rioters,"Police Forces of Bangladesh (2009-2024)",,"State forces","State forces-Rioters",,50,"South Asia",Bangladesh,Dhaka,Dhaka,Kadamtali,"Dhaka - Kadamtali",23.6894,90.4488,1,"Daily Star (Bangladesh)",National,"On 5 August 2024, unidentified persons attacked the police station, clashed with police, assaulted a police constable, and pushed him off the rooftop of Shyampur Police Station, Dhaka - Kadamtali (Dhaka), amid the outbreak of violence after the resignation of the Prime Minister, following anti-government demonstrations emerging from the quota reform movement. The constable succumbed to his injuries and died on 14 August.",1,"crowd size=no report",1724181414
BGD28440,"05 August 2024",2024,1,"Political violence",Riots,"Mob violence","Rioters (Bangladesh)",,Rioters,,,,"Rioters only",,50,"South Asia",Bangladesh,Chittagong,Feni,Sonagazi,Sonagazi,22.8194,91.4219,1,"Prothom Alo",National,"On 5 August 2024, a mob vandalized and set fire to Awami League office, Upazila Parishad Chairman's office, municipal office and several government institutions' offices in Sonagazi town (Feni, Chittagong), amid the outbreak of violence after the resignation of the Prime Minister, following anti-government demonstrations emerging from the quota reform movement.",0,"crowd size=no report; local administrators",1724181414
BGD28441,"05 August 2024",2024,1,"Political violence",Riots,"Mob violence","Rioters (Bangladesh)","JeI: Jamaat-e-Islami",Rioters,"Civilians (Pakistan)",,Civilians,Rioters-Civilians,"Civilian targeting",50,"South Asia",Bangladesh,Dhaka,Dhaka,"Biman Bandar","Dhaka - Biman Bandar",23.8471,90.4133,1,"New Age (Bangladesh)",National,"On 5 August 2024, 4-5 persons assaulted and injured a retired professor and his family using sharp weapons and bricks outside the Dhaka International Airport in Dhaka - Biman Bandar city, over the professor's testimony against the JeI at the domestic war crimes tribunal, amid the outbreak of violence after the resignation of the Prime Minister, following anti-government demonstrations emerging from the quota reform movement.",0,"crowd size=4-5",1724181414
BGD28453,"05 August 2024",2024,1,Demonstrations,Riots,"Violent demonstration","Rioters (Bangladesh)","Students (Bangladesh)",Rioters,"Police Forces of Bangladesh (2009-2024)",,"State forces","State forces-Rioters",,50,"South Asia",Bangladesh,Dhaka,Dhaka,Badda,"Dhaka - Badda",23.7852,90.4387,1,"Daily Star (Bangladesh)",National,"On 5 August 2024, anti-quota student demonstrators engaged in a clash (likely with police forces based on similar events and weapons used), and faced firing, in Dhaka - Badda city, during their 'March to Dhaka' demonstration demanding resignation of the Prime Minister for deaths during the quota reform movement. 1 student was shot and killed.",1,"crowd size=no report",1724181414
BGD28454,"05 August 2024",2024,1,"Political violence",Riots,"Mob violence","Rioters (Bangladesh)","Civilians (Bangladesh)",Rioters,"Police Forces of Bangladesh (2009-2024)",,"State forces","State forces-Rioters",,50,"South Asia",Bangladesh,Dhaka,Faridpur,"Faridpur Sadar",Faridpur,23.6061,89.8406,1,"Daily Star (Bangladesh)",National,"On 5 August 2024, a mob attacked the Kotwali police station in Faridpur town (Dhaka), amid the outbreak of violence after the resignation of the Prime Minister, following anti-government demonstrations emerging from the quota reform movement. Police fired gunshots to disperse their crowd. 1 person died after being hit by a stray bullet.",1,"crowd size=no report",1724181414
BGD28102,"05 August 2024",2024,1,"Political violence",Riots,"Mob violence","Rioters (Bangladesh)","Civilians (Bangladesh)",Rioters,"Police Forces of Bangladesh (2009-2024)",,"State forces","State forces-Rioters",,50,"South Asia",Bangladesh,Dhaka,Dhaka,"Sher-e-bangla Nagar","Dhaka - Sher e Bangla Nagar",23.7728,90.3751,1,"Daily Star (Bangladesh); Prothom Alo",National,"On 5 August 2024, a mob vandalized and looted the residence of the Prime Minister in Dhaka - Sher e Bangla Nagar (Sher-e-bangla Nagar), amid the outbreak of violence after the resignation of the Prime Minister, following anti-government demonstrations emerging from the quota reform movement. Unidentified persons (likely police based on location) fired at a mob which had gathered outside the Sher-e-Bangla police station, killing 1 person. 1 rickshaw driver was shot and killed in Sher e Bangla Nagar. Total 2 fatalities.",2,"crowd size=no report",1724779537
BGD28045,"05 August 2024",2024,1,"Political violence",Riots,"Mob violence","Rioters (Bangladesh)","Students (Bangladesh)",Rioters,,,,"Rioters only",,50,"South Asia",Bangladesh,Dhaka,Madaripur,"Madaripur Sadar",Madaripur,23.171,90.2094,1,"Prothom Alo",National,"On 5 August 2024, a mob, including students, set fire to residences of two Awami League MPs in Madaripur city, Madaripur Sadar (Dhaka), amid the outbreak of violence after the resignation of the Prime Minister, following anti-government demonstrations emerging from the quota reform movement.",0,"crowd size=no report",1724787053
BGD28459,"05 August 2024",2024,1,"Political violence",Riots,"Mob violence","Rioters (Bangladesh)","Civilians (Bangladesh); Students (Bangladesh)",Rioters,"Police Forces of Bangladesh (2009-2024)",,"State forces","State forces-Rioters",,50,"South Asia",Bangladesh,Dhaka,Dhaka,Savar,Ashulia,23.8964,90.3262,1,"The Business Standard (Bangladesh)",National,"On 5 August 2024, a mob clashed with police personnel in Ashulia town (Savar, Dhaka) amid the outbreak of violence after the resignation of the Prime Minister, following anti-government demonstrations emerging from the quota reform movement. 1 school student was shot and killed.",1,"crowd size=no report",1724787053
BGD28038,"05 August 2024",2024,1,"Political violence",Riots,"Mob violence","Rioters (Bangladesh)","Students (Bangladesh)",Rioters,"Police Forces of Bangladesh (2009-2024)",,"State forces","State forces-Rioters",,50,"South Asia",Bangladesh,Dhaka,Dhaka,Savar,Savar,23.8486,90.25,2,"Dhaka Tribune; Prothom Alo",National,"On 5 August 2024, anti-government demonstrators (including likely students based on ongoing demonstrations) clashed with police during a victory procession in Savar area (Dhaka), amid the outbreak of violence after the resignation of the Prime Minister, following anti-government demonstrations emerging from the quota reform movement. Police forces fired bullets at the demonstrators after they attacked the police station. Several establishments were set ablaze. 46 persons were killed in the clashes - 31 died on the day while 15 succumbed to injuries and died later. A few policemen are suspected to be among the deceased.",46,"crowd size=no report",1725388240
BGD28211,"05 August 2024",2024,1,Demonstrations,Riots,"Violent demonstration","Rioters (Bangladesh)","Students (Bangladesh)",Rioters,"Police Forces of Bangladesh (2009-2024)",,"State forces","State forces-Rioters",,50,"South Asia",Bangladesh,Dhaka,Dhaka,Jatrabari,"Dhaka - Jatrabari",23.7196,90.4432,1,"Daily Star (Bangladesh); Dhaka Tribune; Prothom Alo",National,"On 5 August 2024, thousands of anti-quota student demonstrators clashed with police forces in Kazla area, and at a police station in Dhaka - Jatrabari (Jatrabari), during their 'March to Dhaka' demonstration demanding resignation of the Prime Minister for deaths during the quota reform movement. 5 people were killed in the clash, one of whom succumbed to his injuries and died on 8 August.",5,"crowd size=thousands",1725388240
BGD28046,"05 August 2024",2024,1,"Political violence",Riots,"Mob violence","Rioters (Bangladesh)","Students (Bangladesh)",Rioters,,,,"Rioters only",,50,"South Asia",Bangladesh,Barisal,Barisal,Gaurnadi,Gaurnadi,22.9728,90.2171,2,"Prothom Alo",National,"On 5 August 2024, people, including students, from the victory procession set ablaze the houses of multiple Awami League leaders, including the former mayor, in Gaurnadi upazila (Barishal), during victory processions amid the outbreak of violence after the resignation of the Prime Minister, following anti-government demonstrations emerging from the quota reform movement.",0,"crowd size=no report; local administrators",1725414467
BGD28047,"05 August 2024",2024,1,"Political violence",Riots,"Mob violence","Rioters (Bangladesh)","Students (Bangladesh)",Rioters,,,,"Rioters only",,50,"South Asia",Bangladesh,Barisal,Barisal,Gaurnadi,Gaurnadi,22.9728,90.2171,1,"Prothom Alo",National,"On 5 August 2024, people, including students, set ablaze the Awami League office at the Gournadi bus stand in Gaurnadi town (Barishal), during victory processions amid the outbreak of violence after the resignation of the Prime Minister, following anti-government demonstrations emerging from the quota reform movement.",0,"crowd size=no report",1725414467
BGD28095,"05 August 2024",2024,1,"Political violence",Riots,"Mob violence","Rioters (Bangladesh)",,Rioters,,,,"Rioters only",,50,"South Asia",Bangladesh,Barisal,Barisal,Gaurnadi,Mahilara,22.9299,90.2404,1,"Prothom Alo",National,"On 5 August 2024, unidentified assailants attacked the house of Mahilara Secondary School's headmaster, a Hindu, in Mahilara village (Barisal), amid the outbreak of violence after the resignation of the Prime Minister, following anti-government demonstrations emerging from the quota reform movement.",0,"crowd size=no report",1725414467
BGD28552,"05 August 2024",2024,1,"Political violence","Violence against civilians",Attack,"Police Forces of Bangladesh (2009-2024)",,"State forces","Civilians (Bangladesh)","Students (Bangladesh)",Civilians,"State forces-Civilians","Civilian targeting",50,"South Asia",Bangladesh,Dhaka,Dhaka,Savar,Ashulia,23.8964,90.3262,2,"Dhaka Tribune",National,"On 5 August 2024, police shot and killed 1 student demonstrator, detained during a protest earlier in the day (coded separately), inside a police station in Ashulia area (Savar, Dhaka), amid the outbreak of violence after the resignation of the Prime Minister, following anti-government demonstrations emerging from the quota reform movement. Police then dumped his body in a truck, alongside bodies of 7-8 other students, and burned them. Fatalities coded as 8 based on the lowest estimate.",8,,1725414467
BGD28556,"05 August 2024",2024,1,"Political violence; Demonstrations",Protests,"Excessive force against protesters","Protesters (Bangladesh)","Students (Bangladesh)",Protesters,"Police Forces of Bangladesh (2009-2024)",,"State forces","State forces-Protesters","Civilian targeting",50,"South Asia",Bangladesh,Dhaka,Dhaka,Savar,Baipail,23.9374,90.27,1,"Dhaka Tribune",National,"On 5 August 2024, hundreds of anti-quota student protesters staged a rally in Baipail city (Dhaka), during their 'March to Dhaka' demonstration demanding resignation of the Prime Minister for deaths during the quota reform movement. Police forces fired at demonstrators and detained students.",0,"crowd size=hundreds",1725414467
BGD28557,"05 August 2024",2024,1,"Political violence; Demonstrations",Protests,"Excessive force against protesters","Protesters (Bangladesh)","Students (Bangladesh)",Protesters,"Rioters (Bangladesh)","AL: Bangladesh Awami League",Rioters,Rioters-Protesters,"Civilian targeting",50,"South Asia",Bangladesh,Dhaka,Dhaka,Adabor,"Dhaka - Adabor",23.771,90.3521,1,"Dhaka Tribune",National,"On 5 August 2024, anti-quota student protesters staged a rally in Dhaka - Adabor (Adabor), under the program 'March to Dhaka' demonstration demanding resignation of the Prime Minister for deaths during the quota reform movement. Unidentified men (likely AL supporters based on similar events) fired shots at the rally. 1 person was killed with gunshots.",1,"crowd size=no report",1725414467
BGD28567,"05 August 2024",2024,1,"Political violence",Riots,"Mob violence","Rioters (Bangladesh)",,Rioters,"Police Forces of Bangladesh (2009-2024)",,"State forces","State forces-Rioters",,50,"South Asia",Bangladesh,Dhaka,Dhaka,Savar,Baipail,23.9374,90.27,2,"Dhaka Tribune",National,"On 5 August 2024, rioters killed three policemen in Baipail area (Savar, Dhaka), amid the outbreak of violence after the resignation of the Prime Minister, following anti-government demonstrations emerging from the quota reform movement. Two of the policemen were hung upside down from an overbridge on the Nabinagar-Chandra highway. 3 fatalities.",3,"crowd size=no report",1725414467
BGD28603,"05 August 2024",2024,1,Demonstrations,Riots,"Violent demonstration","Rioters (Bangladesh)","Students (Bangladesh)",Rioters,"Rioters (Bangladesh)","AL: Bangladesh Awami League; BCL: Bangladesh Chhatra League; BKL: Bangladesh Farmer League; Farmers (Bangladesh); Jubo League; Police Forces of Bangladesh (2009-2024); Police Forces of Bangladesh (2009-2024) Rapid Action Battalion; Students (Bangladesh)",Rioters,Rioters-Rioters,,50,"South Asia",Bangladesh,Dhaka,Dhaka,Demra,"Dhaka - Demra",23.7244,90.4809,1,"Dhaka Tribune",National,"On 5 August 2024, anti-quota student demonstrators clashed with police forces, RAB forces, members of Awami League, Jubo League, Chhatra League, and Krishak League in Dhaka - Demra (Demra), during their 'March to Dhaka' demonstration demanding resignation of the Prime Minister for deaths during the quota reform movement. 1 person was killed with bullets and several were injured.",1,"crowd size=no report; local administrators",1725414467
BGD28062,"05 August 2024",2024,1,"Political violence",Riots,"Mob violence","Rioters (Bangladesh)",,Rioters,"Civilians (Bangladesh)","AL: Bangladesh Awami League; Students (Bangladesh)",Civilians,Rioters-Civilians,"Civilian targeting",50,"South Asia",Bangladesh,Chittagong,Comilla,"Comilla Adarsha Sadar",Comilla,23.4619,91.185,1,"Dhaka Tribune; Prothom Alo",National,"On 5 August 2024, unidentified persons attacked, vandalized, and set alight the house of Comilla City Corporation's former councillor (AL) in Comilla city (Chittagong), amid the outbreak of violence after the resignation of the Prime Minister, following anti-government demonstrations emerging from the quota reform movement. Six occupants were charred to death. At least 10 people, including 1 critically, injured in this incident. Unidentified persons also vandalized the residence of the former president of Comilla District Cricket Committee, stabbed and killed two students. The mob also vandalized Birchandra Library and looted books during a victory procession, and set fire to the AL MP's house. Total 8 fatalities.",8,"crowd size=no report",1726526021
BGD28093,"05 August 2024",2024,1,"Political violence",Riots,"Mob violence","Rioters (Bangladesh)",,Rioters,,,,"Rioters only",,50,"South Asia",Bangladesh,Mymensingh,Jamalpur,"Jamalpur Sadar",Jamalpur,24.9197,89.9481,1,"Prothom Alo",National,"On 5 August 2024, hundreds of people vandalized the residences of Awami League MP and leaders and offices of Awami League in Jamalpur city, Jamalpur Sadar (Mymensingh), amid the outbreak of violence after the resignation of the Prime Minister, following anti-government demonstrations emerging from the quota reform movement.",0,"crowd size=hundreds",1726526021
BGD28281,"05 August 2024",2024,1,Demonstrations,Riots,"Violent demonstration","Rioters (Bangladesh)",,Rioters,"Police Forces of Bangladesh (2009-2024) Border Guards Bangladesh",,"State forces","State forces-Rioters",,50,"South Asia",Bangladesh,Dhaka,Gazipur,Sreepur,Sreepur,24.1987,90.439,2,"Dhaka Tribune",National,"On 5 August 2024, anti-quota student demonstrators clashed with BGB forces in front of Mawna Chowrasta, Sreepur upazila (Gazipur, Dhaka), demanding resignation of the Prime Minister for deaths during the quota reform movement. 6 people were killed and over 50 were injured in the clash. Three buses of BGB forces were set on fire during the incident.",6,"crowd size=no report",1726526021
BGD28126,"05 August 2024",2024,1,"Political violence",Riots,"Mob violence","Rioters (Bangladesh)",,Rioters,"Civilians (Bangladesh)","Hindu Group (Bangladesh); Women (Bangladesh)",Civilians,Rioters-Civilians,"Civilian targeting",50,"South Asia",Bangladesh,Dhaka,Dhaka,Dhamrai,Barabaria,23.917,90.0752,2,"Prothom Alo",National,"On 5 August 2024, a group of 100 to 150 people attacked and vandalized the house and two private cars of a local Hindu woman, whilst she was inside the house, in the Barabaria area of Gangutia Union, Dhamrai upazila, (Dhaka), amid the outbreak of violence after the resignation of the Prime Minister, following anti-government demonstrations emerging from the quota reform movement.",0,"crowd size=100-150",1726602879
BGD28439,"05 August 2024",2024,1,"Political violence",Riots,"Mob violence","Rioters (Bangladesh)",,Rioters,,,,"Rioters only",,50,"South Asia",Bangladesh,Khulna,Jhenaidah,Kotchandpur,Kotchandpur,23.4023,89.0137,2,"Prothom Alo",National,"On 5 August 2024, a mob vandalized the residence of an upazila chairman (woman), and municipal mayor in Kotchandpur upazila (Jhenaidah, Khulna), amid the outbreak of violence after the resignation of the Prime Minister, following anti-government demonstrations emerging from the quota reform movement.",0,"crowd size=no report; local administrators",1726602879
BGD28097,"05 August 2024",2024,1,"Political violence",Riots,"Mob violence","Rioters (Bangladesh)",,Rioters,,,,"Rioters only",,50,"South Asia",Bangladesh,Chittagong,Feni,"Feni Sadar",Feni,23.0144,91.3966,1,"Prothom Alo",National,"On 5 August 2024, unidentified persons vandalized the Feni municipal office along with offices and establishments of Awami League leaders in Feni city, Feni Sadar (Chittagong), amid the outbreak of violence after the resignation of the Prime Minister, following anti-government demonstrations emerging from the quota reform movement.",0,"crowd size=no report; local administrators",1727204918
BGD28124,"05 August 2024",2024,1,"Political violence",Riots,"Mob violence","Rioters (Bangladesh)",,Rioters,,,,"Rioters only",,50,"South Asia",Bangladesh,Dhaka,Kishoregonj,Bhairab,Bhairab,24.0524,90.9764,2,"Prothom Alo",National,"On 5 August 2024, a mob vandalized the residence of Sports Minister of Awami League, AL office and establishments, and mural of Bangabandhu (founding leader) in Bhairab upazila (Kishoregonj, Dhaka), amid the outbreak of violence after the resignation of the Prime Minister, following anti-government demonstrations emerging from the quota reform movement.",0,"crowd size=no report",1727204918
BGD28189,"05 August 2024",2024,1,Demonstrations,Protests,"Peaceful protest","Protesters (Bangladesh)","Students (Bangladesh); Teachers (Bangladesh); ADSM: Anti-Discrimination Student Movement",Protesters,,,,"Protesters only",,50,"South Asia",Bangladesh,Dhaka,Dhaka,Savar,Savar,23.8486,90.25,1,"Dhaka Tribune",National,"On 5 August 2024, at least 5,000 teachers and students, under the banner of 'Anti-Discrimination Student Movement', staged a protest rally in Savar city (Dhaka), demanding resignation of the Prime Minister for deaths during the quota reform movement.",0,"crowd size=at least 5,000",1728407772
BGD28023,"05 August 2024",2024,1,Demonstrations,Riots,"Violent demonstration","Rioters (Bangladesh)","Civilians (Bangladesh); Journalists (Bangladesh); Students (Bangladesh); ADSM: Anti-Discrimination Student Movement",Rioters,"Police Forces of Bangladesh (2009-2024)",,"State forces","State forces-Rioters",,50,"South Asia",Bangladesh,Dhaka,Dhaka,Dhamrai,Dhamrai,23.924,90.2114,2,"Dhaka Tribune",National,"On 5 August 2024, students, under the banner of 'Anti-Discrimination Student Movement', staged a 'March to Dhaka' demonstration and clashed with police forces in Dhamrai upazila (Dhaka), demanding resignation of the Prime Minister for deaths during the quota reform movement. Police fired tear gas and gunshots during the clash. Over 50 people, including journalists, were injured in the clash.",0,"crowd size=no report",1728407772
BGD28068,"05 August 2024",2024,1,"Political violence",Riots,"Mob violence","Rioters (Bangladesh)",,Rioters,"Police Forces of Bangladesh (2009-2024)",,"State forces","State forces-Rioters",,50,"South Asia",Bangladesh,Khulna,Satkhira,Shyamnagar,Shyamnagar,22.3408,89.1176,1,"Prothom Alo",National,"On 5 August 2024, unidentified persons set alight the Shyamnagar police station, Shyamnagar upazila (Satkhira, Khulna), amid the outbreak of violence after the resignation of the Prime Minister, following anti-government demonstrations emerging from the quota reform movement.",0,"crowd size=no report",1728420940
BGD28018,"04 August 2024",2024,1,"Political violence",Riots,"Mob violence","Rioters (Bangladesh)",,Rioters,,,,"Rioters only",,50,"South Asia",Bangladesh,Khulna,Khulna,Dacope,Dacope,22.5816,89.4874,2,"Prothom Alo",National,"On 4 August 2024, unidentified persons attacked and vandalized the house of the chairman (AL) of Banishanta Union Parishad, who is a Hindu, in Ramnagar village, Dacope upazila (Khulna), amid ongoing demonstrations demanding the resignation of the Prime Minister for deaths during the quota reform movement.",0,"crowd size=no report; local administrators",1723576772
BGD28299,"04 August 2024",2024,1,"Political violence",Riots,"Mob violence","Rioters (Bangladesh)","AL: Bangladesh Awami League",Rioters,,,,"Rioters only",,50,"South Asia",Bangladesh,Rangpur,"Nilphamari Zila",Jaldhaka,Nilphamari,25.9666,88.95,1,"Daily Star (Bangladesh)",National,"On 4 August 2024, AL members vandalized the office of the district BNP president in Babupara area of Nilphamari town, Jaldhaka (Nilphamari Zila, Rangpur), after demonstrators vandalized the houses of AL leaders during the first day of the non-cooperation movement announced by the Anti-Discrimination Students Movement, demanding resignation of the Prime Minister for deaths during the student-led quota reform demonstrations (coded separately).",0,"crowd size=no report",1723576773
BGD28300,"04 August 2024",2024,1,"Political violence",Riots,"Mob violence","Rioters (Bangladesh)","AL: Bangladesh Awami League",Rioters,,,,"Rioters only",,50,"South Asia",Bangladesh,Rajshahi,Pabna,"Pabna Sadar",Pabna,24.0064,89.2372,1,"Daily Star (Bangladesh)",National,"On 4 August 2024, AL members set fire to the BNP office in Pabna city (Rajshahi), after demonstrators vandalized and torched several establishments belonging to AL members and supporters (coded separately), during the first day of the non-cooperation movement announced by the Anti-Discrimination Students Movement, demanding resignation of the Prime Minister for deaths during the student-led quota reform demonstrations.",0,"crowd size=no report",1723576773
BGD28165,"04 August 2024",2024,1,Demonstrations,Protests,"Peaceful protest","Protesters (Bangladesh)","AL: Bangladesh Awami League; BCL: Bangladesh Chhatra League; Government of Bangladesh (2009-2024); Jubo League; Students (Bangladesh)",Protesters,,,,"Protesters only",,50,"South Asia",Bangladesh,Khulna,Jessore,"Jessore Sadar",Jessore,23.1697,89.2137,1,"Dhaka Tribune",National,"On 4 August 2024, AL, BCL and Jubo League members, led by the local MP, staged a protest rally in Jessore city, Jessore Sadar (Khulna), against militant and extremist elements in the country, amid ongoing student-led quota reform demonstrations.",0,"crowd size=no report",1724113674
BGD28310,"04 August 2024",2024,1,"Strategic developments","Strategic developments","Change to group/activity","Government of Bangladesh (2009-2024)",,"State forces",,,,"State forces only",,50,"South Asia",Bangladesh,Dhaka,Dhaka,,Dhaka,23.7656,90.3879,3,Reuters,International,"Security measures: On 4 August 2024, the government declared an indefinite curfew across the country (coded as Dhaka), amid ongoing demonstrations demanding resignation of the Prime Minister for deaths during the quota reform movement. The military announced the suspension of the curfew on 6 August 2024.",0,,1724113674
BGD28301,"04 August 2024",2024,1,"Political violence",Riots,"Mob violence","Rioters (Bangladesh)","AL: Bangladesh Awami League",Rioters,,,,"Rioters only",,50,"South Asia",Bangladesh,Dhaka,Manikganj,"Manikgonj Sadar",Manikganj,23.8577,90.0096,1,"Daily Star (Bangladesh)",National,"On 4 August 2024, AL members vandalized the office of the district BNP office in Manikganj city (Dhaka), after demonstrators vandalized properties of AL leaders during the first day of the non-cooperation movement announced by the Anti-Discrimination Students Movement, demanding resignation of the Prime Minister for deaths during the student-led quota reform demonstrations (coded separately).",0,"crowd size=no report",1727204918
BGD28137,"04 August 2024",2024,1,Demonstrations,Riots,"Violent demonstration","Rioters (Bangladesh)","Students (Bangladesh); ADSM: Anti-Discrimination Student Movement",Rioters,,,,"Rioters only",,50,"South Asia",Bangladesh,Chittagong,Chandpur,Haziganj,Haziganj,23.26,90.83,1,"Daily Star (Bangladesh)",National,"On 4 August 2024, anti-quota student demonstrators vandalized the municipality office and torched 15 vehicles in Haziganj city (Chandpur, Chittagong), during the first day of the non-cooperation movement announced by the Anti-Discrimination Students Movement, demanding resignation of the Prime Minister for deaths during the student-led quota reform demonstrations.",0,"crowd size=no report",1728407772
BGD28138,"04 August 2024",2024,1,Demonstrations,Riots,"Violent demonstration","Rioters (Bangladesh)","Students (Bangladesh); ADSM: Anti-Discrimination Student Movement",Rioters,,,,"Rioters only",,50,"South Asia",Bangladesh,Rajshahi,Bogra,Dupchanchia,Dhupchanchia,24.872,89.1634,1,"Daily Star (Bangladesh)",National,"On 4 August 2024, anti-quota student demonstrators vandalized the offices of the upazila nirbhari officer and assistant commissioner - land in Dhupchanchia city (Bogra, Rajshahi), during the first day of the non-cooperation movement announced by the Anti-Discrimination Students Movement, demanding resignation of the Prime Minister for deaths during the student-led quota reform demonstrations.",0,"crowd size=no report",1728407772
BGD28145,"04 August 2024",2024,1,Demonstrations,Riots,"Violent demonstration","Rioters (Bangladesh)","Students (Bangladesh); ADSM: Anti-Discrimination Student Movement",Rioters,"Rioters (Bangladesh)","AL: Bangladesh Awami League",Rioters,Rioters-Rioters,,50,"South Asia",Bangladesh,Rajshahi,Sirajganj,Shahjadpur,Shahjadpur,24.1768,89.5988,2,"Dhaka Tribune",National,"On 4 August 2024, anti-quota student demonstrators clashed with AL members in Shahjadpur upazila (Sirajganj, Rajshahi), during the first day of the non-cooperation movement announced by the Anti-Discrimination Students Movement, demanding resignation of the Prime Minister for deaths during the student-led quota reform demonstrations. 1 person was killed.",1,"crowd size=no report",1728407772
BGD28184,"04 August 2024",2024,1,Demonstrations,Protests,"Peaceful protest","Protesters (Bangladesh)","Students (Bangladesh); ADSM: Anti-Discrimination Student Movement",Protesters,,,,"Protesters only",,50,"South Asia",Bangladesh,Dhaka,Dhaka,Badda,"Dhaka - Badda",23.7852,90.4387,1,"Dhaka Tribune",National,"On 4 August 2024, thousands of people, including students, under the banner of 'Anti-Discrimination Student Movement', staged a protest at Dhaka - Badda (Badda), during the first day of the non-cooperation movement announced by the Anti-Discrimination Students Movement, demanding resignation of the Prime Minister for deaths during the student-led quota reform demonstrations.",0,"crowd size=thousands",1728407772
BGD28185,"04 August 2024",2024,1,Demonstrations,Protests,"Peaceful protest","Protesters (Bangladesh)","Students (Bangladesh); ADSM: Anti-Discrimination Student Movement",Protesters,,,,"Protesters only",,50,"South Asia",Bangladesh,Dhaka,Dhaka,Savar,Savar,23.8486,90.25,1,"New Nation (Bangladesh)",National,"On 4 August 2024, students of Jahangirnagar University, under the banner of 'Anti-Discrimination Student Movement', staged a protest at Dhaka-Aricha Highway, Savar city (Dhaka), during the first day of the non-cooperation movement announced by the Anti-Discrimination Students Movement, demanding resignation of the Prime Minister for deaths during the student-led quota reform demonstrations.",0,"crowd size=no report",1728407772
BGD28203,"04 August 2024",2024,1,Demonstrations,Riots,"Violent demonstration","Rioters (Bangladesh)","Students (Bangladesh); ADSM: Anti-Discrimination Student Movement",Rioters,"Rioters (Bangladesh)","AL: Bangladesh Awami League; BCL: Bangladesh Chhatra League; Jubo League; Students (Bangladesh)",Rioters,Rioters-Rioters,,50,"South Asia",Bangladesh,Chittagong,Lakshmipur,"Lakshmipur Sadar",Lakshmipur,22.9443,90.8301,1,"Daily Bangladesh; Dhaka Tribune; Somoy News",National,"On 4 August 2024, anti-quota student demonstrators clashed with AL, BCL and Jubo League members in Lakshmipur city (Lakshmipur Sadar, Chittagong), during the first day of the non-cooperation movement announced by the Anti-Discrimination Students Movement, demanding resignation of the Prime Minister for deaths during the student-led quota reform demonstrations. The demonstrators set ablaze the house of the Upazila chairman, the local MP and a local bank branch. The upazila chairman, along with his accomplices, fired at demonstrators outside his house in the Tamiz Market area, injuring hundreds. 12 persons were killed, of which at least 5 were BCL and JL members while at least 4 were demonstrators, 3 of whom died from bullet injuries. Total 12 fatalities.",12,"crowd size=no report",1728407772
BGD28204,"04 August 2024",2024,1,Demonstrations,Riots,"Violent demonstration","Rioters (Bangladesh)","Students (Bangladesh); ADSM: Anti-Discrimination Student Movement",Rioters,"Rioters (Bangladesh)","AL: Bangladesh Awami League; BCL: Bangladesh Chhatra League; Jubo League; Students (Bangladesh)",Rioters,Rioters-Rioters,,50,"South Asia",Bangladesh,Chittagong,Feni,"Feni Sadar",Mohipal,23.0086,91.3816,1,"Dhaka Tribune; Prothom Alo",National,"On 4 August 2024, anti-quota student demonstrators clashed with AL, Jubo and BCL members during a demonstration along the Dhaka-Chittagong highway in Mohipal town (Feni Sadar, Chittagong), during the first day of the non-cooperation movement announced by the Anti-Discrimination Students Movement, demanding resignation of the Prime Minister for deaths during the student-led quota reform demonstrations. AL, BCL and Jubo League members fired at students. At least 50 students were seriously injured and 6 persons were killed, including 1 student who succumbed to his injuries and died on 7 August. 10 people were killed during clashes in Feni district, of which 6 fatalities have been coded to a specific event. 4 remaining fatalities split between 2 events. Total 8 fatalities (6 confirmed fatalities and 2 split fatalities) coded to this event.",8,"crowd size=no report",1728407772
BGD28219,"04 August 2024",2024,1,Demonstrations,Riots,"Violent demonstration","Rioters (Bangladesh)","Students (Bangladesh); ADSM: Anti-Discrimination Student Movement",Rioters,"Rioters (Bangladesh)","AL: Bangladesh Awami League; BCL: Bangladesh Chhatra League; Civilians (Bangladesh); Labor Group (Bangladesh); Students (Bangladesh)",Rioters,Rioters-Rioters,,50,"South Asia",Bangladesh,Barisal,Barisal,"Barisal Sadar",Barisal,22.705,90.3701,1,"Asian News International; Dhaka Tribune; New Age (Bangladesh)",National-Regional,"On 4 August 2024, students, under the banner of 'Anti-Discrimination Student Movement', clashed with members of Awami League and BCL, and vandalized the residence of State Minister for Water Resources in Barisal city, Barisal Sadar, during the first day of the non-cooperation movement announced by the Anti-Discrimination Students Movement, demanding resignation of the Prime Minister for deaths during the student-led quota reform demonstrations. A leader of Awami League was killed and at least 20 were injured in the clash. Demonstrators also assaulted the staff of the house of state minister and vandalized Ashwini Kumar hall. AL members set fire to the office of BNP during the clashes.",1,"crowd size=no report",1728407772
BGD28221,"04 August 2024",2024,1,Demonstrations,Riots,"Violent demonstration","Rioters (Bangladesh)","Students (Bangladesh); ADSM: Anti-Discrimination Student Movement",Rioters,,,,"Rioters only",,50,"South Asia",Bangladesh,Chittagong,Brahmanbaria,"Brahmanbaria Sadar",Brahmanbaria,23.9746,91.1123,1,"Daily Star (Bangladesh)",National,"On 4 August 2024, anti-quota student demonstrators vandalized the office of Housing and Public Works Minister (AL) in Brahmanbaria city, Brahmanbaria Sadar (Chittagong), during the first day of the non-cooperation movement announced by the Anti-Discrimination Students Movement, demanding resignation of the Prime Minister for deaths during the student-led quota reform demonstrations.",0,"crowd size=no report",1728407772
BGD28223,"04 August 2024",2024,1,Demonstrations,Riots,"Violent demonstration","Rioters (Bangladesh)","Students (Bangladesh); ADSM: Anti-Discrimination Student Movement",Rioters,,,,"Rioters only",,50,"South Asia",Bangladesh,Chittagong,Chandpur,"Matlab Uttar","Matlab Uttar",23.4488,90.6348,2,"Daily Star (Bangladesh)",National,"On 4 August 2024, anti-quota student demonstrators vandalized the residences of Social Welfare Minister (AL) in Matlab Uttar upazila (Chandpur, Chittagong), during the first day of the non-cooperation movement announced by the Anti-Discrimination Students Movement, demanding resignation of the Prime Minister for deaths during the student-led quota reform demonstrations. She was not inside the house at the time of the incident.",0,"crowd size=no report",1728407772
BGD28227,"04 August 2024",2024,1,Demonstrations,Riots,"Violent demonstration","Rioters (Bangladesh)","Students (Bangladesh); ADSM: Anti-Discrimination Student Movement",Rioters,,,,"Rioters only",,50,"South Asia",Bangladesh,Chittagong,Noakhali,Begumganj,Chaumohani,22.9333,91.1167,1,"Prothom Alo",National,"On 4 August 2024, thousands of anti-quota student demonstrators vandalized municipal offices and a police station in Chaumohani town, Begumganj upazila (Noakhali, Chittagong), during the first day of the non-cooperation movement announced by the Anti-Discrimination Students Movement, demanding resignation of the Prime Minister for deaths during the student-led quota reform demonstrations.",0,"crowd size=thousands; local administrators",1728407772
BGD28239,"04 August 2024",2024,1,Demonstrations,Riots,"Violent demonstration","Rioters (Bangladesh)","Students (Bangladesh); ADSM: Anti-Discrimination Student Movement",Rioters,,,,"Rioters only",,50,"South Asia",Bangladesh,Dhaka,Gazipur,Kapasia,Kapasia,24.114,90.5615,1,"Daily Star (Bangladesh)",National,"On 4 August 2024, anti-quota student demonstrators vandalized the Awami League office in Kapasia city (Gazipur, Dhaka), during the first day of the non-cooperation movement announced by the Anti-Discrimination Students Movement, demanding resignation of the Prime Minister for deaths during the student-led quota reform demonstrations.",0,"crowd size=no report",1728407772
BGD28244,"04 August 2024",2024,1,Demonstrations,Riots,"Violent demonstration","Rioters (Bangladesh)","Students (Bangladesh); ADSM: Anti-Discrimination Student Movement",Rioters,,,,"Rioters only",,50,"South Asia",Bangladesh,Dhaka,Tangail,"Tangail Sadar",Tangail,24.2498,89.9166,1,"Daily Star (Bangladesh)",National,"On 4 August 2024, anti-quota student demonstrators vandalized several properties, including the residence of an Awami League MP, the vehicle of an AL leader and a upazila nirbhari officer's office, and set ablaze a petrol station owned by the AL MP, an AL office and a municipality building in Tangail city, Tangail Sadar (Dhaka), during the first day of the non-cooperation movement announced by the Anti-Discrimination Students Movement, demanding resignation of the Prime Minister for deaths during the student-led quota reform demonstrations.",0,"crowd size=no report; local administrators",1728407772
BGD28246,"04 August 2024",2024,1,Demonstrations,Riots,"Violent demonstration","Rioters (Bangladesh)","Students (Bangladesh); ADSM: Anti-Discrimination Student Movement",Rioters,,,,"Rioters only",,50,"South Asia",Bangladesh,Khulna,Khulna,"Khulna Sadar",Khulna,22.8097,89.5643,1,"Daily Star (Bangladesh)",National,"On 4 August 2024, anti-quota student demonstrators vandalized the residences of two Awami League MPs, the district Awami League office, and a magistrate's office in Khulna city, Khulna Sadar, during the first day of the non-cooperation movement announced by the Anti-Discrimination Students Movement, demanding resignation of the Prime Minister for deaths during the student-led quota reform demonstrations.",0,"crowd size=no report",1728407772
BGD28248,"04 August 2024",2024,1,Demonstrations,Riots,"Violent demonstration","Rioters (Bangladesh)","Students (Bangladesh); ADSM: Anti-Discrimination Student Movement",Rioters,,,,"Rioters only",,50,"South Asia",Bangladesh,Mymensingh,Jamalpur,Baksiganj,Bakshiganj,25.1849,89.8693,2,"Daily Star (Bangladesh)",National,"On 4 August 2024, anti-quota student demonstrators vandalized and set fire to district Awami League office and torched the upazila parishad chairman's vehicle (AL) in Baksiganj upazila (coded as Bakshiganj, Jamalpur, Mymensingh), during the first day of the non-cooperation movement announced by the Anti-Discrimination Students Movement, demanding resignation of the Prime Minister for deaths during the student-led quota reform demonstrations.",0,"crowd size=no report; local administrators",1728407772
BGD28249,"04 August 2024",2024,1,Demonstrations,Riots,"Violent demonstration","Rioters (Bangladesh)","Students (Bangladesh); ADSM: Anti-Discrimination Student Movement",Rioters,"Rioters (Bangladesh)","BCL: Bangladesh Chhatra League; Jubo League; Students (Bangladesh)",Rioters,Rioters-Rioters,,50,"South Asia",Bangladesh,Barisal,Jhalokati,"Jhalokati Sadar",Jhalokati,22.6409,90.1985,1,"Prothom Alo",National,"On 4 August 2024, around 3,000 anti-quota student demonstrators clashed with members of BCL and Jubo League using bricks in Jhalokati city, Jhalokati Sadar (Barisal), during the first day of the non-cooperation movement announced by the Anti-Discrimination Students Movement, demanding resignation of the Prime Minister for deaths during the student-led quota reform demonstrations. At least 15 people were injured in the clash.",0,"crowd size=around 3,000",1728407772
BGD28250,"04 August 2024",2024,1,Demonstrations,Riots,"Violent demonstration","Rioters (Bangladesh)","Students (Bangladesh); ADSM: Anti-Discrimination Student Movement",Rioters,"Rioters (Bangladesh)","AL: Bangladesh Awami League; BCL: Bangladesh Chhatra League; Civilians (Bangladesh); Journalists (Bangladesh); Jubo League; Students (Bangladesh)",Rioters,Rioters-Rioters,,50,"South Asia",Bangladesh,Chittagong,Chandpur,"Chandpur Sadar",Chandpur,23.2271,90.6543,1,"BDnews24; Daily Star (Bangladesh); Prothom Alo",National,"On 4 August 2024, anti-quota student demonstrators clashed with members of Awami League, BCL, and Jubo League in Chandpur city, Chandpur Sadar (Chittagong), during the first day of the non-cooperation movement announced by the Anti-Discrimination Students Movement, demanding resignation of the Prime Minister for deaths during the student-led quota reform demonstrations. At least 20 people were injured in the clash, including a journalist who was assaulted by demonstrators.",0,"crowd size=no report",1728407772
BGD28252,"04 August 2024",2024,1,Demonstrations,Riots,"Violent demonstration","Rioters (Bangladesh)","Students (Bangladesh); ADSM: Anti-Discrimination Student Movement",Rioters,,,,"Rioters only",,50,"South Asia",Bangladesh,Rajshahi,Pabna,"Pabna Sadar",Pabna,24.0064,89.2372,1,"Daily Star (Bangladesh); United News of Bangladesh",National,"On 4 August 2024, students, under the banner of 'Anti-Discrimination Student Movement', staged a demonstration with dead bodies of 3 students killed (coded separately), set fire to the Jubo League office at Bulbul College area and torched the vehicle of an AL leader in Joykhali Bari area, along with around 36 motorcycles of AL supporters and an ambulance in Pabna city, Pabna Sadar (Rajshahi), during the first day of the non-cooperation movement announced by the Anti-Discrimination Students Movement, demanding resignation of the Prime Minister for deaths during the student-led quota reform demonstrations.",0,"crowd size=no report",1728407772
BGD28253,"04 August 2024",2024,1,Demonstrations,Riots,"Violent demonstration","Rioters (Bangladesh)","Students (Bangladesh); ADSM: Anti-Discrimination Student Movement",Rioters,"Rioters (Bangladesh)","BCL: Bangladesh Chhatra League; Jubo League; Students (Bangladesh)",Rioters,Rioters-Rioters,,50,"South Asia",Bangladesh,Chittagong,Chittagong,Patiya,Patiya,22.2954,91.979,1,"Prothom Alo",National,"On 4 August 2024, anti-quota student demonstrators clashed with members of BCL and Jubo League in Patiya town (Chittagong), during the first day of the non-cooperation movement announced by the Anti-Discrimination Students Movement, demanding resignation of the Prime Minister for deaths during the student-led quota reform demonstrations. At least 35 people were injured in the clash. Gunshots were fired during the clash.",0,"crowd size=no report",1728407772
BGD28254,"04 August 2024",2024,1,Demonstrations,Riots,"Violent demonstration","Rioters (Bangladesh)","Students (Bangladesh); ADSM: Anti-Discrimination Student Movement",Rioters,,,,"Rioters only",,50,"South Asia",Bangladesh,Rajshahi,Rajshahi,Mohanpur,Mohanpur,24.55,88.64,1,"Daily Star (Bangladesh)",National,"On 4 August 2024, anti-quota student demonstrators vandalized a food warehouse and the upazila Awami League office in Mohanpur city (Rajshahi), during the first day of the non-cooperation movement announced by the Anti-Discrimination Students Movement, demanding resignation of the Prime Minister for deaths during the student-led quota reform demonstrations.",0,"crowd size=no report",1728407772
BGD28255,"04 August 2024",2024,1,Demonstrations,Riots,"Violent demonstration","Rioters (Bangladesh)","Students (Bangladesh); ADSM: Anti-Discrimination Student Movement",Rioters,"Rioters (Bangladesh)","BCL: Bangladesh Chhatra League; Jubo League; Students (Bangladesh)",Rioters,Rioters-Rioters,,50,"South Asia",Bangladesh,Chittagong,"Cox's Bazar","Cox's Bazar Sadar","Cox's Bazar",21.4397,92.0095,1,"Daily Star (Bangladesh); Dhaka Tribune",National,"On 4 August 2024, anti-quota student demonstrators clashed with members of Awami League, Chhatra League (BCL) and Jubo League in Cox's Bazar town, Cox's Bazar Sadar (Chittagong), during the first day of the non-cooperation movement announced by the Anti-Discrimination Students Movement, demanding resignation of the Prime Minister for deaths during the student-led quota reform demonstrations. 1 person was killed and at least 10 were injured in the clash.",1,"crowd size=no report",1728407772
BGD28256,"04 August 2024",2024,1,Demonstrations,Riots,"Violent demonstration","Rioters (Bangladesh)","Students (Bangladesh); ADSM: Anti-Discrimination Student Movement",Rioters,"Rioters (Bangladesh)","AL: Bangladesh Awami League",Rioters,Rioters-Rioters,,50,"South Asia",Bangladesh,Chittagong,Noakhali,"Noakhali Sadar",Noakhali,22.8667,91.1,1,"Prothom Alo",National,"On 4 August 2024, anti-quota student demonstrators vandalized several offices, a shop owned by an AL leader, a health complex and other establishments, and clashed with members of Awami League in Noakhali city, Noakhali Sadar (Chittagong), during the first day of the non-cooperation movement announced by the Anti-Discrimination Students Movement, demanding resignation of the Prime Minister for deaths during the student-led quota reform demonstrations.",0,"crowd size=no report",1728407772
BGD28259,"04 August 2024",2024,1,Demonstrations,Riots,"Violent demonstration","Rioters (Bangladesh)","Students (Bangladesh); ADSM: Anti-Discrimination Student Movement",Rioters,,,,"Rioters only",,50,"South Asia",Bangladesh,Rangpur,Gaibandha,"Gaibandha Sadar",Gaibandha,25.3353,89.5419,1,"Daily Star (Bangladesh)",National,"On 4 August 2024, anti-quota student demonstrators vandalized the municipality office in Gaibandha city, Gaibandha Sadar (Rangpur), during the first day of the non-cooperation movement announced by the Anti-Discrimination Students Movement, demanding resignation of the Prime Minister for deaths during the student-led quota reform demonstrations.",0,"crowd size=no report; local administrators",1728407772
BGD28260,"04 August 2024",2024,1,Demonstrations,Riots,"Violent demonstration","Rioters (Bangladesh)","Students (Bangladesh); ADSM: Anti-Discrimination Student Movement",Rioters,,,,"Rioters only",,50,"South Asia",Bangladesh,Rangpur,"Nilphamari Zila",Jaldhaka,Nilphamari,25.9666,88.95,1,"Daily Star (Bangladesh)",National,"On 4 August 2024, anti-quota student demonstrators vandalized the residence of the Awami League MP, AL office, and set fire to 15 bikes in Nilphamari town, Jaldhaka (Nilphamari Zila, Rangpur), during the first day of the non-cooperation movement announced by the Anti-Discrimination Students Movement, demanding resignation of the Prime Minister for deaths during the student-led quota reform demonstrations.",0,"crowd size=no report",1728407772
BGD28261,"04 August 2024",2024,1,Demonstrations,Riots,"Violent demonstration","Rioters (Bangladesh)","Students (Bangladesh); ADSM: Anti-Discrimination Student Movement",Rioters,,,,"Rioters only",,50,"South Asia",Bangladesh,Rangpur,Panchagarh,"Panchagarh Sadar",Panchagarh,26.3334,88.5578,1,"Daily Star (Bangladesh)",National,"On 4 August 2024, anti-quota student demonstrators vandalized the residences, and vehicles of Awami League MPs, mayor, and councillor and local leaders in Panchagarh city, Panchagarh Sadar (Rangpur), during the first day of the non-cooperation movement announced by the Anti-Discrimination Students Movement, demanding resignation of the Prime Minister for deaths during the student-led quota reform demonstrations.",0,"crowd size=no report; local administrators",1728407772
BGD28263,"04 August 2024",2024,1,Demonstrations,Riots,"Violent demonstration","Rioters (Bangladesh)","Students (Bangladesh); ADSM: Anti-Discrimination Student Movement",Rioters,,,,"Rioters only",,50,"South Asia",Bangladesh,Sylhet,Habiganj,"Habiganj Sadar",Habiganj,24.3804,91.413,2,"Daily Star (Bangladesh)",National,"On 4 August 2024, anti-quota student demonstrators besieged and set fire to the residence of Awami League MP in Habiganj district (Habiganj Sadar, Sylhet), during the first day of the non-cooperation movement announced by the Anti-Discrimination Students Movement, demanding resignation of the Prime Minister for deaths during the student-led quota reform demonstrations.",0,"crowd size=no report",1728407772
BGD28264,"04 August 2024",2024,1,Demonstrations,Riots,"Violent demonstration","Rioters (Bangladesh)","Students (Bangladesh); ADSM: Anti-Discrimination Student Movement",Rioters,,,,"Rioters only",,50,"South Asia",Bangladesh,Sylhet,Sylhet,"Dakshin Surma","Dakshin Surma",24.8211,91.8903,2,"Daily Star (Bangladesh)",National,"On 4 August 2024, anti-quota student demonstrators vandalized and set fire to the residence of Awami League MP in Dakshin Surma (Sylhet), during the first day of the non-cooperation movement announced by the Anti-Discrimination Students Movement, demanding resignation of the Prime Minister for deaths during the student-led quota reform demonstrations.",0,"crowd size=no report",1728407772
BGD28270,"04 August 2024",2024,1,Demonstrations,Riots,"Violent demonstration","Rioters (Bangladesh)","Students (Bangladesh); ADSM: Anti-Discrimination Student Movement",Rioters,"Rioters (Bangladesh)","AL: Bangladesh Awami League",Rioters,Rioters-Rioters,,50,"South Asia",Bangladesh,Rajshahi,Pabna,"Pabna Sadar",Pabna,24.0064,89.2372,1,"United News of Bangladesh",National,"On 4 August 2024, students, under the banner of 'Anti-Discrimination Student Movement', staged a demonstration and clashed with members of Awami League in Pabna district town, Pabna Sadar (Rajshahi), during the first day of the non-cooperation movement announced by the Anti-Discrimination Students Movement, demanding resignation of the Prime Minister for deaths during the student-led quota reform demonstrations. Members of Awami League opened fire at the demonstrators killing 3 students. 50 others were injured in the clash.",3,"crowd size=no report",1728407772
BGD28286,"04 August 2024",2024,1,Demonstrations,Riots,"Violent demonstration","Rioters (Bangladesh)","BNP: Bangladesh Nationalist Party; Students (Bangladesh); ADSM: Anti-Discrimination Student Movement",Rioters,,,,"Rioters only",,50,"South Asia",Bangladesh,Khulna,Magura,Mohammadpur,Mohammadpur,23.4015,89.5973,1,"United News of Bangladesh",National,"On 4 August 2024, BNP members vandalized and set fire to the local Awami League office and business establishments owned by AL leaders in Mohammadpur city (Magura, Khulna) during the first day of the non-cooperation movement announced by the Anti-Discrimination Students Movement, demanding resignation of the Prime Minister for deaths during the student-led quota reform demonstrations.",0,"crowd size=no report",1728407772
BGD28292,"04 August 2024",2024,1,Demonstrations,Riots,"Violent demonstration","Rioters (Bangladesh)","AL: Bangladesh Awami League; BCL: Bangladesh Chhatra League; Civilians (Bangladesh); Journalists (Bangladesh); Students (Bangladesh)",Rioters,"Rioters (Bangladesh)","Students (Bangladesh); ADSM: Anti-Discrimination Student Movement",Rioters,Rioters-Rioters,,50,"South Asia",Bangladesh,Dhaka,Dhaka,Shahbagh,"Dhaka - Shahbagh",23.7317,90.3959,1,"BDnews24; Daily Star (Bangladesh); Financial Express (Bangladesh); United News of Bangladesh",National,"On 4 August 2024, students, under the banner of 'Anti-Discrimination Student Movement', staged a demonstration and clashed with members of Awami League and Chhatra League (BCL), who were staging a sit-in demonstration outside the BSMMU Hospital in Dhaka - Shahbagh (Shahbagh), during the first day of the non-cooperation movement announced by the Anti-Discrimination Students Movement, demanding resignation of the Prime Minister for deaths during the student-led quota reform demonstrations. Both sides used brickbats during the clash. AL and BCL members took shelter inside the hospital, after which the demonstrators entered the hospital. Hospital staff tried to block their entry. The hospital, and several vehicles in the area were vandalized by the demonstrators. 3 journalists were also assaulted during the clash.",0,"crowd size=no report",1728407772
BGD28024,"04 August 2024",2024,1,Demonstrations,Riots,"Violent demonstration","Rioters (Bangladesh)","Students (Bangladesh); ADSM: Anti-Discrimination Student Movement",Rioters,"Police Forces of Bangladesh (2009-2024)","Civilians (Bangladesh); Journalists (Bangladesh)","State forces","State forces-Rioters",,50,"South Asia",Bangladesh,Dhaka,Dhaka,Shahbagh,"Dhaka - Shahbagh",23.7317,90.3959,1,"Daily Star (Bangladesh); Financial Express (Bangladesh)",National,"On 4 August 2024, students, under the banner of 'Anti-Discrimination Student Movement', staged a demonstration carrying dead bodies of 4 students killed in Dhaka (coded separately) in Dhaka - Shahbagh (Shahbagh), during the first day of the non-cooperation movement announced by the Anti-Discrimination Students Movement, demanding resignation of the Prime Minister for deaths during the student-led quota reform demonstrations. Police forces used sound grenades, tear gas shells and opened fire at demonstrators, while demonstrators threw brick chunks at police. Injuries unknown. Demonstrating students took shelter inside a hospital.",0,"crowd size=no report",1728407772
BGD28209,"04 August 2024",2024,1,Demonstrations,Riots,"Violent demonstration","Rioters (Bangladesh)","Students (Bangladesh); ADSM: Anti-Discrimination Student Movement",Rioters,"Police Forces of Bangladesh (2009-2024)",,"State forces","State forces-Rioters",,50,"South Asia",Bangladesh,Dhaka,Dhaka,"New Market","Dhaka - New Market",23.7362,90.3835,1,"Dhaka Tribune",National,"On 4 August 2024, more than 50 students, under the banner of 'Anti-Discrimination Student Movement', staged a demonstration and clashed with police forces at Science Lab area, Dhaka - New Market (New Market), during the first day of the non-cooperation movement announced by the Anti-Discrimination Students Movement, demanding resignation of the Prime Minister for deaths during the student-led quota reform demonstrations. Injuries unknown.",0,"crowd size=more than 50",1728407772
BGD28222,"04 August 2024",2024,1,Demonstrations,Riots,"Violent demonstration","Rioters (Bangladesh)","Students (Bangladesh); ADSM: Anti-Discrimination Student Movement",Rioters,"Police Forces of Bangladesh (2009-2024)","AL: Bangladesh Awami League; Civilians (Bangladesh)","State forces","State forces-Rioters",,50,"South Asia",Bangladesh,Dhaka,Gazipur,Kaliakair,Kaliakair,24.0696,90.2221,2,"Dhaka Tribune",National,"On 4 August 2024, hundreds of anti-quota student demonstrators set fire to a traffic police box and an AL office and chased members of Awami League present outside the office in Chandra Trimore area, Kaliakair upazila (Gazipur, Dhaka), during the first day of the non-cooperation movement announced by the Anti-Discrimination Students Movement, demanding resignation of the Prime Minister for deaths during the student-led quota reform demonstrations. Injuries unknown.",0,"crowd size=hundreds",1728407772
BGD28224,"04 August 2024",2024,1,Demonstrations,Riots,"Violent demonstration","Rioters (Bangladesh)","Students (Bangladesh); ADSM: Anti-Discrimination Student Movement",Rioters,"Police Forces of Bangladesh (2009-2024)","AL: Bangladesh Awami League; Civilians (Bangladesh)","State forces","State forces-Rioters",,50,"South Asia",Bangladesh,Khulna,Kushtia,"Kushtia Sadar",Kushtia,23.9028,89.1194,1,"Daily Star (Bangladesh); Prothom Alo",National,"On 4 August 2024, 200-250 anti-quota student demonstrators vandalized the district Awami League office, residence of an Awami League MP and a traffic police box in Kushtia city, Kushtia Sadar (Khulna), during the first day of the non-cooperation movement announced by the Anti-Discrimination Students Movement, demanding resignation of the Prime Minister for deaths during the student-led quota reform demonstrations. Police forces fired tear gas to disperse the demonstrators. The staff of the MP was inside the house, one person was injured when demonstrators threw brickbats.",0,"crowd size=200-250",1728407772
BGD28226,"04 August 2024",2024,1,Demonstrations,Riots,"Violent demonstration","Rioters (Bangladesh)","Students (Bangladesh); ADSM: Anti-Discrimination Student Movement",Rioters,"Police Forces of Bangladesh (2009-2024)","BCL: Bangladesh Chhatra League; Police Forces of Bangladesh (2009-2024) Border Guards Bangladesh; Rioters (Bangladesh); Students (Bangladesh)","State forces","State forces-Rioters",,50,"South Asia",Bangladesh,Sylhet,Sylhet,Golapganj,Dhakadakshin,24.8085,92.0407,2,"Asian News International; Dhaka Tribune; United News of Bangladesh",National-Regional,"On 4 August 2024, students, under the banner of 'Anti-Discrimination Student Movement', staged a demonstration and clashed with members of BCL, police and BGB forces in Dhakadakshin area of Golapganj upazila (Sylhet), during the first day of the non-cooperation movement announced by the Anti-Discrimination Students Movement, demanding resignation of the Prime Minister for deaths during the student-led quota reform demonstrations. 3 people were killed and at least 25 others were injured, including police personnel.",3,"crowd size=no report",1728407772
BGD28228,"04 August 2024",2024,1,Demonstrations,Riots,"Violent demonstration","Rioters (Bangladesh)","Students (Bangladesh); ADSM: Anti-Discrimination Student Movement",Rioters,"Police Forces of Bangladesh (2009-2024)","BCL: Bangladesh Chhatra League; Police Forces of Bangladesh (2009-2024) Border Guards Bangladesh; Rioters (Bangladesh); Students (Bangladesh)","State forces","State forces-Rioters",,50,"South Asia",Bangladesh,Sylhet,Sylhet,"Sylhet Sadar",Sylhet,24.899,91.872,2,"The Business Standard (Bangladesh)",National,"On 4 August 2024, students, under the banner of 'Anti-Discrimination Student Movement', staged a demonstration and clashed with members of BCL, police and BGB forces in Chowmuhani area of Sadar upazila (coded as Sylhet), during the first day of the non-cooperation movement announced by the Anti-Discrimination Students Movement, demanding resignation of the Prime Minister for deaths during the student-led quota reform demonstrations. 2 persons were killed.",2,"crowd size=no report",1728407772
BGD28229,"04 August 2024",2024,1,Demonstrations,Riots,"Violent demonstration","Rioters (Bangladesh)","Students (Bangladesh); ADSM: Anti-Discrimination Student Movement",Rioters,"Police Forces of Bangladesh (2009-2024)","AL: Bangladesh Awami League; Rioters (Bangladesh)","State forces","State forces-Rioters",,50,"South Asia",Bangladesh,Dhaka,Faridpur,"Faridpur Sadar",Faridpur,23.6061,89.8406,1,"Financial Express (Bangladesh)",National,"On 4 August 2024, students, under the banner of 'Anti-Discrimination Student Movement', staged a demonstration and set fire to Rajendra Student Council Building, and vandalized Awami League's office, Jubo League's office, and at least 100 motorbikes in Faridpur city, Faridpur Sadar (Dhaka), during the first day of the non-cooperation movement announced by the Anti-Discrimination Students Movement, demanding resignation of the Prime Minister for deaths during the student-led quota reform demonstrations. A clash took place between members of Awami League and demonstrators during the vandalism of Awami League office at Lablu road. Police fired tear gas and sound grenades to disperse the demonstrators. Injuries unknown.",0,"crowd size=no report",1728407772
BGD28230,"04 August 2024",2024,1,Demonstrations,Riots,"Violent demonstration","Rioters (Bangladesh)","Students (Bangladesh); ADSM: Anti-Discrimination Student Movement",Rioters,"Police Forces of Bangladesh (2009-2024)",,"State forces","State forces-Rioters",,50,"South Asia",Bangladesh,Chittagong,Brahmanbaria,Ashuganj,Ashuganj,24.0401,91.0117,2,"Dhaka Tribune",National,"On 4 August 2024, anti-quota student demonstrators vandalized a police station in Ashuganj upazila (Brahmanbaria, Chittagong), during the first day of the non-cooperation movement announced by the Anti-Discrimination Students Movement, demanding resignation of the Prime Minister for deaths during the student-led quota reform demonstrations.",0,"crowd size=no report",1728407772
BGD28231,"04 August 2024",2024,1,Demonstrations,Riots,"Violent demonstration","Rioters (Bangladesh)","Students (Bangladesh); ADSM: Anti-Discrimination Student Movement",Rioters,"Police Forces of Bangladesh (2009-2024)",,"State forces","State forces-Rioters",,50,"South Asia",Bangladesh,Dhaka,Dhaka,Khilgaon,"Dhaka - Khilgaon",23.7527,90.4509,1,"Dhaka Tribune",National,"On 4 August 2024, anti-quota student demonstrators vandalized a police station in Dhaka - Khilgaon (Khilgaon), during the first day of the non-cooperation movement announced by the Anti-Discrimination Students Movement, demanding resignation of the Prime Minister for deaths during the student-led quota reform demonstrations.",0,"crowd size=no report",1728407772
BGD28234,"04 August 2024",2024,1,Demonstrations,Riots,"Violent demonstration","Rioters (Bangladesh)","Students (Bangladesh); ADSM: Anti-Discrimination Student Movement",Rioters,"Police Forces of Bangladesh (2009-2024)",,"State forces","State forces-Rioters",,50,"South Asia",Bangladesh,Dhaka,Narayanganj,"Narayanganj Sadar",Narayanganj,23.6135,90.503,1,"Daily Star (Bangladesh); Dhaka Tribune",National,"On 4 August 2024, anti-quota student demonstrators vandalized a police station, office of DC, a state-run park and set fire to the Rifles' club in Narayanganj city (Narayanganj, Dhaka), during the first day of the non-cooperation movement announced by the Anti-Discrimination Students Movement, demanding resignation of the Prime Minister for deaths during the student-led quota reform demonstrations.",0,"crowd size=no report",1728407772
BGD28235,"04 August 2024",2024,1,Demonstrations,Riots,"Violent demonstration","Rioters (Bangladesh)","Students (Bangladesh); ADSM: Anti-Discrimination Student Movement",Rioters,"Police Forces of Bangladesh (2009-2024)",,"State forces","State forces-Rioters",,50,"South Asia",Bangladesh,Dhaka,Tangail,Mirzapur,Gorai,24.0989,90.1613,1,"Dhaka Tribune",National,"On 4 August 2024, anti-quota student demonstrators vandalized a highway police station on the outskirts of Gorai town (Tangail, Dhaka), during the first day of the non-cooperation movement announced by the Anti-Discrimination Students Movement, demanding resignation of the Prime Minister for deaths during the student-led quota reform demonstrations.",0,"crowd size=no report",1728407772
BGD28236,"04 August 2024",2024,1,Demonstrations,Riots,"Violent demonstration","Rioters (Bangladesh)","Students (Bangladesh); ADSM: Anti-Discrimination Student Movement",Rioters,"Police Forces of Bangladesh (2009-2024)",,"State forces","State forces-Rioters",,50,"South Asia",Bangladesh,Khulna,Jhenaidah,"Jhenaidah Sadar",Jhenaidah,23.5425,89.1749,1,"Prothom Alo",National,"On 4 August 2024, anti-quota student demonstrators clashed with police forces using bricks, vandalized a police station and post office, in Jhenaidah city, Jhenaidah Sadar (Khulna), during the first day of the non-cooperation movement announced by the Anti-Discrimination Students Movement, demanding resignation of the Prime Minister for deaths during the student-led quota reform demonstrations. Police fired tear gas and rubber bullets during the clash. At least 15 people were injured.",0,"crowd size=no report",1728407772
BGD28237,"04 August 2024",2024,1,Demonstrations,Riots,"Violent demonstration","Rioters (Bangladesh)","Students (Bangladesh); ADSM: Anti-Discrimination Student Movement",Rioters,"Police Forces of Bangladesh (2009-2024)",,"State forces","State forces-Rioters",,50,"South Asia",Bangladesh,Rajshahi,Pabna,"Pabna Sadar",Pabna,24.0064,89.2372,2,"Dhaka Tribune",National,"On 4 August 2024, anti-quota student demonstrators vandalized a police station in Pabna Sadar (coded to Pabna, Rajshahi), during the first day of the non-cooperation movement announced by the Anti-Discrimination Students Movement, demanding resignation of the Prime Minister for deaths during the student-led quota reform demonstrations.",0,"crowd size=no report",1728407772
BGD28238,"04 August 2024",2024,1,Demonstrations,Riots,"Violent demonstration","Rioters (Bangladesh)","Students (Bangladesh); ADSM: Anti-Discrimination Student Movement",Rioters,"Police Forces of Bangladesh (2009-2024)",,"State forces","State forces-Rioters",,50,"South Asia",Bangladesh,Rajshahi,Sirajganj,Belkuchi,Belkuchi,24.2981,89.7041,2,"United News of Bangladesh",National,"On 4 August 2024, students, under the banner of 'Anti-Discrimination Student Movement', staged a demonstration and clashed with police forces at Belkuchi police station, Belkuchi upazila (Sirajganj, Rajshahi), during the first day of the non-cooperation movement announced by the Anti-Discrimination Students Movement, demanding resignation of the Prime Minister for deaths during the student-led quota reform demonstrations. Over 200 people were injured in various clashes in Sirajganj district.",0,"crowd size=no report",1728407772
BGD28241,"04 August 2024",2024,1,Demonstrations,Riots,"Violent demonstration","Rioters (Bangladesh)","Students (Bangladesh); ADSM: Anti-Discrimination Student Movement",Rioters,"Police Forces of Bangladesh (2009-2024)",,"State forces","State forces-Rioters",,50,"South Asia",Bangladesh,Rangpur,Dinajpur,"Dinajpur Sadar",Dinajpur,25.6274,88.6377,1,"Dhaka Tribune",National,"On 4 August 2024, anti-quota student demonstrators clashed with police forces at several areas of Dinajpur city, Dinajpur Sadar (Rangpur), during the first day of the non-cooperation movement announced by the Anti-Discrimination Students Movement, demanding resignation of the Prime Minister for deaths during the student-led quota reform demonstrations. At least 50 people were injured in the clash. Police forces fired tear gas and rubber bullets during the incident. Residences of the AL whip (MP) in Parliament and a judge were vandalized and set on fire.",0,"crowd size=no report",1728407772
BGD28242,"04 August 2024",2024,1,Demonstrations,Riots,"Violent demonstration","Rioters (Bangladesh)","Students (Bangladesh); ADSM: Anti-Discrimination Student Movement",Rioters,"Police Forces of Bangladesh (2009-2024)","Civilians (Bangladesh); Journalists (Bangladesh)","State forces","State forces-Rioters",,50,"South Asia",Bangladesh,Sylhet,Sylhet,"Sylhet Sadar",Sylhet,24.899,91.872,1,"BDnews24; Daily Star (Bangladesh); United News of Bangladesh",National,"On 4 August 2024, students, under the banner of 'Anti-Discrimination Student Movement', staged a demonstration and clashed with police forces in Court Point area, Sylhet city, Sylhet Sadar, during the first day of the non-cooperation movement announced by the Anti-Discrimination Students Movement, demanding resignation of the Prime Minister for deaths during the student-led quota reform demonstrations. Police fired tear gas shells and sound grenades to disperse the demonstrators. Several people, including 1 with bullet wounds, were injured in the clash. 2 journalists were assaulted during the clash.",0,"crowd size=no report",1728407772
BGD28247,"04 August 2024",2024,1,Demonstrations,Riots,"Violent demonstration","Rioters (Bangladesh)","Students (Bangladesh); ADSM: Anti-Discrimination Student Movement",Rioters,"Police Forces of Bangladesh (2009-2024)",,"State forces","State forces-Rioters",,50,"South Asia",Bangladesh,Chittagong,Comilla,Daudkandi,Elliotganj,23.5134,90.8691,1,"Dhaka Tribune",National,"On 4 August 2024, anti-quota student demonstrators attacked a police station and assaulted and killed a policeman in Eliotganj town (Comilla, Chittagong), during the first day of the non-cooperation movement announced by the Anti-Discrimination Students Movement, demanding resignation of the Prime Minister for deaths during the student-led quota reform demonstrations.",1,"crowd size=no report",1728407772
BGD28251,"04 August 2024",2024,1,Demonstrations,Riots,"Violent demonstration","Rioters (Bangladesh)","Students (Bangladesh); ADSM: Anti-Discrimination Student Movement",Rioters,"Rioters (Bangladesh)","AL: Bangladesh Awami League; BCL: Bangladesh Chhatra League; Civilians (Bangladesh); Journalists (Bangladesh); Jubo League; Police Forces of Bangladesh (2009-2024); Students (Bangladesh)",Rioters,Rioters-Rioters,,50,"South Asia",Bangladesh,Chittagong,Chittagong,Pahartali,Chittagong,22.3571,91.7823,1,"Daily Star (Bangladesh); United News of Bangladesh",National,"On 4 August 2024, students, under the banner of 'Anti-Discrimination Student Movement', staged a demonstration and clashed with members of Awami League, Chhatra League (BCL), Jubo League and police forces in Kadamtali, Tiger Pass, Kotwali, Laldighi, Jubilee Road, SS Khaled Road, and Kazi Deuri areas in Chittagong city (Pahartali), during the first day of the non-cooperation movement announced by the Anti-Discrimination Students Movement, demanding resignation of the Prime Minister for deaths during the student-led quota reform demonstrations. BCL members opened fired at demonstrators, whereas police fired tear gas shells and sound grenades to disperse the demonstrators. At least 40 people were injured in the clash, including a journalist who was assaulted by demonstrators in New Market area. Members of Awami League and Jubo League also vandalized the BNP office at Noor Ahmad road.",0,"crowd size=no report",1728407772
BGD28257,"04 August 2024",2024,1,Demonstrations,Riots,"Violent demonstration","Rioters (Bangladesh)","Students (Bangladesh); ADSM: Anti-Discrimination Student Movement",Rioters,"Rioters (Bangladesh)","AL: Bangladesh Awami League; Police Forces of Bangladesh (2009-2024)",Rioters,Rioters-Rioters,,50,"South Asia",Bangladesh,Dhaka,Dhaka,Keraniganj,"Dhaka - Keraniganj",23.6535,90.3914,1,"Prothom Alo",National,"On 4 August 2024, anti-quota student demonstrators clashed with members of Awami League and police forces with sticks, and vandalized and torched the AL office in Dhaka - Keraniganj (Keraniganj), during the first day of the non-cooperation movement announced by the Anti-Discrimination Students Movement, demanding resignation of the Prime Minister for deaths during the student-led quota reform demonstrations. A member of Awami League was killed 15 people were injured in the clash.",1,"crowd size=no report",1728407772
BGD28268,"04 August 2024",2024,1,Demonstrations,Riots,"Violent demonstration","Rioters (Bangladesh)","Students (Bangladesh); ADSM: Anti-Discrimination Student Movement",Rioters,"Rioters (Bangladesh)","AL: Bangladesh Awami League; BJSL: Bangladesh Jatiya Sramik League; Government of Bangladesh (2009-2024); Jubo League; Labor Group (Bangladesh)",Rioters,Rioters-Rioters,,50,"South Asia",Bangladesh,Dhaka,Narsingdi,"Narsingdi Sadar",Madhabdi,23.8508,90.6755,1,"United News of Bangladesh",National,"On 4 August 2024, students, under the banner of 'Anti-Discrimination Student Movement', staged a demonstration and clashed with members of Awami League, Sramik League, and Jubo League in Madhabdi Bus Stand in Madhabdi town (Narsingdi, Dhaka), during the first day of the non-cooperation movement announced by the Anti-Discrimination Students Movement, demanding resignation of the Prime Minister for deaths during the student-led quota reform demonstrations. Awami League members fired shots and injured 4 demonstrators, following which demonstrators assaulted and killed 6 members of Awami League including Sramik League, Jubo League, and a UP chairman.",6,"crowd size=no report",1728407772
BGD28269,"04 August 2024",2024,1,Demonstrations,Riots,"Violent demonstration","Rioters (Bangladesh)","Students (Bangladesh); ADSM: Anti-Discrimination Student Movement",Rioters,"Rioters (Bangladesh)","AL: Bangladesh Awami League; Police Forces of Bangladesh (2009-2024)",Rioters,Rioters-Rioters,,50,"South Asia",Bangladesh,Rajshahi,Bogra,Sherpur,Sherpur,24.6765,89.4159,2,"Daily Star (Bangladesh); Dhaka Tribune",National,"On 4 August 2024, anti-quota student demonstrators clashed with members of Awami League and vandalized a police station in Sherpur upazila (Bogra, Rajshahi), during the first day of the non-cooperation movement announced by the Anti-Discrimination Students Movement, demanding resignation of the Prime Minister for deaths during the student-led quota reform demonstrations. 3 people were killed and over 50 were injured in the clash.",3,"crowd size=no report",1728407772
BGD28272,"04 August 2024",2024,1,Demonstrations,Riots,"Violent demonstration","Rioters (Bangladesh)","Students (Bangladesh); ADSM: Anti-Discrimination Student Movement",Rioters,"Rioters (Bangladesh)","AL: Bangladesh Awami League; Police Forces of Bangladesh (2009-2024)",Rioters,Rioters-Rioters,,50,"South Asia",Bangladesh,Rajshahi,Sirajganj,Ullahpara,Ullahpara,24.3128,89.5701,2,"United News of Bangladesh",National,"On 4 August 2024, students, under the banner of 'Anti-Discrimination Student Movement', staged a demonstration and clashed with members of Awami League and police forces at Hatikumrul police station in Ullahpara upazila (Sirajganj, Rajshahi), during the first day of the non-cooperation movement announced by the Anti-Discrimination Students Movement, demanding resignation of the Prime Minister for deaths during the student-led quota reform demonstrations. Over 200 people were injured in clashes in various areas of Sirajganj district.",0,"crowd size=no report",1728407772
BGD28274,"04 August 2024",2024,1,Demonstrations,Riots,"Violent demonstration","Rioters (Bangladesh)","BNP: Bangladesh Nationalist Party; JCD: Bangladesh Jatiotabadi Chatra Dal; Students (Bangladesh); ADSM: Anti-Discrimination Student Movement",Rioters,"Police Forces of Bangladesh (2009-2024)",,"State forces","State forces-Rioters",,50,"South Asia",Bangladesh,Khulna,Magura,"Magura Sadar",Magura,23.487,89.4159,1,"Dhaka Tribune; United News of Bangladesh",National,"On 4 August 2024, members of Chatra Dal (JCD) and BNP, under the banner of 'Anti-Discrimination Student Movement', staged a demonstration and clashed with police forces in the Parananduali Dhaka Road and Bhaina Mor areas of Magura city, Magura Sadar (Khulna), during the first day of the non-cooperation movement announced by the Anti-Discrimination Students Movement, demanding resignation of the Prime Minister for deaths during the student-led quota reform demonstrations. Demonstrators used bricks, whereas police fired tear gas, sound grenades, and rubber bullets during the clash. A member of JCD and 3 others were killed, and several others, including police personnel, were injured in the incident.",4,"crowd size=no report",1728407772
BGD28275,"04 August 2024",2024,1,Demonstrations,Riots,"Violent demonstration","Rioters (Bangladesh)","BNP: Bangladesh Nationalist Party; ICS: Islami Chhatra Shibir; JeI: Jamaat-e-Islami; Students (Bangladesh); ADSM: Anti-Discrimination Student Movement",Rioters,"Police Forces of Bangladesh (2009-2024)","AL: Bangladesh Awami League; BJSL: Bangladesh Jatiya Sramik League; Labor Group (Bangladesh); Rioters (Bangladesh)","State forces","State forces-Rioters",,50,"South Asia",Bangladesh,Rajshahi,Bogra,"Bogra Sadar",Bogra,24.853,89.3732,1,"Daily Star (Bangladesh); Dhaka Tribune; The Business Standard (Bangladesh)",National,"On 4 August 2024, anti-quota student demonstrators, joined by BNP, JeI and ICS members, clashed with police forces and AL and BJSL leaders in Bogra city (Bogra Sadar, Rajshahi), during the first day of the non-cooperation movement announced by the Anti-Discrimination Students Movement, demanding resignation of the Prime Minister for deaths during the student-led quota reform demonstrations. 5 people were killed, with 4 having sustained bullet injuries, and over 200 were injured in the clash. At least 3 police stations, the offices of district Awami League and Chhatra Union, residence of Awami League MP, and BTCL were also vandalized during the clash.",5,"crowd size=no report",1728407772
BGD28277,"04 August 2024",2024,1,Demonstrations,Riots,"Violent demonstration","Rioters (Bangladesh)","BNP: Bangladesh Nationalist Party; Lawyers (Bangladesh); Students (Bangladesh); ADSM: Anti-Discrimination Student Movement",Rioters,"Police Forces of Bangladesh (2009-2024)","BCL: Bangladesh Chhatra League; Jubo League; Rioters (Bangladesh); Students (Bangladesh)","State forces","State forces-Rioters",,50,"South Asia",Bangladesh,Dhaka,Dhaka,Kotwali,"Dhaka - Kotwali",23.7106,90.4088,1,"Daily Star (Bangladesh); Prothom Alo",National,"On 4 August 2024, anti-quota student demonstrators, along with pro-BNP lawyers clashed with police forces, BCL and JL members and vandalized at least four police cars and two prison vans at Chief Metropolitan Magistrate premises in Dhaka - Kotwali (Kotwali), during the first day of the non-cooperation movement announced by the Anti-Discrimination Students Movement, demanding resignation of the Prime Minister for deaths during the student-led quota reform demonstrations. Police fired tear gas and sound grenades to disperse the demonstrators. Injuries unknown.",0,"crowd size=no report",1728407772
BGD28284,"04 August 2024",2024,1,Demonstrations,Riots,"Violent demonstration","Rioters (Bangladesh)","Civilians (Bangladesh); Journalists (Bangladesh); Students (Bangladesh); ADSM: Anti-Discrimination Student Movement",Rioters,"Rioters (Bangladesh)","BCL: Bangladesh Chhatra League; Police Forces of Bangladesh (2009-2024); Students (Bangladesh)",Rioters,Rioters-Rioters,,50,"South Asia",Bangladesh,Rangpur,Kurigram,"Kurigram Sadar",Kurigram,25.8115,89.6428,1,"Prothom Alo",National,"On 4 August 2024, anti-quota student demonstrators clashed with members of Awami League and police forces in Kurigram city, Kurigram Sadar (Rangpur), during the first day of the non-cooperation movement announced by the Anti-Discrimination Students Movement, demanding resignation of the Prime Minister for deaths during the student-led quota reform demonstrations. At least 30 people were injured in the clash. Police fired tear gas and rubber bullets during the incident. Members of BCL assaulted a journalist earlier in the same area.",0,"crowd size=no report",1728407772
BGD28290,"04 August 2024",2024,1,Demonstrations,Riots,"Violent demonstration","Rioters (Bangladesh)","Students (Bangladesh); ADSM: Anti-Discrimination Student Movement",Rioters,"Rioters (Bangladesh)","AL: Bangladesh Awami League; ASL: Bangladesh Awami Swechchasebak League; Civilians (Bangladesh); Government of Bangladesh (2009-2024); Journalists (Bangladesh); Jubo League",Rioters,Rioters-Rioters,,50,"South Asia",Bangladesh,Rangpur,Rangpur,"Rangpur Sadar",Rangpur,25.7466,89.2516,1,"Asian News International; Dhaka Tribune; The Business Standard (Bangladesh)",National-Regional,"On 4 August 2024, students, under the banner of 'Anti-Discrimination Student Movement', staged a demonstration and clashed with members of Jubo League and Awami League in Rangpur city, Rangpur Sadar, during the first day of the non-cooperation movement announced by the Anti-Discrimination Students Movement, demanding resignation of the Prime Minister for deaths during the student-led quota reform demonstrations. 5 persons were killed, including a ward councillor (AL), two Jubo League leaders and an ASL leader. Over 100 were injured, including journalists, in the clash.",5,"crowd size=no report",1728407772
BGD28304,"04 August 2024",2024,1,Demonstrations,Riots,"Violent demonstration","Rioters (Bangladesh)","Students (Bangladesh); ADSM: Anti-Discrimination Student Movement",Rioters,"Police Forces of Bangladesh (2009-2024)","Civilians (Bangladesh); Journalists (Bangladesh)","State forces","State forces-Rioters",,50,"South Asia",Bangladesh,Barisal,Patuakhali,"Patuakhali Sadar",Patuakhali,22.3683,90.3458,2,BDnews24,National,"On 4 August 2024, two groups (likely anti-quota student demonstrators and police based on similar events) clashed in Patuakhali area (Barisal), during the first day of the non-cooperation movement announced by the Anti-Discrimination Students Movement, demanding resignation of the Prime Minister for deaths during the student-led quota reform demonstrations. 1 journalist was injured after having been hit by a brick.",0,"crowd size=no report",1728407772
BGD28289,"04 August 2024",2024,1,Demonstrations,Riots,"Violent demonstration","Rioters (Bangladesh)","Students (Bangladesh); ADSM: Anti-Discrimination Student Movement",Rioters,"Rioters (Bangladesh)","AL: Bangladesh Awami League; Civilians (Bangladesh); Hindu Group (Bangladesh); Journalists (Bangladesh); Police Forces of Bangladesh (2009-2024)",Rioters,Rioters-Rioters,,50,"South Asia",Bangladesh,Rajshahi,Sirajganj,Raiganj,Raiganj,24.5073,89.5273,1,"BDnews24; Daily Star (Bangladesh); Dhaka Tribune; United News of Bangladesh",National,"On 4 August 2024, students, under the banner of 'Anti-Discrimination Student Movement', staged a demonstration and clashed with members of Awami League and police forces in Raiganj city (Sirajganj, Rajshahi), during the first day of the non-cooperation movement announced by the Anti-Discrimination Students Movement, demanding resignation of the Prime Minister for deaths during the student-led quota reform demonstrations. Demonstrators attacked the AL office, assaulted AL members and attacked Raiganj Press Club. 6 people, including a journalist from the Hindu community, were killed in the clash.",6,"crowd size=no report",1728407772
BGD28265,"04 August 2024",2024,1,Demonstrations,Riots,"Violent demonstration","Rioters (Bangladesh)","Students (Bangladesh); ADSM: Anti-Discrimination Student Movement",Rioters,"Rioters (Bangladesh)","AL: Bangladesh Awami League; Civilians (Bangladesh); Journalists (Bangladesh); Police Forces of Bangladesh (2009-2024)",Rioters,Rioters-Rioters,,50,"South Asia",Bangladesh,Dhaka,Dhaka,Uttara,"Dhaka - Uttara",23.869,90.3942,1,"Daily Star (Bangladesh); Dhaka Tribune; Financial Express (Bangladesh); The Business Standard (Bangladesh)",National,"On 4 August 2024, students, under the banner of 'Anti-Discrimination Student Movement', staged a demonstration and clashed with members of Awami League, who were staging a sit-in demonstration, in Dhaka - Uttara (Uttara), during the first day of the non-cooperation movement announced by the Anti-Discrimination Students Movement, demanding resignation of the Prime Minister for deaths during the student-led quota reform demonstrations. Police fired bullets, tear gas shells and sound grenades. A leader of Awami League was killed by the anti-quota demonstrators, while a student was shot and killed. At least 30 people were injured with bullet injuries. 2 journalists were assaulted. At least 18 persons were injured. Total 2 fatalities.",2,"crowd size=no report",1728407772
BGD28022,"04 August 2024",2024,1,Demonstrations,Riots,"Violent demonstration","Rioters (Bangladesh)","Civilians (Bangladesh); Journalists (Bangladesh); Students (Bangladesh); Labor Group (Bangladesh); ADSM: Anti-Discrimination Student Movement",Rioters,"Police Forces of Bangladesh (2009-2024)",,"State forces","State forces-Rioters",,50,"South Asia",Bangladesh,Dhaka,Dhaka,Paltan,"Dhaka - Paltan",23.7333,90.4125,1,"New Nation (Bangladesh); United News of Bangladesh",National,"On 4 August 2024, students staged a demonstration and clashed with police forces in Gulistan area, while members of Sammilito Peshajibi Parishad (professionals' organization) staged a demonstration and clashed with police forces in front of National Press Club, Dhaka - Paltan (Paltan), during the first day of the non-cooperation movement announced by the Anti-Discrimination Students Movement, demanding resignation of the Prime Minister for deaths during the student-led quota reform demonstrations. 1 person was killed during the clash in Gulistan. At least 100 people, including 3 journalists, were injured in the clash. Police fired tear gas and sound grenades, while demonstrators set ablaze a police box, tyres and some objects near the metro station.",1,"crowd size=no report",1728407772
BGD28271,"04 August 2024",2024,1,Demonstrations,Riots,"Violent demonstration","Rioters (Bangladesh)","Students (Bangladesh); ADSM: Anti-Discrimination Student Movement",Rioters,"Rioters (Bangladesh)","AL: Bangladesh Awami League; Police Forces of Bangladesh (2009-2024)",Rioters,Rioters-Rioters,,50,"South Asia",Bangladesh,Rajshahi,Sirajganj,"Sirajganj Sadar",Sirajganj,24.4577,89.708,1,"Dhaka Tribune; The Business Standard (Bangladesh); United News of Bangladesh",National,"On 4 August 2024, students, under the banner of 'Anti-Discrimination Student Movement', staged a demonstration and clashed with members of Awami League and police forces in Sirajganj district town, Sirajganj Sadar (Rajshahi), during the first day of the non-cooperation movement announced by the Anti-Discrimination Students Movement, demanding resignation of the Prime Minister for deaths during the student-led quota reform demonstrations. Demonstrators attacked an Awami League office. At least 4 people were killed in the clash. Over 200 people were injured in clashes in various areas of Sirajganj district.",4,"crowd size=no report",1728407772
BGD28288,"04 August 2024",2024,1,Demonstrations,Riots,"Violent demonstration","Rioters (Bangladesh)","Civilians (Bangladesh); Journalists (Bangladesh); Students (Bangladesh); ADSM: Anti-Discrimination Student Movement",Rioters,"Police Forces of Bangladesh (2009-2024)","AL: Bangladesh Awami League; BCL: Bangladesh Chhatra League; Rioters (Bangladesh); Students (Bangladesh)","State forces","State forces-Rioters",,50,"South Asia",Bangladesh,Dhaka,Dhaka,Dhanmondi,"Dhaka - Dhanmondi",23.7435,90.3737,1,"BDnews24; Daily Star (Bangladesh); Dhaka Tribune; Financial Express (Bangladesh)",National,"On 4 August 2024, students, under the banner of 'Anti-Discrimination Student Movement', staged a demonstration and clashed with police forces and two groups of unidentified armed men, including AL members, in Dhaka - Dhanmondi (Dhanmondi), during the first day of the non-cooperation movement announced by the Anti-Discrimination Students Movement, demanding resignation of the Prime Minister for deaths during the student-led quota reform demonstrations. Demonstrators torched a showroom linked to AL leaders. A student was shot and killed during the incident, while 1 primary school student was shot and killed in Jigatola area of Dhanmondi. 5 journalists were also assaulted during the clash, at least 2 of whom were assaulted by AL and BCL members. Total 2 fatalities.",2,"crowd size=no report",1728407772
BGD28220,"04 August 2024",2024,1,Demonstrations,Riots,"Violent demonstration","Rioters (Bangladesh)","Students (Bangladesh); ADSM: Anti-Discrimination Student Movement",Rioters,"Civilians (Bangladesh)","Journalists (Bangladesh)",Civilians,Rioters-Civilians,,50,"South Asia",Bangladesh,Rangpur,Thakurgaon,"Thakurgaon Sadar",Thakurgaon,26.021,88.4677,1,"Daily Star (Bangladesh)",National,"On 4 August 2024, anti-quota student demonstrators assaulted a journalist of Prothom Alo in Thakurgaon city (Thakurgaon Sadar, Rangpur), during the first day of the non-cooperation movement announced by the Anti-Discrimination Students Movement, demanding resignation of the Prime Minister for deaths during the student-led quota reform demonstrations. They also vandalized and torched the district Awami League office and vandalized many shops.",0,"crowd size=no report",1728407773
BGD28443,"04 August 2024",2024,1,Demonstrations,Riots,"Violent demonstration","Rioters (Bangladesh)","Students (Bangladesh); ADSM: Anti-Discrimination Student Movement",Rioters,,,,"Rioters only",,50,"South Asia",Bangladesh,Rangpur,Rangpur,Badarganj,Badarganj,25.6741,89.0537,1,"Dhaka Tribune",National,"On 4 August 2024, students, under the banner of 'Anti-Discrimination Student Movement', vandalized and set fire to the residences of Awami League MP, Jubo League leader, and upazila chairman in Badarganj city (Rangpur), during the first day of the non-cooperation movement announced by the Anti-Discrimination Students Movement, demanding resignation of the Prime Minister for deaths during the student-led quota reform demonstrations.",0,"crowd size=no report; local administrators",1728407773
BGD28444,"04 August 2024",2024,1,Demonstrations,Riots,"Violent demonstration","Rioters (Bangladesh)","Students (Bangladesh); ADSM: Anti-Discrimination Student Movement",Rioters,,,,"Rioters only",,50,"South Asia",Bangladesh,Rangpur,Rangpur,Mithapukur,Mithapukur,25.5416,89.2833,1,"Dhaka Tribune",National,"On 4 August 2024, students, under the banner of 'Anti-Discrimination Student Movement', vandalized several government offices, including the upazila nirbhari officer's office, and residence of a former MP in Mithapukur city (Rangpur), during the first day of the non-cooperation movement announced by the Anti-Discrimination Students Movement, demanding resignation of the Prime Minister for deaths during the student-led quota reform demonstrations.",0,"crowd size=no report; local administrators",1728407773
BGD28445,"04 August 2024",2024,1,Demonstrations,Riots,"Violent demonstration","Rioters (Bangladesh)","Students (Bangladesh); ADSM: Anti-Discrimination Student Movement",Rioters,,,,"Rioters only",,50,"South Asia",Bangladesh,Rangpur,Rangpur,Pirgachha,Pirgachha,25.6569,89.4309,1,"Dhaka Tribune",National,"On 4 August 2024, students, under the banner of 'Anti-Discrimination Student Movement', set fire to Awami League office and several motorbikes in Pirgachha city (Rangpur), during the first day of the non-cooperation movement announced by the Anti-Discrimination Students Movement, demanding resignation of the Prime Minister for deaths during the student-led quota reform demonstrations.",0,"crowd size=no report",1728407773
BGD28446,"04 August 2024",2024,1,Demonstrations,Riots,"Violent demonstration","Rioters (Bangladesh)","Civilians (Bangladesh); Journalists (Bangladesh); Students (Bangladesh); ADSM: Anti-Discrimination Student Movement",Rioters,"Police Forces of Bangladesh (2009-2024)",,"State forces","State forces-Rioters",,50,"South Asia",Bangladesh,Dhaka,Dhaka,Demra,"Dhaka - Demra",23.7244,90.4809,1,"The Business Standard (Bangladesh)",National,"On 4 August 2024, demonstrators clashed with police forces in Dhaka - Demra city, during the first day of the non-cooperation movement announced by the Anti-Discrimination Students Movement, demanding resignation of the Prime Minister for deaths during the student-led quota reform demonstrations. 1 person was killed.",1,"crowd size=no report",1728407773
BGD28258,"04 August 2024",2024,1,Demonstrations,Riots,"Violent demonstration","Rioters (Bangladesh)","Students (Bangladesh); ADSM: Anti-Discrimination Student Movement",Rioters,"Rioters (Bangladesh)","AL: Bangladesh Awami League",Rioters,Rioters-Rioters,,50,"South Asia",Bangladesh,Dhaka,Dhaka,Mirpur,"Dhaka - Mirpur",23.7931,90.3629,1,"Dhaka Tribune; Prothom Alo; The Business Standard (Bangladesh)",National,"On 4 August 2024, anti-quota student demonstrators clashed with members of Awami League in Dhaka - Mirpur (Mirpur), during the first day of the non-cooperation movement announced by the Anti-Discrimination Students Movement, demanding resignation of the Prime Minister for deaths during the student-led quota reform demonstrations. 2 persons were killed on the day of the clash, while 1 student succumbed to his injuries and died on 14 August. At least 18 persons were injured. Total 3 fatalities.",3,"crowd size=no report",1728407773
BGD28262,"04 August 2024",2024,1,Demonstrations,Riots,"Violent demonstration","Rioters (Bangladesh)","Students (Bangladesh); Civilians (Bangladesh); Labor Group (Bangladesh); ADSM: Anti-Discrimination Student Movement",Rioters,"Rioters (Bangladesh)","AL: Bangladesh Awami League; Police Forces of Bangladesh (2009-2024)",Rioters,Rioters-Rioters,,50,"South Asia",Bangladesh,Dhaka,Dhaka,Savar,Ashulia,23.8964,90.3262,1,"Daily Star (Bangladesh); Dhaka Tribune",National,"On 4 August 2024, 200-300 students, under the banner of 'Anti-Discrimination Student Movement', staged a demonstration and clashed with members of Awami League and police forces in Ashulia town, Savar upazila (Dhaka), during the first day of the non-cooperation movement announced by the Anti-Discrimination Students Movement, demanding resignation of the Prime Minister for deaths during the student-led quota reform demonstrations. Demonstrators torched three factories. AL leaders had business links with some of the factories. Police fired tear gas shells and pellets at the demonstrators. 1 person, a hawker, was killed and several others were injured in the clash.",1,"crowd size=200-300",1728407773
BGD28232,"04 August 2024",2024,1,Demonstrations,Riots,"Violent demonstration","Rioters (Bangladesh)","Students (Bangladesh); ADSM: Anti-Discrimination Student Movement",Rioters,"Police Forces of Bangladesh (2009-2024)","Civilians (Bangladesh); Journalists (Bangladesh)","State forces","State forces-Rioters",,50,"South Asia",Bangladesh,Dhaka,Dhaka,Tejgaon,"Dhaka - Tejgaon",23.7626,90.3913,1,"Daily Star (Bangladesh); Dhaka Tribune; The Business Standard (Bangladesh)",National,"On 4 August 2024, students, under the banner of 'Anti-Discrimination Student Movement', staged a demonstration and clashed with police forces in Farmgate and Karwan Bazar areas, Dhaka - Tejgaon (Tejgaon), during the first day of the non-cooperation movement announced by the Anti-Discrimination Students Movement, demanding resignation of the Prime Minister for deaths during the student-led quota reform demonstrations. 2 persons, including 1 student, were killed in the clash at Farmgate, while 1 student was shot and killed in Karwan Bazar. Demonstrators also threw brick chips and damaged Daily Star center on the Kazi Nazrul Islam Avenue, and assaulted a journalist in Karwan Bazar area. At least 18 persons were injured. Total 3 fatalities.",3,"crowd size=no report",1728407773
BGD28225,"04 August 2024",2024,1,Demonstrations,Riots,"Violent demonstration","Rioters (Bangladesh)","Students (Bangladesh); ADSM: Anti-Discrimination Student Movement",Rioters,"Police Forces of Bangladesh (2009-2024)","AL: Bangladesh Awami League; BJSL: Bangladesh Jatiya Sramik League; Civilians (Bangladesh); Labor Group (Bangladesh)","State forces","State forces-Rioters",,50,"South Asia",Bangladesh,Rajshahi,Joypurhat,"Joypurhat Sadar",Joypurhat,25.0945,89.0229,1,"Dhaka Tribune; Prothom Alo",National,"On 4 August 2024, anti-quota student demonstrators clashed with police forces and members of Sramik League (BJSL), and vandalized the office of Awami League, in Joypurhat city, Joypurhat Sadar (Rajshahi), during the first day of the non-cooperation movement announced by the Anti-Discrimination Students Movement, demanding resignation of the Prime Minister for deaths during the student-led quota reform demonstrations. Demonstrators assaulted and injured 10-12 AL members who were inside the office, including the MP. Police fired tear gas and rubber bullets during the clash. A member of Sramik League was beaten by demonstrators while 2 other persons, including 1 student, died after having been shot.",3,"crowd size=no report",1728407773
BGD28240,"04 August 2024",2024,1,Demonstrations,Riots,"Violent demonstration","Rioters (Bangladesh)","Students (Bangladesh); ADSM: Anti-Discrimination Student Movement",Rioters,"Police Forces of Bangladesh (2009-2024)",,"State forces","State forces-Rioters",,50,"South Asia",Bangladesh,Rajshahi,Sirajganj,Chauhali,Enayatpur,24.2342,89.6978,1,"Dhaka Tribune; Prothom Alo; The Business Standard (Bangladesh); United News of Bangladesh",National,"On 4 August 2024, students, under the banner of 'Anti-Discrimination Student Movement', staged a demonstration and clashed with police forces at Enayetpur Police Station (Sirajganj, Rajshahi), during the first day of the non-cooperation movement announced by the Anti-Discrimination Students Movement, demanding resignation of the Prime Minister for deaths during the student-led quota reform demonstrations. 15 policemen were beaten to death. 3 others died in Enayatpur. Total 16 fatalities.",18,"crowd size=no report",1728407773
BGD28027,"04 August 2024",2024,1,Demonstrations,Riots,"Violent demonstration","Rioters (Bangladesh)","Students (Bangladesh); ADSM: Anti-Discrimination Student Movement",Rioters,"Rioters (Bangladesh)","AL: Bangladesh Awami League; Police Forces of Bangladesh (2009-2024)",Rioters,Rioters-Rioters,,50,"South Asia",Bangladesh,Dhaka,Dhaka,Jatrabari,"Dhaka - Jatrabari",23.7196,90.4432,1,"Dhaka Tribune; Prothom Alo",National,"On 4 August 2024, anti-quota student demonstrators clashed with members of Awami League and vandalized a police station in Dhaka - Jatrabari (Jatrabari), during the first day of the non-cooperation movement announced by the Anti-Discrimination Students Movement, demanding resignation of the Prime Minister for deaths during the student-led quota reform demonstrations. 7 people were injured in the clash. Police and AL members fired at the demonstrators. 2 persons were killed, including 1 fruit vendor, who was shot by police firing and succumbed to his injuries on 6 August.",2,"crowd size=no report",1728407773
BGD28233,"04 August 2024",2024,1,Demonstrations,Riots,"Violent demonstration","Rioters (Bangladesh)","Students (Bangladesh); BNP: Bangladesh Nationalist Party; ADSM: Anti-Discrimination Student Movement",Rioters,"Police Forces of Bangladesh (2009-2024)","AL: Bangladesh Awami League; Rioters (Bangladesh)","State forces","State forces-Rioters",,50,"South Asia",Bangladesh,Dhaka,Kishoregonj,"Kishoreganj Sadar",Kishoreganj,24.4338,90.7847,1,"Dhaka Tribune; Somoy News; The Business Standard (Bangladesh); United News of Bangladesh",National,"On 4 August 2024, students, under the banner of 'Anti-Discrimination Student Movement', joined by BNP leaders staged a demonstration and clashed with police forces in Station Road and Khorompotti areas of Kishoreganj city (Kishoreganj Sadar, Kishoregonj, Dhaka), during the first day of the non-cooperation movement announced by the Anti-Discrimination Students Movement, demanding resignation of the Prime Minister for deaths during the student-led quota reform demonstrations. Demonstrators vandalized the district AL office, residences of AL leaders and police outposts, while AL leaders assaulted demonstrators with firearms, batons and sharp weapons. 4 persons were killed, 2 of whom were BNP supporters who were killed when AL leaders suspectedly set ablaze the house where they were taking shelter to escape the violence.",4,"crowd size=no report",1728407773
BGD28266,"04 August 2024",2024,1,Demonstrations,Riots,"Violent demonstration","Rioters (Bangladesh)","Students (Bangladesh); Civilians (Bangladesh); Labor Group (Bangladesh); ADSM: Anti-Discrimination Student Movement",Rioters,"Rioters (Bangladesh)","AL: Bangladesh Awami League; BCL: Bangladesh Chhatra League; Civilians (Bangladesh); Journalists (Bangladesh); Jubo League; Police Forces of Bangladesh (2009-2024); Students (Bangladesh)",Rioters,Rioters-Rioters,,50,"South Asia",Bangladesh,Dhaka,Munshiganj,"Munshiganj Sadar",Munshiganj,23.5517,90.5345,1,"BDnews24; Daily Observer (Bangladesh); Daily Star (Bangladesh); The Business Standard (Bangladesh); United News of Bangladesh",National,"On 4 August 2024, students, under the banner of 'Anti-Discrimination Student Movement', staged a demonstration and clashed with members of Awami League, Chhatra League (BCL), and Jubo League in Supermarket area, Munshiganj Headquarter, Munshiganj Sadar (Dhaka), during the first day of the non-cooperation movement announced by the Anti-Discrimination Students Movement, demanding resignation of the Prime Minister for deaths during the student-led quota reform demonstrations. AL members used weapons, including firearms, during the clash. Police forces fired tear gas, rubber bullets and charged batons to disperse the demonstrators. 3 people, including 2 construction workers on their way to work, were killed with bullet injuries and scores were injured in the clash. 1 other persons, shot by a BCL leader, succumbed to his injuries and died. Several journalists were assaulted and injured. Total 4 fatalities.",4,"crowd size=no report",1728407773
BGD28139,"04 August 2024",2024,1,Demonstrations,Riots,"Violent demonstration","Rioters (Bangladesh)","Students (Bangladesh); ADSM: Anti-Discrimination Student Movement",Rioters,,,,"Rioters only",,50,"South Asia",Bangladesh,Dhaka,Gazipur,Sreepur,Sreepur,24.1987,90.439,2,"Daily Star (Bangladesh)",National,"On 4 August 2024, unidentified persons (likely anti-quota student demonstrators based on other similar events) torched a spinning mill in Sreepur area (Gazipur, Dhaka) during the first day of the non-cooperation movement announced by the Anti-Discrimination Students Movement, demanding resignation of the Prime Minister for deaths during the student-led quota reform demonstrations.",0,"crowd size=no report",1728407773
BGD28285,"04 August 2024",2024,1,Demonstrations,Riots,"Violent demonstration","Rioters (Bangladesh)","JJD: Jatiyatabadi Jubo Dal; Students (Bangladesh); ADSM: Anti-Discrimination Student Movement",Rioters,"Rioters (Bangladesh)","AL: Bangladesh Awami League; Jubo League; Police Forces of Bangladesh (2009-2024)",Rioters,Rioters-Rioters,,50,"South Asia",Bangladesh,Chittagong,Comilla,"Comilla Adarsha Sadar",Comilla,23.4619,91.185,1,"Dhaka Tribune",National,"On 4 August 2024, anti-quota student demonstrators vandalized a police station and clashed with the members of Awami League, Jubo League, in Comilla city, Comilla Adarsha Sadar (Chittagong), during the first day of the non-cooperation movement announced by the Anti-Discrimination Students Movement, demanding resignation of the Prime Minister for deaths during the student-led quota reform demonstrations. 2 people were killed, including 1 JJD leader, and 15 others were injured in the clash.",2,"crowd size=no report",1728407773
BGD28282,"04 August 2024",2024,1,Demonstrations,Riots,"Violent demonstration","Rioters (Bangladesh)","BNP: Bangladesh Nationalist Party; Students (Bangladesh); ADSM: Anti-Discrimination Student Movement",Rioters,"Rioters (Bangladesh)","AL: Bangladesh Awami League; BCL: Bangladesh Chhatra League; Jubo League; Police Forces of Bangladesh (2009-2024); Students (Bangladesh)",Rioters,Rioters-Rioters,,50,"South Asia",Bangladesh,Barisal,Bhola,"Bhola Sadar",Bhola,22.6876,90.644,1,"Daily Star (Bangladesh); Dhaka Tribune",National,"On 4 August 2024, anti-quota student demonstrators clashed with police forces and members of Chhatra League (BCL) in Bhola town (Bhola Sadar, Barisal), during the first day of the non-cooperation movement announced by the Anti-Discrimination Students Movement, demanding resignation of the Prime Minister for deaths during the student-led quota reform demonstrations. 3 people were killed, including 2 members of BNP who are suspected to have been shot dead and 1 member of Jubo League was suspectedly beaten to death by demonstrators. Over 100 people, including police officers, were injured in the clash.",3,"crowd size=no report",1728407773
BGD28442,"04 August 2024",2024,1,Demonstrations,Riots,"Violent demonstration","Rioters (Bangladesh)","Students (Bangladesh); ADSM: Anti-Discrimination Student Movement",Rioters,"Police Forces of Bangladesh (2009-2024) Bangladesh Ansar",,"State forces","State forces-Rioters",,50,"South Asia",Bangladesh,Dhaka,Gazipur,Kaliakair,Safipur,24.0311,90.2759,1,"Prothom Alo",National,"On 4 August 2024, anti-quota student demonstrators clashed with Ansar forces at VDP Academy of Ansar in Safipur town (Gazipur, Dhaka), during the first day of the non-cooperation movement announced by the Anti-Discrimination Students Movement, demanding resignation of the Prime Minister for deaths during the student-led quota reform demonstrations. Ansar forces opened fired during the clash. Many were injured in the incident.",0,"crowd size=no report",1728407773
BGD28140,"04 August 2024",2024,1,Demonstrations,Riots,"Violent demonstration","Rioters (Bangladesh)","Students (Bangladesh); ADSM: Anti-Discrimination Student Movement",Rioters,"Civilians (Bangladesh)","Journalists (Bangladesh)",Civilians,Rioters-Civilians,,50,"South Asia",Bangladesh,Dhaka,Manikganj,"Manikgonj Sadar",Manikganj,23.8577,90.0096,1,"BDnews24; Daily Star (Bangladesh)",National,"On 4 August 2024, anti-quota student demonstrators vandalized the district commissioner's office, the local AL office and a business establishment owned by an AL leader in Manikganj city (Dhaka) during the first day of the non-cooperation movement announced by the Anti-Discrimination Students Movement, demanding resignation of the Prime Minister for deaths during the student-led quota reform demonstrations. Demonstrators assaulted and injured 2 journalists covering the demonstration in the Manra area.",0,"crowd size=no report",1728407773
BGD28283,"04 August 2024",2024,1,Demonstrations,Riots,"Violent demonstration","Rioters (Bangladesh)","Civilians (Bangladesh); Journalists (Bangladesh); Students (Bangladesh); ADSM: Anti-Discrimination Student Movement",Rioters,"Rioters (Bangladesh)","AL: Bangladesh Awami League; BCL: Bangladesh Chhatra League; Students (Bangladesh)",Rioters,Rioters-Rioters,,50,"South Asia",Bangladesh,Chittagong,Feni,"Feni Sadar",Feni,23.0144,91.3966,2,"Dhaka Tribune; Financial Express (Bangladesh); United News of Bangladesh",National,"On 4 August 2024, students, under the banner of 'Anti-Discrimination Student Movement', staged a demonstration and clashed with members of Awami League and Chhatra League (BCL) in Feni district (Chittagong), during the first day of the non-cooperation movement announced by the Anti-Discrimination Students Movement, demanding resignation of the Prime Minister for deaths during the student-led quota reform demonstrations. 10 people were killed during clashes in Feni district, of which 6 fatalities have been coded to a specific event. 4 remaining fatalities split between 2 events. Total 2 split fatalities coded to this event.",2,"crowd size=no report",1728407773
BGD28150,"04 August 2024",2024,1,Demonstrations,Protests,"Peaceful protest","Protesters (Bangladesh)","BNP: Bangladesh Nationalist Party; JeI: Jamaat-e-Islami; ADSM: Anti-Discrimination Student Movement",Protesters,,,,"Protesters only",,50,"South Asia",Bangladesh,Khulna,Jessore,"Jessore Sadar",Jessore,23.1697,89.2137,1,"Dhaka Tribune",National,"On 4 August 2024, members of BNP and Jamaat-e-Islami staged a protest rally in Jessore city, Jessore Sadar (Khulna), during the first day of the non-cooperation movement announced by the Anti-Discrimination Students Movement, demanding resignation of the Prime Minister for deaths during the student-led quota reform demonstrations.",0,"crowd size=no report",1728407773
BGD28167,"04 August 2024",2024,1,Demonstrations,Protests,"Peaceful protest","Protesters (Bangladesh)","BNP: Bangladesh Nationalist Party; ADSM: Anti-Discrimination Student Movement",Protesters,,,,"Protesters only",,50,"South Asia",Bangladesh,Sylhet,Sylhet,"Sylhet Sadar",Sylhet,24.899,91.872,1,"The Business Standard (Bangladesh)",National,"On 4 August 2024, BNP leaders staged a protest march in Sylhet city, during the first day of the non-cooperation movement announced by the Anti-Discrimination Students Movement, demanding resignation of the Prime Minister for deaths during the student-led quota reform demonstrations.",0,"crowd size=no report",1728407773
BGD28181,"03 August 2024",2024,1,Demonstrations,Protests,"Peaceful protest","Protesters (Bangladesh)","Students (Bangladesh)",Protesters,,,,"Protesters only",,50,"South Asia",Bangladesh,Dhaka,Tangail,"Tangail Sadar",Tangail,24.2498,89.9166,1,"Daily Star (Bangladesh)",National,"On 3 August 2024, thousands of students staged a protest at Dhaka-Tangail highway, and in front of Mawlana Bhashani Science and Technology University, in Tangail city, Tangail Sadar (Dhaka), demanding resignation of the Prime Minister for deaths during the quota reform movement.",0,"crowd size=thousands",1723576773
BGD28193,"03 August 2024",2024,1,Demonstrations,Protests,"Peaceful protest","Protesters (Bangladesh)","Teachers (Bangladesh)",Protesters,,,,"Protesters only",,50,"South Asia",Bangladesh,Dhaka,Dhaka,Mirpur,"Dhaka - Mirpur",23.7931,90.3629,1,"United News of Bangladesh",National,"On 3 August 2024, around 200 faculty members of Bangladesh University of Professionals staged a protest in front of DOHS gate in Dhaka - Mirpur (Mirpur), against the deaths during the quota reform movement, and demanded release of all those detained by the police forces.",0,"crowd size=around 200",1723576773
BGD28291,"03 August 2024",2024,1,Demonstrations,Riots,"Violent demonstration","Rioters (Bangladesh)","Students (Bangladesh)",Rioters,"Rioters (Bangladesh)","BCL: Bangladesh Chhatra League; Civilians (Bangladesh); Journalists (Bangladesh); Jubo League; Students (Bangladesh)",Rioters,Rioters-Rioters,,50,"South Asia",Bangladesh,Sylhet,Sylhet,Companiganj,Companiganj,25.0937,91.7487,2,"Prothom Alo",National,"On 3 August 2024, anti-quota student demonstrators clashed with members of BCL and police forces in Companiganj upazila (Sylhet), during their demonstrations demanding resignation of the Prime Minister for deaths during the quota reform movement. At least 15 people, including a journalist, were injured in the clash.",0,"crowd size=no report",1723576773
BGD28298,"03 August 2024",2024,1,"Political violence",Riots,"Mob violence","Rioters (Bangladesh)","ASL: Bangladesh Awami Swechchasebak League; BCL: Bangladesh Chhatra League; Jubo League; Students (Bangladesh)",Rioters,,,,"Rioters only",,50,"South Asia",Bangladesh,Chittagong,Chittagong,Pahartali,Chittagong,22.3571,91.7823,1,"Dhaka Tribune",National,"On 3 August 2024, members of Chhatra League (BCL), Jubo League and ASL vandalized the residences of BNP leaders, including former ministers, and set fire to their vehicles, in Mehedi Bagh, Chatteshwari, Badsha Mia Road, and Panchlaish areas of Chittagong city (Pahartali), in retaliation to prior attacks on houses of AL leaders (coded separately) during demonstrations demanding resignation of the Prime Minister for deaths during the quota reform movement.",0,"crowd size=no report",1723576773
BGD28164,"03 August 2024",2024,1,Demonstrations,Protests,"Peaceful protest","Protesters (Bangladesh)","AL: Bangladesh Awami League; Government of Bangladesh (2009-2024)",Protesters,,,,"Protesters only",,50,"South Asia",Bangladesh,Rajshahi,Rajshahi,Boalia,Rajshahi,24.374,88.6011,1,"Dhaka Tribune",National,"On 3 August 2024, AL members, led by the mayor, staged a protest in Kumarpur locality of Rajshahi city, against incidents of vandalism during the quota reform movement.",0,"crowd size=no report",1724113674
BGD28213,"03 August 2024",2024,1,Demonstrations,Riots,"Violent demonstration","Rioters (Bangladesh)","Students (Bangladesh)",Rioters,"Police Forces of Bangladesh (2009-2024)",,"State forces","State forces-Rioters",,50,"South Asia",Bangladesh,Chittagong,Chittagong,Lohagara,Lohagara,21.9997,92.102,2,"Daily Star (Bangladesh)",National,"On 3 August 2024, hundreds of anti-quota student demonstrators vandalized a police station and set fire to police vehicles in Lohagara upazila (Chittagong), during their demonstration demanding resignation of the Prime Minister for deaths during the quota reform movement. Police fired blank shots to disperse the demonstrators. They also vandalized business establishments of AL leaders.",0,"crowd size=hundreds",1724113674
BGD28214,"03 August 2024",2024,1,Demonstrations,Riots,"Violent demonstration","Rioters (Bangladesh)","Students (Bangladesh)",Rioters,"Police Forces of Bangladesh (2009-2024)","AL: Bangladesh Awami League; BCL: Bangladesh Chhatra League; Civilians (Bangladesh); Government of Bangladesh (2009-2024); Rioters (Bangladesh); Students (Bangladesh)","State forces","State forces-Rioters",,50,"South Asia",Bangladesh,Chittagong,Chittagong,Pahartali,Chittagong,22.3571,91.7823,1,"Dhaka Tribune",National,"On 3 August 2024, anti-quota student demonstrators clashed with members of Chhatra League (BCL) and police forces in Chittagong city (Pahartali), during their demonstration demanding resignation of the Prime Minister for deaths during the quota reform movement. Demonstrators set fire to the political office of the local MP and the residence of the education minister (AL). They also vandalized cars parked outside the education minister's house, and vandalized the mayor's residence. The minister's family members were present inside the house when it was set ablaze. 1 person was killed and at least 4 were injured in the clash. Police fired gunshots to disperse the demonstrators outside the mayor's residence.",1,"crowd size=no report; local administrators",1724113674
BGD28216,"03 August 2024",2024,1,Demonstrations,Riots,"Violent demonstration","Rioters (Bangladesh)","Students (Bangladesh)",Rioters,"Rioters (Bangladesh)","BCL: Bangladesh Chhatra League; Police Forces of Bangladesh (2009-2024); Students (Bangladesh)",Rioters,Rioters-Rioters,,50,"South Asia",Bangladesh,Dhaka,Tangail,Sakhipur,Sakhipur,24.3198,90.1694,2,"Dhaka Tribune",National,"On 3 August 2024, anti-quota student demonstrators clashed with members of Chhatra League (BCL) in Sakhipur upazila (Tangail, Dhaka), during their demonstration demanding resignation of the Prime Minister for deaths during the quota reform movement. Police fired tear gas to disperse the demonstrators. At least 15 people were injured in the clash.",0,"crowd size=no report",1724113674
BGD28273,"03 August 2024",2024,1,Demonstrations,Riots,"Violent demonstration","Rioters (Bangladesh)","BNP: Bangladesh Nationalist Party; Students (Bangladesh)",Rioters,"Police Forces of Bangladesh (2009-2024)",,"State forces","State forces-Rioters",,50,"South Asia",Bangladesh,Sylhet,Sylhet,"Sylhet Sadar",Sylhet,24.899,91.872,1,"Dhaka Tribune; New Nation (Bangladesh); Prothom Alo",National,"On 3 August 2024, at least 1500 anti-quota student demonstrators staged a demonstration and clashed with police forces in Jindabazar-Chowhatta area, Sylhet city, Sylhet Sadar, during their demonstration demanding resignation of the Prime Minister for deaths during the quota reform movement. Members of unidentified political parties (likely BNP based on their support for student demands) joined the student demonstrators. Demonstrators used brick chips whereas police forces fired tear gas shells, sound grenades and rubber bullets during the clash. Many demonstrators were injured.",0,"crowd size=at least 1500",1724113674
BGD28447,"03 August 2024",2024,1,"Political violence",Riots,"Mob violence","Rioters (Bangladesh)","AL: Bangladesh Awami League; BCL: Bangladesh Chhatra League; Jubo League; Students (Bangladesh)",Rioters,,,,"Rioters only",,50,"South Asia",Bangladesh,Rajshahi,Naogaon,"Naogaon Sadar",Naogaon,24.8042,88.9488,1,"Prothom Alo",National,"On 3 August 2024, leaders and supporters of Awami League, Jubo League, Chhatra League, and other organizations armed with weapons broke the lock and vandalized the BNP office in Naogaon city (Rajshahi) against the anti-government demonstrations emerging from the quota reform movement.",0,"crowd size=no report",1724181414
BGD28178,"03 August 2024",2024,1,Demonstrations,Protests,"Peaceful protest","Protesters (Bangladesh)","Students (Bangladesh); ADSM: Anti-Discrimination Student Movement",Protesters,,,,"Protesters only",,50,"South Asia",Bangladesh,Dhaka,Kishoregonj,"Kishoreganj Sadar",Kishoreganj,24.4338,90.7847,1,"Prothom Alo",National,"On 3 August 2024, thousands of students, under the banner of 'Anti-Discrimination Student Movement', staged a protest in Kishoreganj city, Kishoreganj Sadar (Kishoregonj, Dhaka), demanding resignation of the Prime Minister for deaths during the quota reform movement, and release of students detained by police forces.",0,"crowd size=thousands",1728407772
BGD28179,"03 August 2024",2024,1,Demonstrations,Protests,"Peaceful protest","Protesters (Bangladesh)","Students (Bangladesh); ADSM: Anti-Discrimination Student Movement",Protesters,,,,"Protesters only",,50,"South Asia",Bangladesh,Dhaka,Narayanganj,"Narayanganj Sadar",Narayanganj,23.6135,90.503,1,"Prothom Alo",National,"On 3 August 2024, thousands of students, under the banner of 'Anti-Discrimination Student Movement', staged a protest in Narayanganj city, Narayanganj Sadar (Dhaka), demanding resignation of the Prime Minister for deaths during the quota reform movement, and release of students detained by police forces.",0,"crowd size=thousands",1728407772
BGD28183,"03 August 2024",2024,1,Demonstrations,Protests,"Peaceful protest","Protesters (Bangladesh)","Students (Bangladesh); ADSM: Anti-Discrimination Student Movement",Protesters,,,,"Protesters only",,50,"South Asia",Bangladesh,Rajshahi,Pabna,"Pabna Sadar",Pabna,24.0064,89.2372,1,"Prothom Alo",National,"On 3 August 2024, thousands of students, under the banner of 'Anti-Discrimination Student Movement', staged a protest in Pabna city, Pabna Sadar (Rajshahi), demanding resignation of the Prime Minister for deaths during the quota reform movement, and release of students detained by police forces.",0,"crowd size=thousands",1728407772
BGD28191,"03 August 2024",2024,1,Demonstrations,Protests,"Peaceful protest","Protesters (Bangladesh)","Muslim Group (Bangladesh); Students (Bangladesh); Teachers (Bangladesh); ADSM: Anti-Discrimination Student Movement",Protesters,,,,"Protesters only",,50,"South Asia",Bangladesh,Mymensingh,Mymensingh,"Mymensingh Sadar",Mymensingh,24.7564,90.4065,1,"Prothom Alo",National,"On 3 August 2024, thousands of students, along with teachers of Qaumi Madrassa (Islamic school), under the banner of 'Anti-Discrimination Student Movement', staged a protest in Mymensingh city, Mymensingh Sadar (Dhaka), demanding resignation of the Prime Minister for deaths during the quota reform movement, and release of students detained by police forces.",0,"crowd size=thousands",1728407772
BGD28149,"03 August 2024",2024,1,Demonstrations,Protests,"Peaceful protest","Protesters (Bangladesh)","Health Workers (Bangladesh); Labor Group (Bangladesh); Students (Bangladesh); ADSM: Anti-Discrimination Student Movement",Protesters,,,,"Protesters only",,50,"South Asia",Bangladesh,Dhaka,Dhaka,Shahbagh,"Dhaka - Shahbagh",23.7317,90.3959,1,"New Age (Bangladesh); New Nation (Bangladesh); United News of Bangladesh",National,"On 3 August 2024, thousands of anti-quota protesters, including members of Bangladesh Musical Bands Association, and health workers, staged a protest rally from Dhanmondi to Central Shaheed Minar, Dhaka - Shahbagh (Shahbagh), in support of ongoing 'Anti-Discrimination Student Movement', demanding resignation of the Prime Minister for deaths during the quota reform movement. Rickshaw pullers staged a protest in front of Central Shaheed Minar, while students also staged a protest within Dhaka University campus.",0,"crowd size=thousands",1728407772
BGD28173,"03 August 2024",2024,1,Demonstrations,Protests,"Peaceful protest","Protesters (Bangladesh)","Students (Bangladesh); ADSM: Anti-Discrimination Student Movement",Protesters,,,,"Protesters only",,50,"South Asia",Bangladesh,Dhaka,Dhaka,Dhamrai,Dhamrai,23.924,90.2114,2,"Dhaka Tribune",National,"On 3 August 2024, students, under the banner of 'Anti-Discrimination Student Movement', staged a protest at Dhaka-Aricha Highway in Dhamrai upazila (Dhaka), demanding resignation of the Prime Minister for deaths during the quota reform movement.",0,"crowd size=no report",1728407772
BGD28174,"03 August 2024",2024,1,Demonstrations,Protests,"Peaceful protest","Protesters (Bangladesh)","Students (Bangladesh); ADSM: Anti-Discrimination Student Movement",Protesters,,,,"Protesters only",,50,"South Asia",Bangladesh,Dhaka,Dhaka,Mirpur,"Dhaka - Mirpur",23.7931,90.3629,1,"New Nation (Bangladesh)",National,"On 3 August 2024, students, under the banner of 'Anti-Discrimination Student Movement', staged a protest at Dhaka - Mirpur (Mirpur), demanding resignation of the Prime Minister for deaths during the quota reform movement.",0,"crowd size=no report",1728407772
BGD28175,"03 August 2024",2024,1,Demonstrations,Protests,"Peaceful protest","Protesters (Bangladesh)","Students (Bangladesh); ADSM: Anti-Discrimination Student Movement",Protesters,,,,"Protesters only",,50,"South Asia",Bangladesh,Dhaka,Dhaka,"New Market","Dhaka - New Market",23.7362,90.3835,1,"New Age (Bangladesh); New Nation (Bangladesh)",National,"On 3 August 2024, hundreds of students of various colleges, under the banner of 'Anti-Discrimination Student Movement', staged a protest in Science Lab area, Dhaka - New Market (New Market), demanding resignation of the Prime Minister for deaths during the quota reform movement.",0,"crowd size=hundreds",1728407772
BGD28176,"03 August 2024",2024,1,Demonstrations,Protests,"Peaceful protest","Protesters (Bangladesh)","Students (Bangladesh); ADSM: Anti-Discrimination Student Movement",Protesters,,,,"Protesters only",,50,"South Asia",Bangladesh,Dhaka,Dhaka,"Tejgaon Ind. Area","Dhaka - Tejgaon Industrial Area",23.7653,90.4043,1,"New Nation (Bangladesh)",National,"On 3 August 2024, students, under the banner of 'Anti-Discrimination Student Movement', staged a protest in Hatirjheel area, Dhaka - Tejgaon Industrial Area (Tejgaon Ind. Area), demanding resignation of the Prime Minister for deaths during the quota reform movement.",0,"crowd size=no report",1728407772
BGD28177,"03 August 2024",2024,1,Demonstrations,Protests,"Peaceful protest","Protesters (Bangladesh)","Students (Bangladesh); ADSM: Anti-Discrimination Student Movement",Protesters,,,,"Protesters only",,50,"South Asia",Bangladesh,Dhaka,Dhaka,Uttara,"Dhaka - Uttara",23.869,90.3942,1,"New Nation (Bangladesh)",National,"On 3 August 2024, students, under the banner of 'Anti-Discrimination Student Movement', staged a protest in Dhaka - Uttara (Uttara), demanding resignation of the Prime Minister for deaths during the quota reform movement.",0,"crowd size=no report",1728407772
BGD28180,"03 August 2024",2024,1,Demonstrations,Protests,"Peaceful protest","Protesters (Bangladesh)","Students (Bangladesh); ADSM: Anti-Discrimination Student Movement",Protesters,,,,"Protesters only",,50,"South Asia",Bangladesh,Dhaka,Tangail,Mirzapur,Mirzapur,24.1028,90.0984,2,"New Nation (Bangladesh)",National,"On 3 August 2024, students, under the banner of 'Anti-Discrimination Student Movement', staged a protest in Mirzapur bypass area, Mirzapur upazila (Tangail, Dhaka), demanding resignation of the Prime Minister for deaths during the quota reform movement.",0,"crowd size=no report",1728407772
BGD28182,"03 August 2024",2024,1,Demonstrations,Protests,"Peaceful protest","Protesters (Bangladesh)","Students (Bangladesh); ADSM: Anti-Discrimination Student Movement",Protesters,,,,"Protesters only",,50,"South Asia",Bangladesh,Khulna,Satkhira,"Satkhira Sadar",Satkhira,22.7082,89.0719,1,"Prothom Alo",National,"On 3 August 2024, students, under the banner of 'Anti-Discrimination Student Movement', staged a protest in Satkhira city, Satkhira Sadar (Khulna), demanding resignation of the Prime Minister for deaths during the quota reform movement.",0,"crowd size=no report",1728407772
BGD28187,"03 August 2024",2024,1,Demonstrations,Protests,"Peaceful protest","Protesters (Bangladesh)","BNP: Bangladesh Nationalist Party; Students (Bangladesh); ADSM: Anti-Discrimination Student Movement",Protesters,,,,"Protesters only",,50,"South Asia",Bangladesh,Khulna,Kushtia,"Kushtia Sadar",Kushtia,23.9028,89.1194,1,"Prothom Alo",National,"On 3 August 2024, hundreds of students, parents, and members of BNP, under the banner of 'Anti-Discrimination Student Movement', staged a protest in Kushtia city, Kushtia Sadar (Khulna), demanding resignation of the Prime Minister for deaths during the quota reform movement.",0,"crowd size=hundreds",1728407772
BGD28196,"03 August 2024",2024,1,Demonstrations,Protests,"Peaceful protest","Protesters (Bangladesh)","Lawyers (Bangladesh); Students (Bangladesh); Teachers (Bangladesh); ADSM: Anti-Discrimination Student Movement",Protesters,,,,"Protesters only",,50,"South Asia",Bangladesh,Rangpur,Rangpur,"Rangpur Sadar",Rangpur,25.7466,89.2516,1,"New Nation (Bangladesh)",National,"On 3 August 2024, students, teachers, and lawyers, under the banner of 'Anti-Discrimination Student Movement', staged a protest in front of Rangpur Press Club, Rangpur Sadar (Rangpur), demanding resignation of the Prime Minister for deaths during the quota reform movement.",0,"crowd size=no report",1728407772
BGD28026,"03 August 2024",2024,1,Demonstrations,Riots,"Violent demonstration","Rioters (Bangladesh)","Students (Bangladesh); ADSM: Anti-Discrimination Student Movement",Rioters,"Rioters (Bangladesh)","AL: Bangladesh Awami League; Police Forces of Bangladesh (2009-2024)",Rioters,Rioters-Rioters,,50,"South Asia",Bangladesh,Chittagong,Comilla,Chandina,Chandina,23.44,90.95,2,"United News of Bangladesh",National,"On 3 August 2024, students, under the banner of 'Anti-Discrimination Student Movement', staged a demonstration and clashed with members of Awami League and police forces in Chandina upazila (Comilla, Chittagong), demanding resignation of the Prime Minister for deaths during the quota reform movement. The vehicle of the Assistant Commissioner of Land was set ablaze. Members of AL fired bullets and exploded cocktails during the clash. At least 50 people were injured in the clash, including 6 with bullet injuries.",0,"crowd size=no report",1728407772
BGD28212,"03 August 2024",2024,1,Demonstrations,Riots,"Violent demonstration","Rioters (Bangladesh)","Students (Bangladesh); ADSM: Anti-Discrimination Student Movement",Rioters,"Police Forces of Bangladesh (2009-2024) Armed Police Battalion","Police Forces of Bangladesh (2009-2024)","State forces","State forces-Rioters",,50,"South Asia",Bangladesh,Barisal,Barisal,"Barisal Sadar",Barisal,22.705,90.3701,1,"New Nation (Bangladesh)",National,"On 3 August 2024, students, under the banner of 'Anti-Discrimination Student Movement', staged a demonstration in areas of Barisal city, Barisal Sadar, demanding resignation of the Prime Minister for deaths during the quota reform movement. Demonstrators vandalized a traffic police box and an APBN truck, and assaulted 4 members of APBN in Chowmatha area.",0,"crowd size=no report",1728407772
BGD28217,"03 August 2024",2024,1,Demonstrations,Riots,"Violent demonstration","Rioters (Bangladesh)","Students (Bangladesh); ADSM: Anti-Discrimination Student Movement",Rioters,"Police Forces of Bangladesh (2009-2024)",,"State forces","State forces-Rioters",,50,"South Asia",Bangladesh,Rajshahi,Bogra,"Bogra Sadar",Bogra,24.853,89.3732,1,"New Nation (Bangladesh); United News of Bangladesh",National,"On 3 August 2024, thousands of students, under the banner of 'Anti-Discrimination Student Movement', staged a demonstration and clashed with police forces in Satmatha and Zero Point area, Bogra city, Bogra Sadar (Rajshahi), demanding resignation of the Prime Minister for deaths during the quota reform movement. Demonstrators threw stones at police personnel and set fire to a traffic police box, whereas police retaliated by firing tear gas, rubber bullets and sound grenades. At least 20 people were injured in the clash.",0,"crowd size=thousands",1728407772
BGD28218,"03 August 2024",2024,1,Demonstrations,Riots,"Violent demonstration","Rioters (Bangladesh)","Students (Bangladesh); ADSM: Anti-Discrimination Student Movement",Rioters,"Rioters (Bangladesh)","AL: Bangladesh Awami League; BCL: Bangladesh Chhatra League; Jubo League; Police Forces of Bangladesh (2009-2024); Students (Bangladesh)",Rioters,Rioters-Rioters,,50,"South Asia",Bangladesh,Rajshahi,Naogaon,"Naogaon Sadar",Naogaon,24.8042,88.9488,1,"United News of Bangladesh",National,"On 3 August 2024, thousands of students, under the banner of 'Anti-Discrimination Student Movement', staged a demonstration and clashed with members of Awami League, Jubo League, and Chhatra League (BCL) in Naogaon city, Naogaon Sadar (Rajshahi), demanding resignation of the Prime Minister for deaths during the quota reform movement. Members of AL, BCL, and Jubo League hurled brickbats at demonstrators whereas demonstrators vandalized the office of AL. Police fired rubber bullets to disperse the demonstrators. 7 students were injured in the clash.",0,"crowd size=thousands",1728407772
BGD28276,"03 August 2024",2024,1,Demonstrations,Riots,"Violent demonstration","Rioters (Bangladesh)","Health Workers (Bangladesh); Students (Bangladesh); ADSM: Anti-Discrimination Student Movement",Rioters,"Police Forces of Bangladesh (2009-2024)","AL: Bangladesh Awami League; Rioters (Bangladesh)","State forces","State forces-Rioters",,50,"South Asia",Bangladesh,Dhaka,Faridpur,"Faridpur Sadar",Faridpur,23.6061,89.8406,1,"Daily Star (Bangladesh); New Nation (Bangladesh); United News of Bangladesh",National,"On 3 August 2024, medical college students, under the banner of 'Anti-Discrimination Student Movement', staged a demonstration and clashed with police forces and members of Awami League near Goalachamot Model Mosque area, and Bhanga Raster Mor area, Faridpur city, Faridpur Sadar (Dhaka), demanding resignation of the Prime Minister for deaths during the quota reform movement. Demonstrators threw bricks and stones at police personnel, whereas police retaliated by firing tear gas and sound grenades. At least 15 people, including police personnel, were injured in the clash.",0,"crowd size=no report",1728407772
BGD28278,"03 August 2024",2024,1,Demonstrations,Riots,"Violent demonstration","Rioters (Bangladesh)","Lawyers (Bangladesh); Students (Bangladesh); Teachers (Bangladesh); ADSM: Anti-Discrimination Student Movement",Rioters,"Police Forces of Bangladesh (2009-2024)","Civilians (Bangladesh); Police Forces of Bangladesh (2009-2024) Detective Branch; Students (Bangladesh)","State forces","State forces-Rioters",,50,"South Asia",Bangladesh,Rajshahi,Rajshahi,Boalia,Rajshahi,24.374,88.6011,1,"Dhaka Tribune; New Nation (Bangladesh)",National,"On 3 August 2024, students, teachers and lawyers, under the banner of 'Anti-Discrimination Student Movement', staged a demonstration in Rajshahi city (Boalia), demanding resignation of the Prime Minister for deaths during the quota reform movement. Demonstrators set fire to a police box, and vandalized offices of Awami League and Sramik League. Demonstrators assaulted a member of the detective branch for taking photos of the vandalism, while a student coordinator who had announced the suspension of the movement and expressed opposition to the vandalism was also assaulted. 1 other person was injured in the incident.",0,"crowd size=no report",1728407772
BGD28188,"03 August 2024",2024,1,"Political violence; Demonstrations",Protests,"Excessive force against protesters","Protesters (Bangladesh)","Civilians (Bangladesh); Labor Group (Bangladesh); Students (Bangladesh); ADSM: Anti-Discrimination Student Movement",Protesters,"Rioters (Bangladesh)","AL: Bangladesh Awami League",Rioters,Rioters-Protesters,"Civilian targeting",50,"South Asia",Bangladesh,Dhaka,Dhaka,Jatrabari,"Dhaka - Jatrabari",23.7196,90.4432,1,"Dhaka Tribune; United News of Bangladesh",National,"On 3 August 2024, thousands of students, guardians and workers, under the banner of 'Anti-Discrimination Student Movement staged a protest at Jatrabari-Signboard area, Dhaka - Jatrabari (Jatrabari), demanding resignation of the Prime Minister for deaths during the quota reform movement. Members of Awami League opened fire at the protesters. An assistant to a driver of public bus was killed with bullet injuries.",1,"crowd size=thousands",1728407773
BGD28019,"03 August 2024",2024,1,Demonstrations,Riots,"Violent demonstration","Rioters (Bangladesh)","Civilians (Bangladesh); Labor Group (Bangladesh); Students (Bangladesh); ADSM: Anti-Discrimination Student Movement",Rioters,"Police Forces of Bangladesh (2009-2024)",,"State forces","State forces-Rioters",,50,"South Asia",Bangladesh,Dhaka,Gazipur,Sreepur,Mawna,24.2207,90.4172,1,"New Nation (Bangladesh)",National,"On 3 August 2024, students, under the banner of 'Anti-Discrimination Student Movement', staged a demonstration and clashed with police forces in Mawna town, Sreepur upazila (Gazipur, Dhaka), demanding resignation of the Prime Minister for deaths during the quota reform movement. Demonstrators set fire to vehicles belonging to police forces and to traffic police boxes. Several private vehicles were also damaged. Demonstrators used bricks whereas police fired tear gas and rubber bullets during the clash. A trader was shot and killed, and several others, including police personnel were injured.",1,"crowd size=no report",1728407773
BGD28198,"03 August 2024",2024,1,Demonstrations,Protests,"Protest with intervention","Protesters (Bangladesh)","Students (Bangladesh); ADSM: Anti-Discrimination Student Movement",Protesters,"Rioters (Bangladesh)","AL: Bangladesh Awami League; BCL: Bangladesh Chhatra League; Jubo League; Students (Bangladesh)",Rioters,Rioters-Protesters,,50,"South Asia",Bangladesh,Mymensingh,Jamalpur,"Jamalpur Sadar",Jamalpur,24.9197,89.9481,1,"Prothom Alo",National,"On 3 August 2024, students, under the banner of 'Anti-Discrimination Student Movement', staged a protest in Jamalpur city, Jamalpur Sadar (Mymensingh), demanding resignation of the Prime Minister for deaths during the quota reform movement. Members of Awami League, BCL, and Jubo League dispersed the protesters by chasing them with indigenous weapons.",0,"crowd size=no report",1728407773
BGD28215,"03 August 2024",2024,1,Demonstrations,Riots,"Violent demonstration","Rioters (Bangladesh)","Students (Bangladesh); ADSM: Anti-Discrimination Student Movement",Rioters,"Rioters (Bangladesh)","ASL: Bangladesh Awami Swechchasebak League; BCL: Bangladesh Chhatra League; Jubo League; Police Forces of Bangladesh (2009-2024); Students (Bangladesh)",Rioters,Rioters-Rioters,,50,"South Asia",Bangladesh,Chittagong,Comilla,"Comilla Adarsha Sadar",Comilla,23.4619,91.185,1,"New Nation (Bangladesh)",National,"On 3 August 2024, students, under the banner of 'Anti-Discrimination Student Movement', staged a demonstration in Comilla city, Comilla Adarsha Sadar (Chittagong), demanding resignation of the Prime Minister for deaths during the quota reform movement. Members of Jubo League, BCL and ASL fired bullets at the demonstrators which led to a counter clash. At least 32 people were injured, including 5 students with bullet wounds, during the incident. Police fired blank shots to disperse the demonstrators.",0,"crowd size=no report",1728407773
BGD28166,"03 August 2024",2024,1,Demonstrations,Protests,"Peaceful protest","Protesters (Bangladesh)","BFUJ: Bangladesh Federal Union of Journalists; Journalists (Bangladesh); ADSM: Anti-Discrimination Student Movement",Protesters,,,,"Protesters only",,50,"South Asia",Bangladesh,Dhaka,Dhaka,Paltan,"Dhaka - Paltan",23.7333,90.4125,1,"Prothom Alo",National,"On 3 August 2024, members of Bangladesh Federal Union of Journalists and Dhaka Union of Journalists staged a protest in front of National Press Club, Dhaka - Paltan (Paltan), in support of ongoing 'Anti-Discrimination Student Movement', demanding resignation of the Prime Minister for deaths during the quota reform movement.",0,"crowd size=no report",1728407773
BGD28194,"03 August 2024",2024,1,Demonstrations,Protests,"Peaceful protest","Protesters (Bangladesh)","Teachers (Bangladesh); ADSM: Anti-Discrimination Student Movement",Protesters,,,,"Protesters only",,50,"South Asia",Bangladesh,Khulna,Khulna,"Khulna Sadar",Khulna,22.8097,89.5643,1,"Prothom Alo",National,"On 3 August 2024, teachers, under the banner of 'Anti-Discrimination Student Movement', staged a human chain protest in Khulna city, Khulna Sadar, demanding resignation of the Prime Minister for deaths during the quota reform movement.",0,"crowd size=no report",1728407773
BGD27908,"02 August 2024",2024,1,Demonstrations,Protests,"Peaceful protest","Protesters (Bangladesh)","Journalists (Bangladesh)",Protesters,,,,"Protesters only",,50,"South Asia",Bangladesh,Dhaka,Dhaka,Tejgaon,"Dhaka - Tejgaon",23.7626,90.3913,1,"New Age (Bangladesh)",National,"On 2 August 2024, journalists staged a protest in Karwan Bazar area, Dhaka - Tejgaon (Tejgaon), against the killings and targeting of journalists during the quota reform movement.",0,"crowd size=no report",1722974431
BGD28006,"02 August 2024",2024,1,Demonstrations,Protests,"Peaceful protest","Protesters (Bangladesh)",,Protesters,,,,"Protesters only",,50,"South Asia",Bangladesh,Dhaka,Dhaka,Mirpur,"Dhaka - Mirpur",23.7931,90.3629,1,"New Age (Bangladesh)",National,"On 2 August 2024, relatives of retired military officers staged a protest in DOHS area, Dhaka - Mirpur (Mirpur), against the deaths during quota reform movement.",0,"crowd size=no report",1722974432
BGD28192,"02 August 2024",2024,1,Demonstrations,Protests,"Peaceful protest","Protesters (Bangladesh)","Teachers (Bangladesh)",Protesters,,,,"Protesters only",,50,"South Asia",Bangladesh,Dhaka,Dhaka,Kalabagan,"Dhaka - Kalabagan",23.7467,90.386,1,"New Nation (Bangladesh)",National,"On 2 August 2024, hundreds of teachers of University of Asia and the Pacific staged a protest in Dhaka - Kalabagan (Kalabagan), demanding resignation of the Prime Minister for deaths during the quota reform movement, and release of students detained by police forces.",0,"crowd size=hundreds",1723576773
BGD27966,"02 August 2024",2024,1,Demonstrations,Protests,"Peaceful protest","Protesters (Bangladesh)","Students (Bangladesh); ADSM: Anti-Discrimination Student Movement",Protesters,,,,"Protesters only",,50,"South Asia",Bangladesh,Dhaka,Dhaka,Badda,"Dhaka - Badda",23.7852,90.4387,1,"Dhaka Tribune",National,"On 2 August 2024, students, under the banner of 'anti-discrimination student movement', staged a protest in Dhaka - Badda (Badda), demanding justice for deaths during the quota reform movement, and release of students detained by police forces.",0,"crowd size=no report",1728407772
BGD27967,"02 August 2024",2024,1,Demonstrations,Protests,"Peaceful protest","Protesters (Bangladesh)","Students (Bangladesh); ADSM: Anti-Discrimination Student Movement",Protesters,,,,"Protesters only",,50,"South Asia",Bangladesh,Dhaka,Dhaka,Dhanmondi,"Dhaka - Dhanmondi",23.7435,90.3737,1,"New Age (Bangladesh)",National,"On 2 August 2024, people, including students, under the banner of 'anti-discrimination student movement', staged a protest in Dhaka - Dhanmondi (Dhanmondi), demanding resignation of the government for deaths during the quota reform movement, withdrawal of curfew, and release of detainees.",0,"crowd size=no report",1728407772
BGD27968,"02 August 2024",2024,1,Demonstrations,Protests,"Peaceful protest","Protesters (Bangladesh)","Students (Bangladesh); ADSM: Anti-Discrimination Student Movement",Protesters,,,,"Protesters only",,50,"South Asia",Bangladesh,Dhaka,Dhaka,"New Market","Dhaka - New Market",23.7362,90.3835,1,"New Age (Bangladesh)",National,"On 2 August 2024, students, under the banner of 'anti-discrimination student movement', staged a protest and blocked the science laboratory crossing in Dhaka - New Market (New Market), demanding resignation of the government for deaths during the quota reform movement, withdrawal of curfew, and release of detainees.",0,"crowd size=no report",1728407772
BGD27969,"02 August 2024",2024,1,Demonstrations,Protests,"Peaceful protest","Protesters (Bangladesh)","Students (Bangladesh); ADSM: Anti-Discrimination Student Movement",Protesters,,,,"Protesters only",,50,"South Asia",Bangladesh,Dhaka,Dhaka,Paltan,"Dhaka - Paltan",23.7333,90.4125,1,"New Age (Bangladesh)",National,"On 2 August 2024, people, including students, under the banner of 'anti-discrimination student movement', staged a protest in front of National Press Club, Dhaka - Paltan (Paltan), demanding resignation of the government for deaths during the quota reform movement, withdrawal of curfew, and release of detainees.",0,"crowd size=no report",1728407772
BGD27970,"02 August 2024",2024,1,Demonstrations,Protests,"Peaceful protest","Protesters (Bangladesh)","Students (Bangladesh); ADSM: Anti-Discrimination Student Movement",Protesters,,,,"Protesters only",,50,"South Asia",Bangladesh,Dhaka,Dhaka,Rampura,"Dhaka - Rampura",23.7601,90.4193,1,"Dhaka Tribune",National,"On 2 August 2024, students, under the banner of 'anti-discrimination student movement', staged a protest in Dhaka - Rampura (Rampura), demanding justice for deaths during the quota reform movement, and release of students detained by police forces.",0,"crowd size=no report",1728407772
BGD27971,"02 August 2024",2024,1,Demonstrations,Protests,"Peaceful protest","Protesters (Bangladesh)","Students (Bangladesh); ADSM: Anti-Discrimination Student Movement",Protesters,,,,"Protesters only",,50,"South Asia",Bangladesh,Rajshahi,Pabna,"Pabna Sadar",Pabna,24.0064,89.2372,1,"Dhaka Tribune",National,"On 2 August 2024, students, under the banner of 'anti-discrimination student movement', staged a protest at the gate of Pabna University of Science and Technology, Pabna city, Pabna Sadar (Rajshahi), demanding justice for deaths during the quota reform movement, and release of students detained by police forces.",0,"crowd size=no report",1728407772
BGD27985,"02 August 2024",2024,1,Demonstrations,Protests,"Peaceful protest","Protesters (Bangladesh)","Students (Bangladesh); Teachers (Bangladesh); ADSM: Anti-Discrimination Student Movement",Protesters,,,,"Protesters only",,50,"South Asia",Bangladesh,Dhaka,Dhaka,Shahbagh,"Dhaka - Shahbagh",23.7317,90.3959,1,"New Age (Bangladesh)",National,"On 2 August 2024, thousands of people including students, teachers, and human rights activists, under the banner of 'anti-discrimination student movement', staged a protest in front of Central Shaheed Minar in Dhaka - Shahbagh (Shahbagh), demanding resignation of the government for deaths during the quota reform movement, withdrawal of curfew, and release of detainees.",0,"crowd size=thousands",1728407772
BGD27987,"02 August 2024",2024,1,Demonstrations,Protests,"Peaceful protest","Protesters (Bangladesh)","BSU: Bangladesh Students' Union; Students (Bangladesh); Teachers (Bangladesh); ADSM: Anti-Discrimination Student Movement",Protesters,,,,"Protesters only",,50,"South Asia",Bangladesh,Dhaka,Dhaka,Motijheel,"Dhaka - Motijheel",23.7363,90.4232,1,"New Age (Bangladesh)",National,"On 2 August 2024, hundreds of people including students and teachers and members of Chhatra Union (BSU), under the banner of 'anti-discrimination student movement', staged a protest in front of Baitul Mukarram mosque in Dhaka - Motijheel (Motijheel), demanding resignation of the government for deaths during the quota reform movement, withdrawal of curfew, and release of detainees.",0,"crowd size=hundreds",1728407772
BGD28171,"02 August 2024",2024,1,Demonstrations,Protests,"Peaceful protest","Protesters (Bangladesh)","Students (Bangladesh); ADSM: Anti-Discrimination Student Movement",Protesters,,,,"Protesters only",,50,"South Asia",Bangladesh,Rangpur,Rangpur,"Rangpur Sadar",Rangpur,25.7466,89.2516,1,"New Nation (Bangladesh)",National,"On 2 August 2024, students and parents, under the banner of 'anti-discrimination student movement', staged a protest in front of Begum Rokeya University in Rangpur city, Rangpur Sadar (Rangpur), demanding resignation of the Prime Minister for deaths during the quota reform movement, and release of students detained by police forces.",0,"crowd size=no report",1728407772
BGD28172,"02 August 2024",2024,1,Demonstrations,Protests,"Peaceful protest","Protesters (Bangladesh)","Students (Bangladesh); ADSM: Anti-Discrimination Student Movement",Protesters,,,,"Protesters only",,50,"South Asia",Bangladesh,Dhaka,Kishoregonj,"Kishoreganj Sadar",Kishoreganj,24.4338,90.7847,1,"New Nation (Bangladesh)",National,"On 2 August 2024, students, under the banner of 'Anti-Discrimination Student Movement', staged a protest in Kishoreganj city, Kishoreganj Sadar (Kishoregonj, Dhaka), demanding resignation of the Prime Minister for deaths during the quota reform movement, and release of students detained by police forces.",0,"crowd size=no report",1728407772
BGD27965,"02 August 2024",2024,1,Demonstrations,Protests,"Peaceful protest","Protesters (Bangladesh)","Students (Bangladesh); ADSM: Anti-Discrimination Student Movement",Protesters,,,,"Protesters only",,50,"South Asia",Bangladesh,Chittagong,Comilla,"Comilla Adarsha Sadar",Comilla,23.4619,91.185,1,"Dhaka Tribune",National,"On 2 August 2024, students, under the banner of 'anti-discrimination student movement', staged protests in Tomsom Bridge and Jhautala Chhata Mosque areas, Comilla city, Comilla Adarsha Sadar (Chittagong), demanding justice for deaths during the quota reform movement, and release of students detained by police forces.",0,"crowd size=no report",1728407772
BGD28008,"02 August 2024",2024,1,Demonstrations,Riots,"Violent demonstration","Rioters (Bangladesh)","Students (Bangladesh); ADSM: Anti-Discrimination Student Movement",Rioters,"Rioters (Bangladesh)","BCL: Bangladesh Chhatra League; Jubo League; Students (Bangladesh)",Rioters,Rioters-Rioters,,50,"South Asia",Bangladesh,Chittagong,Lakshmipur,"Lakshmipur Sadar",Lakshmipur,22.9443,90.8301,1,"New Age (Bangladesh); Prothom Alo",National,"On 2 August 2024, students, under the banner of 'anti-discrimination student movement', staged a demonstration in Lakshmipur city (Chittagong), demanding resignation of the government for deaths during the quota reform movement, withdrawal of curfew, and release of detainees. Members of Awami League, Chhatra League (BCL), and Jubo League staged a counter-demonstration, leading to both sides clashing with brick bats. At least 10 persons from both sides were injured, including 7-8 demonstrators.",0,"crowd size=no report",1728407772
BGD28009,"02 August 2024",2024,1,Demonstrations,Protests,"Protest with intervention","Protesters (Bangladesh)","Students (Bangladesh); ADSM: Anti-Discrimination Student Movement",Protesters,"Rioters (Bangladesh)","BCL: Bangladesh Chhatra League; Jubo League; Students (Bangladesh)",Rioters,Rioters-Protesters,,50,"South Asia",Bangladesh,Chittagong,Lakshmipur,Ramganj,Ramganj,23.1006,90.8499,2,"New Age (Bangladesh)",National,"On 2 August 2024, students, under the banner of 'anti-discrimination student movement', staged a protest in Ramganj upazila (Lakshmipur, Chittagong), demanding resignation of the government for deaths during the quota reform movement, withdrawal of curfew, and release of detainees. Members of Awami League, Chhatra League (BCL), and Jubo League assaulted the students, leading to 30 people being injured in clashes in two areas (coded separately).",0,"crowd size=no report",1728407772
BGD28012,"02 August 2024",2024,1,Demonstrations,Protests,"Protest with intervention","Protesters (Bangladesh)","Students (Bangladesh); ADSM: Anti-Discrimination Student Movement",Protesters,"Rioters (Bangladesh)","AL: Bangladesh Awami League; BCL: Bangladesh Chhatra League; Jubo League; Students (Bangladesh)",Rioters,Rioters-Protesters,,50,"South Asia",Bangladesh,Dhaka,Narsingdi,"Narsingdi Sadar",Narsingdi,23.923,90.7177,1,"New Age (Bangladesh)",National,"On 2 August 2024, students and guardians, under the banner of 'anti-discrimination student movement', staged a protest in front of Narsingdi Press Club, Narsingdi Sadar (Dhaka), demanding resignation of the government for deaths during the quota reform movement, withdrawal of curfew, and release of detainees. Members of Awami League, Chhatra League (BCL), and Jubo League assaulted the protesters with sticks, leading to 10 people being injured.",0,"crowd size=no report",1728407772
BGD28007,"02 August 2024",2024,1,Demonstrations,Riots,"Violent demonstration","Rioters (Bangladesh)","Students (Bangladesh); ADSM: Anti-Discrimination Student Movement",Rioters,"Police Forces of Bangladesh (2009-2024)",,"State forces","State forces-Rioters",,50,"South Asia",Bangladesh,Chittagong,Chittagong,Pahartali,Chittagong,22.3571,91.7823,1,"New Age (Bangladesh)",National,"On 2 August 2024, thousands of people, including students, under the banner of 'anti-discrimination student movement', staged a demonstration from Andarkilla mosque, and marched towards the New Market crossing, passing through the Laldighi-Rifles Club road, in Chittagong city (Pahartali), demanding resignation of the government for deaths during the quota reform movement, withdrawal of curfew, and release of detainees. Demonstrators vandalized a police box during the march.",0,"crowd size=thousands",1728407772
BGD28010,"02 August 2024",2024,1,"Political violence; Demonstrations",Protests,"Excessive force against protesters","Protesters (Bangladesh)","Students (Bangladesh); ADSM: Anti-Discrimination Student Movement",Protesters,"Police Forces of Bangladesh (2009-2024)","AL: Bangladesh Awami League; BCL: Bangladesh Chhatra League; Rioters (Bangladesh); Students (Bangladesh)","State forces","State forces-Protesters","Civilian targeting",50,"South Asia",Bangladesh,Dhaka,Dhaka,Uttara,"Dhaka - Uttara",23.869,90.3942,1,"Dhaka Tribune; New Age (Bangladesh)",National,"On 2 August 2024, thousands of people, including students, under the banner of 'anti-discrimination student movement', staged a protest in Dhaka - Uttara (Uttara), demanding resignation of the government for deaths during the quota reform movement, withdrawal of curfew, and release of detainees. Police forces fired bullets, whereas members of Awami League and Chhatra League (BCL) also assaulted the protesters. At least 15 people were injured in the incident.",0,"crowd size=thousands",1728407772
BGD28011,"02 August 2024",2024,1,Demonstrations,Riots,"Violent demonstration","Rioters (Bangladesh)","Students (Bangladesh); ADSM: Anti-Discrimination Student Movement",Rioters,"Police Forces of Bangladesh (2009-2024)","AL: Bangladesh Awami League; Police Forces of Bangladesh (2009-2024)","State forces","State forces-Rioters",,50,"South Asia",Bangladesh,Dhaka,Dhaka,Uttara,"Dhaka - Uttara",23.869,90.3942,1,"Daily Star (Bangladesh); Dhaka Tribune",National,"On 2 August 2024, students, under the banner of 'anti-discrimination student movement', clashed with police forces and members of Awami League in Dhaka - Uttara (Uttara), demanding justice for deaths during the quota reform movement, and release of students detained by police forces. Police fired sound grenades and tear gas shells during the clash. Dozens were injured in the incident.",0,"crowd size=no report",1728407772
BGD28013,"02 August 2024",2024,1,Demonstrations,Riots,"Violent demonstration","Rioters (Bangladesh)","Students (Bangladesh); ADSM: Anti-Discrimination Student Movement",Rioters,"Police Forces of Bangladesh (2009-2024)",,"State forces","State forces-Rioters",,50,"South Asia",Bangladesh,Khulna,Khulna,"Khulna Sadar",Khulna,22.8097,89.5643,1,"New Age (Bangladesh); Prothom Alo",National,"On 2 August 2024, students, under the banner of 'anti-discrimination student movement', clashed with police forces using brickbats in Zero Point, Gallamari Mor, and Khulna University area in Khulna city, Khulna Sadar, during their demonstration demanding resignation of the government for deaths during the quota reform movement, withdrawal of curfew, and release of detainees. Police personnel fired tear gas shells, rubber bullets, and sound grenades during the clash. Demonstrators burned down a police car and beat and killed 1 police personnel. More than 50 people from both sides, including 20 - 25 policemen were injured. 9 persons were injured with gunshot wounds.",1,"crowd size=no report",1728407772
BGD28014,"02 August 2024",2024,1,Demonstrations,Riots,"Violent demonstration","Rioters (Bangladesh)","Civilians (Bangladesh); JCD: Bangladesh Jatiotabadi Chatra Dal; Labor Group (Bangladesh); Students (Bangladesh); ADSM: Anti-Discrimination Student Movement",Rioters,"Police Forces of Bangladesh (2009-2024)","AL: Bangladesh Awami League; BCL: Bangladesh Chhatra League; Police Forces of Bangladesh (2009-2024) Border Guards Bangladesh; Police Forces of Bangladesh (2009-2024) Rapid Action Battalion; Rioters (Bangladesh); Students (Bangladesh)","State forces","State forces-Rioters",,50,"South Asia",Bangladesh,Sylhet,Habiganj,"Habiganj Sadar",Habiganj,24.3804,91.413,1,"New Age (Bangladesh); Prothom Alo",National,"On 2 August 2024, students, under the banner of 'anti-discrimination student movement', clashed with police forces, RAB forces, Border Guards, and members of Awami League and BCL in Habiganj city, Habiganj Sadar (Sylhet), during their demonstration demanding resignation of the government for deaths during the quota reform movement, withdrawal of curfew, and release of detainees. JCD members joined the demonstrators at some places. Demonstrators set fire to Awami League office and threw stones at the residence of AL Member of Parliament. Police forces fired tear gas and rubber bullets to disperse the demonstrators. 1 person, a laborer not involved in the demonstration, was killed and at least 50 were injured in the clash.",1,"crowd size=no report",1728407772
BGD28015,"02 August 2024",2024,1,Demonstrations,Riots,"Violent demonstration","Rioters (Bangladesh)","Civilians (Bangladesh); Journalists (Bangladesh); Students (Bangladesh); ADSM: Anti-Discrimination Student Movement",Rioters,"Police Forces of Bangladesh (2009-2024)",,"State forces","State forces-Rioters",,50,"South Asia",Bangladesh,Sylhet,Sylhet,"Sylhet Sadar",Sylhet,24.899,91.872,1,"New Age (Bangladesh); Prothom Alo",National,"On 2 August 2024, students, under the banner of 'anti-discrimination student movement', clashed with police forces in Temukhi, Surma residential area, Tapoban, Akhalia, Madina Market, Pathantula and Bagbari areas in Sylhet city, Sylhet Sadar, during their demonstration demanding resignation of the government for deaths during the quota reform movement, withdrawal of curfew, and release of detainees. Police personnel fired tear gas shells, rubber bullets, and sound grenades during the clash while demonstrators threw brickbats. As many as 250 persons, including journalists and passers-by, were injured. 7 police personnel were injured.",0,"crowd size=no report",1728407772
BGD27923,"01 August 2024",2024,1,Demonstrations,Protests,"Peaceful protest","Protesters (Bangladesh)","Labor Group (Bangladesh)",Protesters,,,,"Protesters only",,50,"South Asia",Bangladesh,Dhaka,Dhaka,Rampura,"Dhaka - Rampura",23.7601,90.4193,1,"Prothom Alo",National,"On 1 August 2024, drama artists and performers staged a protest in front of BTV office in Dhaka - Rampura (Rampura), demanding punishment for those involved in vandalizing the building during quota reform movement, while also opposing deaths of students during the movement.",0,"crowd size=no report",1722974431
BGD27926,"01 August 2024",2024,1,Demonstrations,Protests,"Peaceful protest","Protesters (Bangladesh)","Labor Group (Bangladesh); Teachers (Bangladesh)",Protesters,,,,"Protesters only",,50,"South Asia",Bangladesh,Dhaka,Dhaka,Tejgaon,"Dhaka - Tejgaon",23.7626,90.3913,1,"New Age (Bangladesh)",National,"On 1 August 2024, cultural activists and film makers staged a protest in Farmgate area, while teachers of Asia Pacific University staged a protest on the university campus, in Dhaka - Tejgaon (Tejgaon), demanding justice for deaths during the quota reform movement, and release of students detained by police forces.",0,"crowd size=no report",1722974431
BGD27977,"01 August 2024",2024,1,Demonstrations,Protests,"Peaceful protest","Protesters (Bangladesh)","BNP: Bangladesh Nationalist Party; ICS: Islami Chhatra Shibir; JeI: Jamaat-e-Islami; Lawyers (Bangladesh); Students (Bangladesh)",Protesters,,,,"Protesters only",,50,"South Asia",Bangladesh,Rajshahi,Bogra,"Bogra Sadar",Bogra,24.853,89.3732,1,"Dhaka Tribune; New Age (Bangladesh)",National,"On 1 August 2024, hundreds of students, including pro-BNP lawyers, and members of Jamaat-e-Islami and ICS staged protests in Bogra city, Bogra Sadar (Rajshahi), demanding justice for deaths during the quota reform movement, and release of students detained by police forces.",0,"crowd size=hundreds",1722974431
BGD27981,"01 August 2024",2024,1,"Political violence",Riots,"Mob violence","Rioters (Bangladesh)","BCL: Bangladesh Chhatra League; Students (Bangladesh)",Rioters,,,,"Rioters only",,50,"South Asia",Bangladesh,Barisal,Patuakhali,"Kala Para",Kalapara,21.9845,90.2296,2,"Prothom Alo",National,"On 1 August 2024, 30-40 members of Chhatra League (BCL) vandalized business establishments of two BNP leaders with bricks in Kalapara (Kala Para) upazila (Patuakhali, Barisal), over unknown reasons.",0,"crowd size=30-40",1722974431
BGD27983,"01 August 2024",2024,1,Demonstrations,Protests,"Peaceful protest","Protesters (Bangladesh)","Students (Bangladesh); Teachers (Bangladesh)",Protesters,,,,"Protesters only",,50,"South Asia",Bangladesh,Dhaka,Dhaka,Savar,Savar,23.8486,90.25,1,"New Age (Bangladesh)",National,"On 1 August 2024, students and teachers of Jahangirnagar University staged a protest on campus in Savar city (Dhaka), demanding justice for deaths during the quota reform movement, and release of students detained by police forces.",0,"crowd size=no report",1722974431
BGD27984,"01 August 2024",2024,1,"Political violence",Riots,"Mob violence","Rioters (Bangladesh)",,Rioters,,,,"Rioters only",,50,"South Asia",Bangladesh,Chittagong,Chittagong,Hathazari,Fatehpur,22.4822,91.8142,1,"Daily Star (Bangladesh)",National,"On 1 August 2024, assailants exploded six crude bombs in front of the residences of two teachers at Chittagong University, Fatehpur union, Hathazari upazila (Chittagong), over unknown reasons. The teachers were supporters of anti-quota movement.",0,"crowd size=no report",1722974431
BGD27995,"01 August 2024",2024,1,Demonstrations,Protests,"Peaceful protest","Protesters (Bangladesh)","Teachers (Bangladesh)",Protesters,,,,"Protesters only",,50,"South Asia",Bangladesh,Dhaka,Dhaka,Savar,Ashulia,23.8964,90.3262,1,"New Age (Bangladesh)",National,"On 1 August 2024, teachers of Eastern University staged a protest on campus in Ashulia town, Savar city (Dhaka), demanding justice for deaths during the quota reform movement, and release of students detained by police forces.",0,"crowd size=no report",1722974432
BGD27996,"01 August 2024",2024,1,Demonstrations,Protests,"Peaceful protest","Protesters (Bangladesh)","Teachers (Bangladesh)",Protesters,,,,"Protesters only",,50,"South Asia",Bangladesh,Dhaka,Dhaka,Badda,"Dhaka - Badda",23.7852,90.4387,1,"New Age (Bangladesh)",National,"On 1 August 2024, teachers of North South University staged a protest on campus in Dhaka - Badda (Badda), demanding justice for deaths during the quota reform movement, and release of students detained by police forces.",0,"crowd size=no report",1722974432
BGD27997,"01 August 2024",2024,1,Demonstrations,Protests,"Peaceful protest","Protesters (Bangladesh)","Teachers (Bangladesh)",Protesters,,,,"Protesters only",,50,"South Asia",Bangladesh,Dhaka,Dhaka,Kotwali,"Dhaka - Kotwali",23.7106,90.4088,1,"New Age (Bangladesh)",National,"On 1 August 2024, teachers of Jagannath University staged a protest on campus in Dhaka - Kotwali (Kotwali), demanding justice for deaths during the quota reform movement, and release of students detained by police forces.",0,"crowd size=no report",1722974432
BGD27998,"01 August 2024",2024,1,Demonstrations,Protests,"Peaceful protest","Protesters (Bangladesh)","Teachers (Bangladesh)",Protesters,,,,"Protesters only",,50,"South Asia",Bangladesh,Dhaka,Dhaka,Shahbagh,"Dhaka - Shahbagh",23.7317,90.3959,1,"New Age (Bangladesh); Prothom Alo",National,"On 1 August 2024, teachers of Dhaka University staged a protest on campus in Dhaka - Shahbagh (Shahbagh), demanding justice for deaths during the quota reform movement, and release of students detained by police forces. Members of 'Samilit Sanskultur Jyothan' and cultural activists staged a separate human chain protest in front of National Museum, Dhaka - Shahbagh (Shahbagh).",0,"crowd size=no report",1722974432
BGD27999,"01 August 2024",2024,1,Demonstrations,Protests,"Peaceful protest","Protesters (Bangladesh)","Teachers (Bangladesh)",Protesters,,,,"Protesters only",,50,"South Asia",Bangladesh,Khulna,Khulna,"Khulna Sadar",Khulna,22.8097,89.5643,1,"Prothom Alo",National,"On 1 August 2024, teachers of Khulna University of Engineering and Technology (KUET) staged a human chain protest on campus in Khulna city, Khulna Sadar, demanding justice for deaths during the quota reform movement, and release of students detained by police forces.",0,"crowd size=no report",1722974432
BGD28005,"01 August 2024",2024,1,Demonstrations,Protests,"Peaceful protest","Protesters (Bangladesh)",,Protesters,,,,"Protesters only",,50,"South Asia",Bangladesh,Dhaka,Dhaka,,Dhaka,23.7656,90.3879,1,"New Age (Bangladesh)",National,"On 1 August 2024, members of Bikkhubdho Nagorik Shomaj (citizens platform), staged a protest in front of Detective Branch office in Dhaka city, demanding release all students and general people arrested during the quota reform movement across Bangladesh.",0,"crowd size=no report",1722974432
BGD28163,"01 August 2024",2024,1,"Political violence",Riots,"Mob violence","Rioters (Bangladesh)","Jubo League",Rioters,"Civilians (Bangladesh)","JCD: Bangladesh Jatiotabadi Chatra Dal; Students (Bangladesh)",Civilians,Rioters-Civilians,"Civilian targeting",50,"South Asia",Bangladesh,Dhaka,Narayanganj,Rupganj,Rupganj,23.8244,90.5163,2,"Prothom Alo",National,"On 1 August 2024, members of Jubo League hacked and killed a member of Chatra Dal (JCD) in Rupganj upazila (Narayanganj, Dhaka), following a verbal altercation. Conflicting reports indicate that the argument was either over the ongoing demonstration of students, demanding resignation of the government for deaths during the quota reform movement, or over a land dispute.",1,"crowd size=no report",1723576773
BGD27988,"01 August 2024",2024,1,"Strategic developments","Strategic developments",Other,"Government of Bangladesh (2009-2024)",,"State forces","JeI: Jamaat-e-Islami","ICS: Islami Chhatra Shibir; Students (Bangladesh)","Political militia","State forces-Political militia",,50,"South Asia",Bangladesh,Dhaka,Dhaka,,Dhaka,23.7656,90.3879,3,"Daily Star (Bangladesh)",National,"Other: On 1 August 2024, the government banned the JeI, ICS and all other frontal organizations of the party (coded to Dhaka) under the Anti-Terrorism Act for 'recent killings, destructive and terrorist activities directly and through incitement'.",0,,1724113673
BGD27991,"01 August 2024",2024,1,Demonstrations,Protests,"Protest with intervention","Protesters (Bangladesh)","Civilians (Bangladesh); Journalists (Bangladesh); Students (Bangladesh); Teachers (Bangladesh)",Protesters,"Police Forces of Bangladesh (2009-2024)",,"State forces","State forces-Protesters",,50,"South Asia",Bangladesh,Rajshahi,Rajshahi,Boalia,Rajshahi,24.374,88.6011,1,"New Age (Bangladesh)",National,"On 1 August 2024, students and teachers of Rajshahi University staged a protest on campus in Rajshahi city (Boalia), demanding justice for deaths during the quota reform movement, and release of students detained by police forces. Police assaulted journalists and attempted to detain students, but were forced to release them after students and teachers scuffled with the police (likely non-violent based on absence of injuries).",0,"crowd size=no report",1724113673
BGD27994,"01 August 2024",2024,1,Demonstrations,Protests,"Peaceful protest","Protesters (Bangladesh)","Teachers (Bangladesh)",Protesters,,,,"Protesters only",,50,"South Asia",Bangladesh,Chittagong,Comilla,"Comilla Adarsha Sadar",Comilla,23.4619,91.185,1,"New Age (Bangladesh)",National,"On 1 August 2024, teachers of Comilla University staged a human chain protest on campus in Comilla city, Comilla Adarsha Sadar (Chittagong), demanding justice for deaths during the quota reform movement, and release of students detained by police forces. Members of Awami League and Chhatra League (BCL) stopped some teachers from joining the human chain.",0,"crowd size=no report",1726526021
BGD27958,"01 August 2024",2024,1,Demonstrations,Protests,"Peaceful protest","Protesters (Bangladesh)","Students (Bangladesh); ADSM: Anti-Discrimination Student Movement",Protesters,,,,"Protesters only",,50,"South Asia",Bangladesh,Chittagong,Noakhali,"Noakhali Sadar",Noakhali,22.8667,91.1,1,"New Age (Bangladesh)",National,"On 1 August 2024, students of Noakhali Science and Technology University, under the banner of 'anti-discrimination student movement', staged a protest at the Maijdee Old Bus Stand in Noakhali city, Noakhali Sadar (Chittagong), demanding justice for deaths during the quota reform movement, and release of students detained by police forces.",0,"crowd size=no report",1728407771
BGD27959,"01 August 2024",2024,1,Demonstrations,Protests,"Peaceful protest","Protesters (Bangladesh)","Students (Bangladesh); ADSM: Anti-Discrimination Student Movement",Protesters,,,,"Protesters only",,50,"South Asia",Bangladesh,Chittagong,Lakshmipur,Ramganj,Ramganj,23.1006,90.8499,1,"Prothom Alo",National,"On 1 August 2024, hundreds of students, under the banner of 'anti-discrimination student movement', staged a protest in Ramganj city (Lakshmipur, Chittagong), demanding justice for deaths during the quota reform movement, and release of students detained by police forces.",0,"crowd size=hundreds",1728407771
BGD27960,"01 August 2024",2024,1,Demonstrations,Protests,"Peaceful protest","Protesters (Bangladesh)","Students (Bangladesh); ADSM: Anti-Discrimination Student Movement",Protesters,,,,"Protesters only",,50,"South Asia",Bangladesh,Dhaka,Tangail,"Tangail Sadar",Tangail,24.2498,89.9166,1,"New Age (Bangladesh)",National,"On 1 August 2024, students, under the banner of 'anti-discrimination student movement', staged a protest in Tangail city, Tangail Sadar (Dhaka), demanding justice for deaths during the quota reform movement, and release of students detained by police forces.",0,"crowd size=no report",1728407771
BGD27961,"01 August 2024",2024,1,Demonstrations,Protests,"Peaceful protest","Protesters (Bangladesh)","Students (Bangladesh); ADSM: Anti-Discrimination Student Movement",Protesters,,,,"Protesters only",,50,"South Asia",Bangladesh,Khulna,Kushtia,"Kushtia Sadar",Kushtia,23.9028,89.1194,1,"Prothom Alo",National,"On 1 August 2024, students of Islamic University, under the banner of 'anti-discrimination student movement', staged a protest on campus in Kushtia city, Kushtia Sadar (Khulna), demanding justice for deaths during the quota reform movement, and release of students detained by police forces.",0,"crowd size=no report",1728407771
BGD27962,"01 August 2024",2024,1,Demonstrations,Protests,"Peaceful protest","Protesters (Bangladesh)","Students (Bangladesh); ADSM: Anti-Discrimination Student Movement",Protesters,,,,"Protesters only",,50,"South Asia",Bangladesh,Mymensingh,Mymensingh,"Mymensingh Sadar",Mymensingh,24.7564,90.4065,1,"New Age (Bangladesh)",National,"On 1 August 2024, students, under the banner of 'anti-discrimination student movement', staged a protest in Mymensingh city, Mymensingh Sadar, demanding justice for deaths during the quota reform movement, and release of students detained by police forces.",0,"crowd size=no report",1728407771
BGD27963,"01 August 2024",2024,1,Demonstrations,Protests,"Peaceful protest","Protesters (Bangladesh)","Students (Bangladesh); ADSM: Anti-Discrimination Student Movement",Protesters,,,,"Protesters only",,50,"South Asia",Bangladesh,Rangpur,Kurigram,"Kurigram Sadar",Kurigram,25.8115,89.6428,1,"Prothom Alo",National,"On 1 August 2024, students, under the banner of 'anti-discrimination student movement', staged a protest at the gate of Kurigram Government High School, Kurigram city, Kurigram Sadar (Rangpur), demanding justice for deaths during the quota reform movement, and release of students detained by police forces.",0,"crowd size=no report",1728407771
BGD27964,"01 August 2024",2024,1,Demonstrations,Protests,"Peaceful protest","Protesters (Bangladesh)","Students (Bangladesh); ADSM: Anti-Discrimination Student Movement",Protesters,,,,"Protesters only",,50,"South Asia",Bangladesh,Sylhet,Habiganj,"Habiganj Sadar",Habiganj,24.3804,91.413,1,"Prothom Alo",National,"On 1 August 2024, students, under the banner of 'anti-discrimination student movement', staged a sit-in protest in Habiganj town, Habiganj Sadar (Sylhet), demanding justice for deaths during the quota reform movement, and release of students detained by police forces.",0,"crowd size=no report",1728407772
BGD27976,"01 August 2024",2024,1,Demonstrations,Protests,"Peaceful protest","Protesters (Bangladesh)","Lawyers (Bangladesh); Students (Bangladesh); ADSM: Anti-Discrimination Student Movement",Protesters,,,,"Protesters only",,50,"South Asia",Bangladesh,Rangpur,Gaibandha,"Gaibandha Sadar",Gaibandha,25.3353,89.5419,1,"Prothom Alo",National,"On 1 August 2024, several hundred students, under the banner of 'anti-discrimination student movement', joined by lawyers staged a protest in Gaibandha town, Gaibandha Sadar (Rangpur), demanding justice for deaths during the quota reform movement, and release of students detained by police forces.",0,"crowd size=several 100",1728407772
BGD27982,"01 August 2024",2024,1,Demonstrations,Protests,"Protest with intervention","Protesters (Bangladesh)","Students (Bangladesh); ADSM: Anti-Discrimination Student Movement",Protesters,"Rioters (Bangladesh)","BCL: Bangladesh Chhatra League; Students (Bangladesh)",Rioters,Rioters-Protesters,,50,"South Asia",Bangladesh,Chittagong,Chandpur,"Chandpur Sadar",Chandpur,23.2271,90.6543,1,"Prothom Alo",National,"On 1 August 2024, students of various institutions, under the banner of 'anti-discrimination student movement', staged a protest in Sholghar area of the Chandpur-Comilla regional road, Chandpur city, Chandpur Sadar (Chittagong), demanding justice for deaths during the quota reform movement, and release of students detained by police forces. At least 150 members of Chhatra League (BCL) assaulted the protesters and dispersed them. At least 10 people were injured.",0,"crowd size=no report",1728407772
BGD27980,"01 August 2024",2024,1,Demonstrations,Protests,"Protest with intervention","Protesters (Bangladesh)","Students (Bangladesh); ADSM: Anti-Discrimination Student Movement",Protesters,"Police Forces of Bangladesh (2009-2024)",,"State forces","State forces-Protesters",,50,"South Asia",Bangladesh,Barisal,Barisal,"Barisal Sadar",Barisal,22.705,90.3701,1,"New Age (Bangladesh)",National,"On 1 August 2024, students of Barisal University, under the banner of 'anti-discrimination student movement', staged a protest on campus in Barisal city, Barisal Sadar, demanding justice for deaths during the quota reform movement, and release of students detained by police forces. Police forces picked up 12 students from the protest.",0,"crowd size=no report",1728407772
BGD27990,"01 August 2024",2024,1,Demonstrations,Protests,"Protest with intervention","Protesters (Bangladesh)","Students (Bangladesh); ADSM: Anti-Discrimination Student Movement",Protesters,"Police Forces of Bangladesh (2009-2024)",,"State forces","State forces-Protesters",,50,"South Asia",Bangladesh,Dhaka,Narayanganj,"Narayanganj Sadar",Narayanganj,23.6135,90.503,1,"Prothom Alo",National,"On 1 August 2024, students, under the banner of 'anti-discrimination student movement', staged a protest in Narayanganj city, Narayanganj Sadar (Dhaka), demanding justice for deaths during the quota reform movement, and release of students detained by police forces. Police forces charged batons and dispersed the protesters, injuring 2 of them.",0,"crowd size=no report",1728407772
BGD27905,"31 July 2024",2024,1,Demonstrations,Protests,"Peaceful protest","Protesters (Bangladesh)","GM: Ganatantra Mancha",Protesters,,,,"Protesters only",,50,"South Asia",Bangladesh,Dhaka,Dhaka,Paltan,"Dhaka - Paltan",23.7333,90.4125,1,"New Age (Bangladesh)",National,"On 31 July 2024, members of Ganatantra Mancha staged a protest rally at Dhaka - Paltan (Paltan), demanding justice for deaths during the quota reform movement, and release of students detained by police forces.",0,"crowd size=no report",1722974431
BGD27928,"31 July 2024",2024,1,Demonstrations,Protests,"Peaceful protest","Protesters (Bangladesh)","Lawyers (Bangladesh); Students (Bangladesh)",Protesters,,,,"Protesters only",,50,"South Asia",Bangladesh,Chittagong,Chittagong,Pahartali,Chittagong,22.3571,91.7823,1,"New Age (Bangladesh)",National,"On 31 July 2024, hundreds of protesters, including students and lawyers staged a protest in front of Chattogram Court Building premises, Chittagong city (Pahartali), demanding justice for deaths during the quota reform movement, and release of students detained by police forces.",0,"crowd size=hundreds",1722974431
BGD27929,"31 July 2024",2024,1,Demonstrations,Protests,"Peaceful protest","Protesters (Bangladesh)","LDA: Left Democratic Alliance",Protesters,,,,"Protesters only",,50,"South Asia",Bangladesh,Khulna,Magura,"Magura Sadar",Magura,23.487,89.4159,1,"Prothom Alo",National,"On 31 July 2024, members of Left Democratic Alliance staged a protest in front of Magura Press Club, Magura Sadar (Khulna), demanding justice for deaths during the quota reform movement, and release of students detained by police forces.",0,"crowd size=no report",1722974431
BGD27930,"31 July 2024",2024,1,Demonstrations,Protests,"Peaceful protest","Protesters (Bangladesh)","JSD: Jatiya Samajtantrik Dal; LDA: Left Democratic Alliance",Protesters,,,,"Protesters only",,50,"South Asia",Bangladesh,Sylhet,Sylhet,"Sylhet Sadar",Sylhet,24.899,91.872,1,"Prothom Alo",National,"On 31 July 2024, members of civil society organizations, joined by the Left Democratic Alliance, Anti-Fascist Left Front and JSD, staged a protest in front of Central Shaheed Minar, Sylhet city, Sylhet Sadar, demanding justice for deaths during the quota reform movement, and release of students detained by police forces.",0,"crowd size=no report",1722974431
BGD27933,"31 July 2024",2024,1,"Political violence",Battles,"Armed clash","Rohingya Muslim Militia (Myanmar)","Refugees/IDPs (Myanmar)","Identity militia","Rohingya Muslim Militia (Myanmar)","Refugees/IDPs (Myanmar)","Identity militia","Identity militia-Identity militia",,50,"South Asia",Bangladesh,Chittagong,"Cox's Bazar",Ukhia,Ukhiya,21.245,92.1375,2,"New Age (Bangladesh)",National,"On 31 July 2024, two groups of Rohingya community engaged in a gunfight at a refugee camp in Ukhia upazila (coded to Ukhiya, Cox's Bazar, Chittagong), over establishing supremacy. 1 person was killed in the clash.",1,,1722974431
BGD27993,"31 July 2024",2024,1,Demonstrations,Protests,"Peaceful protest","Protesters (Bangladesh)","Teachers (Bangladesh)",Protesters,,,,"Protesters only",,50,"South Asia",Bangladesh,Dhaka,Dhaka,Mohammadpur,"Dhaka - Mohammadpur",23.7602,90.3509,1,"New Age (Bangladesh)",National,"On 31 July 2024, teachers of ULAB staged a protest on campus in Dhaka - Mohammadpur (Mohammadpur), demanding justice for deaths during the quota reform movement, and the release of students detained by police forces.",0,"crowd size=no report",1722974431
BGD28000,"31 July 2024",2024,1,Demonstrations,Protests,"Peaceful protest","Protesters (Bangladesh)","AL: Bangladesh Awami League; BNP: Bangladesh Nationalist Party; Teachers (Bangladesh)",Protesters,,,,"Protesters only",,50,"South Asia",Bangladesh,Rajshahi,Rajshahi,Boalia,Rajshahi,24.374,88.6011,1,"New Age (Bangladesh)",National,"On 31 July 2024, several hundred pro-Awami League and pro-BNP teachers, joined by members of Jatiyatabadi Teachers Forum, staged separate protests on campus in Rajshahi city (Boalia), demanding justice for deaths during the quota reform movement, and release of students detained by police forces.",0,"crowd size=several 100",1722974432
BGD28001,"31 July 2024",2024,1,Demonstrations,Protests,"Peaceful protest","Protesters (Bangladesh)","Students (Bangladesh); Teachers (Bangladesh)",Protesters,,,,"Protesters only",,50,"South Asia",Bangladesh,Dhaka,Dhaka,Shahbagh,"Dhaka - Shahbagh",23.7317,90.3959,1,"New Age (Bangladesh)",National,"On 31 July 2024, teachers of BUET university, joined by students, staged a protest in front of Central Shaheed Minar in Dhaka - Shahbagh (Shahbagh), demanding justice for deaths during the quota reform movement, and release of students detained by police forces.",0,"crowd size=no report",1722974432
BGD28002,"31 July 2024",2024,1,Demonstrations,Protests,"Peaceful protest","Protesters (Bangladesh)","Students (Bangladesh); Teachers (Bangladesh)",Protesters,,,,"Protesters only",,50,"South Asia",Bangladesh,Dhaka,Dhaka,Savar,Savar,23.8486,90.25,1,"Dhaka Tribune",National,"On 31 July 2024, students and teachers of Jahangirnagar University staged a protest on campus in Savar city (Dhaka), demanding justice for deaths during the quota reform movement, and release of students detained by police forces.",0,"crowd size=no report",1722974432
BGD27931,"31 July 2024",2024,1,Demonstrations,Riots,"Violent demonstration","Rioters (Bangladesh)","Civilians (Bangladesh); Journalists (Bangladesh); JSD: Jatiya Samajtantrik Dal; Students (Bangladesh)",Rioters,"Police Forces of Bangladesh (2009-2024)",,"State forces","State forces-Rioters",,50,"South Asia",Bangladesh,Barisal,Barisal,"Barisal Sadar",Barisal,22.705,90.3701,1,"New Age (Bangladesh)",National,"On 31 July 2024, students, including members of Samajtantrik Dal (JSD), clashed with police forces in Barisal city, Barisal Sadar, during their demonstration demanding justice for deaths during the quota reform movement, and release of students detained by police forces. Police forces claimed that the demonstrators vandalized cars and threw bricks. At least 50 people, including 5 journalists, were injured in the clash.",0,"crowd size=no report",1724113673
BGD27932,"31 July 2024",2024,1,Demonstrations,Protests,"Protest with intervention","Protesters (Bangladesh)","Lawyers (Bangladesh)",Protesters,"Police Forces of Bangladesh (2009-2024)",,"State forces","State forces-Protesters",,50,"South Asia",Bangladesh,Chittagong,Lakshmipur,"Lakshmipur Sadar",Lakshmipur,22.9443,90.8301,1,"Prothom Alo",National,"On 31 July 2024, lawyers staged a human chain protest in front of District Lawyers' Association building in Lakshmipur city, Lakshmipur Sadar (Chittagong), demanding justice for deaths during the quota reform movement, and release of students detained by police forces. Pro-Awami League lawyers stopped them from forming a human chain. Police removed the students from the site.",0,"crowd size=no report",1724113673
BGD27936,"31 July 2024",2024,1,Demonstrations,Protests,"Protest with intervention","Protesters (Bangladesh)","Lawyers (Bangladesh); Students (Bangladesh); Teachers (Bangladesh)",Protesters,"Police Forces of Bangladesh (2009-2024)",,"State forces","State forces-Protesters",,50,"South Asia",Bangladesh,Dhaka,Dhaka,Shahbagh,"Dhaka - Shahbagh",23.7317,90.3959,1,"New Age (Bangladesh)",National,"On 31 July 2024, hundreds of students, joined by teachers and lawyers, staged a protest outside the High Court in Dhaka - Shahbagh city, demanding justice for deaths during the quota reform movement, and release of students detained by police forces. Police detained 9 protesters during the protest, but later released them. Police scuffled with students and teachers of Dhaka university (likely using violence based on injuries) in front of Bangladesh Shishu Academy in Dhaka - Shahbagh, when they were on their way to the High Court. 1 teacher was injured in the incident.",0,"crowd size=hundreds",1724113673
BGD27942,"31 July 2024",2024,1,Demonstrations,Riots,"Violent demonstration","Rioters (Bangladesh)","Students (Bangladesh)",Rioters,"Police Forces of Bangladesh (2009-2024)",,"State forces","State forces-Rioters",,50,"South Asia",Bangladesh,Khulna,Khulna,"Khulna Sadar",Khulna,22.8097,89.5643,1,"Dhaka Tribune; New Age (Bangladesh)",National,"On 31 July 2024, hundreds of students clashed with police forces in Satrasta crossing area, Khulna city, Khulna Sadar, during their demonstration demanding justice for deaths during the quota reform movement, and release of students detained by police forces. Police forces fired sound grenades, rubber bullets and tear gas shells. At least 60 people were injured, and 100 were detained in the clash.",0,"crowd size=hundreds",1724113673
BGD27947,"31 July 2024",2024,1,Demonstrations,Riots,"Violent demonstration","Rioters (Bangladesh)",,Rioters,"Police Forces of Bangladesh (2009-2024)",,"State forces","State forces-Rioters",,50,"South Asia",Bangladesh,Rajshahi,Rajshahi,Boalia,Rajshahi,24.374,88.6011,1,"Prothom Alo",National,"On 31 July 2024, rioters threw bricks at a police patrol car in Rajshahi city (Boalia), amid ongoing demonstrations demanding justice for deaths during quota reform movement, and release of students detained by police forces. Police fired sound grenades in retaliation. No injuries.",0,"crowd size=no report",1724113673
BGD27952,"31 July 2024",2024,1,Demonstrations,Riots,"Violent demonstration","Rioters (Bangladesh)","Students (Bangladesh)",Rioters,"Police Forces of Bangladesh (2009-2024)",,"State forces","State forces-Rioters",,50,"South Asia",Bangladesh,Sylhet,Sylhet,"Sylhet Sadar",Sylhet,24.899,91.872,1,"Dhaka Tribune; New Age (Bangladesh)",National,"On 31 July 2024, students clashed with police forces using bricks in Subid Bazar area, Sylhet city, Sylhet Sadar, during their demonstration demanding justice for deaths during the quota reform movement, and release of students detained by police forces. Police forces used tear gas, rubber bullets and sound grenades during the clash. At least 20 people were injured in the clash.",0,"crowd size=no report",1724113673
BGD28609,"31 July 2024",2024,1,"Political violence","Violence against civilians",Attack,"AL: Bangladesh Awami League","Police Forces of Bangladesh (2009-2024)","Political militia","Civilians (Bangladesh)","Journalists (Bangladesh)",Civilians,"Political militia-Civilians","Civilian targeting",50,"South Asia",Bangladesh,Dhaka,Dhaka,Uttara,"Dhaka - Uttara",23.869,90.3942,1,"Dhaka Tribune",National,"On 31 July 2024, unidentified individuals in plain clothes joined by 50-60 other unknown people (likely police personnel and AL supporters, respectively, based on previously coded events amid quota reform movement) abducted and killed a journalist in Dhaka - Uttara (Uttara), in a targeted attack, amid ongoing demonstration of students, demanding justice and accountability for the deaths and mass arrests during the quota reform movement.",1,,1726009827
BGD27953,"31 July 2024",2024,1,Demonstrations,Protests,"Peaceful protest","Protesters (Bangladesh)","Students (Bangladesh); ADSM: Anti-Discrimination Student Movement",Protesters,,,,"Protesters only",,50,"South Asia",Bangladesh,Chittagong,Noakhali,"Noakhali Sadar",Noakhali,22.8667,91.1,1,"Prothom Alo",National,"On 31 July 2024, thousands of students, under the banner of 'anti-discrimination student movement', staged a protest in Majidi court area, Noakhali district town, Noakhali Sadar (Chittagong), demanding justice for deaths during the quota reform movement, and release of students detained by police forces.",0,"crowd size=thousands",1728407771
BGD27954,"31 July 2024",2024,1,Demonstrations,Protests,"Peaceful protest","Protesters (Bangladesh)","Students (Bangladesh); ADSM: Anti-Discrimination Student Movement",Protesters,,,,"Protesters only",,50,"South Asia",Bangladesh,Dhaka,Kishoregonj,"Kishoreganj Sadar",Kishoreganj,24.4338,90.7847,1,"Prothom Alo",National,"On 31 July 2024, students, under the banner of 'anti-discrimination student movement', staged protests in front of Kishoreganj court, and the field of Biam Laboratory School in Kishoreganj city, Kishoreganj Sadar (Kishoregonj, Dhaka), demanding justice for deaths during the quota reform movement, and release of students detained by police forces.",0,"crowd size=no report",1728407771
BGD27956,"31 July 2024",2024,1,Demonstrations,Protests,"Peaceful protest","Protesters (Bangladesh)","Students (Bangladesh); ADSM: Anti-Discrimination Student Movement",Protesters,"Protesters (Bangladesh)","BCL: Bangladesh Chhatra League; Students (Bangladesh)",Protesters,Protesters-Protesters,,50,"South Asia",Bangladesh,Mymensingh,Mymensingh,"Mymensingh Sadar",Mymensingh,24.7564,90.4065,1,"Prothom Alo",National,"On 31 July 2024, students, under the banner of 'anti-discrimination student movement', staged a protest in Mymensingh city, Mymensingh Sadar, demanding justice for deaths during the quota reform movement, and release of students detained by police forces. Members of Chhatra League (BCL) took out a counter protest at the same place against the ongoing protests of students.",0,"crowd size=no report",1728407771
BGD27957,"31 July 2024",2024,1,Demonstrations,Protests,"Peaceful protest","Protesters (Bangladesh)","Students (Bangladesh); ADSM: Anti-Discrimination Student Movement",Protesters,,,,"Protesters only",,50,"South Asia",Bangladesh,Rajshahi,Bogra,"Bogra Sadar",Bogra,24.853,89.3732,1,"Prothom Alo",National,"On 31 July 2024, students, under the banner of 'anti-discrimination student movement', staged a protest in Bogra city, Bogra Sadar (Rajshahi), demanding justice for deaths during the quota reform movement, and release of students detained by police forces.",0,"crowd size=no report",1728407771
BGD27975,"31 July 2024",2024,1,Demonstrations,Protests,"Peaceful protest","Protesters (Bangladesh)","Lawyers (Bangladesh); Students (Bangladesh); ADSM: Anti-Discrimination Student Movement",Protesters,,,,"Protesters only",,50,"South Asia",Bangladesh,Sylhet,Habiganj,"Habiganj Sadar",Habiganj,24.3804,91.413,1,"Prothom Alo",National,"On 31 July 2024, hundreds of students, under the banner of 'anti-discrimination student movement', staged a protest in front of Brindavan Government College in Habiganj city, Habiganj Sadar (Sylhet), demanding justice for deaths during the quota reform movement, and release of students detained by police forces. Lawyers joined the protest.",0,"crowd size=hundreds",1728407772
BGD27951,"31 July 2024",2024,1,Demonstrations,Protests,"Peaceful protest","Protesters (Bangladesh)","Students (Bangladesh); ADSM: Anti-Discrimination Student Movement",Protesters,,,,"Protesters only",,50,"South Asia",Bangladesh,Chittagong,Chandpur,"Chandpur Sadar",Chandpur,23.2271,90.6543,1,"Prothom Alo",National,"On 31 July 2024, students, under the banner of 'anti-discrimination student movement', staged a protest in district judge court and district commissioner's office area, Chandpur city, Chandpur Sadar (Chittagong), demanding justice for deaths during the quota reform movement, and release of students detained by police forces.",0,"crowd size=no report",1728407772
BGD27955,"31 July 2024",2024,1,Demonstrations,Protests,"Peaceful protest","Protesters (Bangladesh)","Students (Bangladesh); ADSM: Anti-Discrimination Student Movement",Protesters,,,,"Protesters only",,50,"South Asia",Bangladesh,Dhaka,Narsingdi,"Narsingdi Sadar",Narsingdi,23.923,90.7177,1,"Prothom Alo",National,"On 31 July 2024, more than 150 students, under the banner of 'anti-discrimination student movement', staged a protest in Upazila Mor area, Narsingdi city, Narsingdi Sadar (Dhaka), demanding justice for deaths during the quota reform movement, and release of students detained by police forces.",0,"crowd size=more than 150",1728407772
BGD27937,"31 July 2024",2024,1,Demonstrations,Protests,"Protest with intervention","Protesters (Bangladesh)","Students (Bangladesh); ADSM: Anti-Discrimination Student Movement",Protesters,"Police Forces of Bangladesh (2009-2024)",,"State forces","State forces-Protesters",,50,"South Asia",Bangladesh,Dhaka,Gazipur,"Gazipur Sadar",Gazipur,23.9984,90.4223,1,"Prothom Alo",National,"On 31 July 2024, students, under the banner of 'anti-discrimination student movement', staged a protest in Gazipur city, Gazipur Sadar (Dhaka), demanding justice for deaths during the quota reform movement, and release of students detained by police forces. Police forces charged batons and dispersed the protesters.",0,"crowd size=no report",1728407772
BGD27941,"31 July 2024",2024,1,Demonstrations,Protests,"Protest with intervention","Protesters (Bangladesh)","Students (Bangladesh); ADSM: Anti-Discrimination Student Movement",Protesters,"Police Forces of Bangladesh (2009-2024)",,"State forces","State forces-Protesters",,50,"South Asia",Bangladesh,Khulna,Jessore,"Jessore Sadar",Jessore,23.1697,89.2137,1,"Dhaka Tribune; Prothom Alo",National,"On 31 July 2024, students, under the banner of 'anti-discrimination student movement', staged a protest in Dharmatala area, Jessore city, Jessore Sadar (Khulna), demanding justice for deaths during the quota reform movement, and release of students detained by police forces. Police charged batons and dispersed the protesters. At least 20 students were injured.",0,"crowd size=no report",1728407772
BGD27948,"31 July 2024",2024,1,Demonstrations,Protests,"Protest with intervention","Protesters (Bangladesh)","Students (Bangladesh); ADSM: Anti-Discrimination Student Movement",Protesters,"Police Forces of Bangladesh (2009-2024)",,"State forces","State forces-Protesters",,50,"South Asia",Bangladesh,Rangpur,Dinajpur,"Dinajpur Sadar",Dinajpur,25.6274,88.6377,1,"Dhaka Tribune",National,"On 31 July 2024, students, under the banner of 'anti-discrimination student movement', staged a protest at Shaheed Minar, and Gor-E-Shahid Eidgah Maidan in Dinajpur city, Dinajpur Sadar (Rangpur), demanding justice for deaths during the quota reform movement, and release of students detained by police forces. Police detained 10 students during the protest.",0,"crowd size=no report",1728407772
BGD27949,"31 July 2024",2024,1,Demonstrations,Protests,"Protest with intervention","Protesters (Bangladesh)","Students (Bangladesh); ADSM: Anti-Discrimination Student Movement",Protesters,"Police Forces of Bangladesh (2009-2024)",,"State forces","State forces-Protesters",,50,"South Asia",Bangladesh,Rangpur,Thakurgaon,"Thakurgaon Sadar",Thakurgaon,26.021,88.4677,1,"Dhaka Tribune",National,"On 31 July 2024, students, under the banner of 'anti-discrimination student movement', staged a protest in Thakurgaon city, Thakurgaon Sadar (Rangpur), demanding justice for deaths during the quota reform movement, and release of students detained by police forces. Police forces used batons to disperse the protest. 2 students were injured in the clash.",0,"crowd size=no report",1728407773
BGD27992,"30 July 2024",2024,1,Demonstrations,Protests,"Peaceful protest","Protesters (Bangladesh)","Teachers (Bangladesh)",Protesters,,,,"Protesters only",,50,"South Asia",Bangladesh,Rajshahi,Rajshahi,Boalia,Rajshahi,24.374,88.6011,1,"New Age (Bangladesh)",National,"On 30 July 2024, more than 200 teachers, under the banner of 'RU Teachers Against Oppression', staged a protest at Rajshahi University, Rajshahi city (Boalia), demanding an end to the killings, disappearances, and harassment of students through mass arrests and called for the release of detainees arrested during the quota reform movement.",0,"crowd size=more than 200",1722974431
BGD28003,"30 July 2024",2024,1,Demonstrations,Protests,"Peaceful protest","Protesters (Bangladesh)","Women (Bangladesh)",Protesters,,,,"Protesters only",,50,"South Asia",Bangladesh,Dhaka,Dhaka,Shahbagh,"Dhaka - Shahbagh",23.7317,90.3959,1,"United News of Bangladesh",National,"On 30 July 2024, guardians and members of the Bangladesh Women's Liberation Centre, staged a protest rally in front of Dhaka Medical College, Dhaka - Shahbagh (Shahbagh), against the deaths during the quota reform movement. Protesters claimed that they were obstructed by police forces whereas police claimed that the protest was not obstructed.",0,"crowd size=no report",1722974432
BGD28004,"30 July 2024",2024,1,Demonstrations,Protests,"Peaceful protest","Protesters (Bangladesh)",,Protesters,,,,"Protesters only",,50,"South Asia",Bangladesh,Dhaka,Dhaka,Paltan,"Dhaka - Paltan",23.7333,90.4125,1,"Prothom Alo",National,"On 30 July 2024, an alliance of 31 cultural organizations staged a protest at Zero Point near the entrance to Bangabandhu Avenue in Dhaka - Paltan city, demanding an end to the killings, disappearances, and harassment of students, release of all detained during the quota reform movement and the resignation of the government.",0,"crowd size=no report",1722974432
BGD27950,"30 July 2024",2024,1,Demonstrations,Protests,"Peaceful protest","Protesters (Bangladesh)","Students (Bangladesh); ADSM: Anti-Discrimination Student Movement",Protesters,,,,"Protesters only",,50,"South Asia",Bangladesh,Rangpur,Panchagarh,"Panchagarh Sadar",Panchagarh,26.3334,88.5578,1,"Prothom Alo",National,"On 30 July 2024, students, under the banner of 'anti-discrimination student movement', staged a protest rally at Panchagarh Modern Sadar Hospital premises, Panchagarh city, Panchagarh Sadar (Rangpur), against the deaths during the quota reform movement, followed by mass arrests. Police arrested 5 persons before and after the protest.",0,"crowd size=no report",1728407771
BGD27944,"30 July 2024",2024,1,Demonstrations,Protests,"Peaceful protest","Protesters (Bangladesh)","Students (Bangladesh); ADSM: Anti-Discrimination Student Movement",Protesters,,,,"Protesters only",,50,"South Asia",Bangladesh,Dhaka,Kishoregonj,"Kishoreganj Sadar",Kishoreganj,24.4338,90.7847,1,"Prothom Alo",National,"On 30 July 2024, students, under the banner of 'anti-discrimination student movement', staged a protest at old thana area, Kishoreganj city, Kishoreganj Sadar (Kishoregonj, Dhaka), against the deaths during the quota reform movement, and demanded punishment for the culprits.",0,"crowd size=no report",1728407772
BGD27945,"30 July 2024",2024,1,Demonstrations,Protests,"Peaceful protest","Protesters (Bangladesh)","Students (Bangladesh); ADSM: Anti-Discrimination Student Movement",Protesters,,,,"Protesters only",,50,"South Asia",Bangladesh,Khulna,Jessore,Keshabpur,Keshabpur,22.9073,89.2195,1,"Prothom Alo",National,"On 30 July 2024, students, under the banner of 'anti-discrimination student movement', staged a protest at Tramohini intersection, Keshabpur city (Jessore, Khulna), against the deaths during quota reform movement.",0,"crowd size=no report",1728407772
BGD27946,"30 July 2024",2024,1,Demonstrations,Protests,"Peaceful protest","Protesters (Bangladesh)","Students (Bangladesh); ADSM: Anti-Discrimination Student Movement",Protesters,,,,"Protesters only",,50,"South Asia",Bangladesh,Khulna,Khulna,"Khulna Sadar",Khulna,22.8097,89.5643,1,"Prothom Alo",National,"On 30 July 2024, students, under the banner of 'anti-discrimination student movement', staged a protest at Shibari intersection in Khulna city, Khulna Sadar, against the deaths during the quota reform movement, and demanded punishment for the culprits.",0,"crowd size=no report",1728407772
BGD27979,"30 July 2024",2024,1,Demonstrations,Protests,"Peaceful protest","Protesters (Bangladesh)","Students (Bangladesh); Teachers (Bangladesh); ADSM: Anti-Discrimination Student Movement",Protesters,,,,"Protesters only",,50,"South Asia",Bangladesh,Dhaka,Dhaka,Savar,Savar,23.8486,90.25,1,"Financial Express (Bangladesh)",National,"On 30 July 2024, students and teachers of Jahangirnagar university, under the banner of 'anti-discrimination student movement', covered their mouths and eyes with red cloths, and staged a protest on campus in Savar city (Dhaka), against the deaths during quota reform movement.",0,"crowd size=no report",1728407772
BGD27989,"30 July 2024",2024,1,Demonstrations,Protests,"Peaceful protest","Protesters (Bangladesh)","Students (Bangladesh); Women (Bangladesh); ADSM: Anti-Discrimination Student Movement",Protesters,,,,"Protesters only",,50,"South Asia",Bangladesh,Sylhet,Habiganj,"Habiganj Sadar",Habiganj,24.3804,91.413,1,"Prothom Alo",National,"On 30 July 2024, female students, covering their faces with red cloth, under the banner of 'anti-discrimination student movement', staged a sit-in protest in front of Vasant Kumari Gopal Chand Government Girls' High School in Habiganj city, Habiganj Sadar (Sylhet), against the deaths during the quota reform movement, and detention of six coordinators of the movement.",0,"crowd size=no report",1728407772
BGD27917,"29 July 2024",2024,1,"Political violence","Violence against civilians",Attack,"Unidentified Armed Group (Bangladesh)",,"Political militia","Civilians (Bangladesh)","AL: Bangladesh Awami League",Civilians,"Political militia-Civilians","Civilian targeting",50,"South Asia",Bangladesh,Dhaka,Dhaka,Mohammadpur,"Dhaka - Mohammadpur",23.7602,90.3509,1,"Financial Express (Bangladesh)",National,"On 29 July 2024, unidentified men stabbed and killed an Awami League leader in Dhaka - Mohammadpur (Mohammadpur), in a targeted attack over unknown reasons.",1,,1722974431
BGD27927,"29 July 2024",2024,1,Demonstrations,Protests,"Peaceful protest","Protesters (Bangladesh)","Lawyers (Bangladesh); Teachers (Bangladesh)",Protesters,,,,"Protesters only",,50,"South Asia",Bangladesh,Dhaka,Dhaka,Shahbagh,"Dhaka - Shahbagh",23.7317,90.3959,1,"Dhaka Tribune; Prothom Alo",National,"On 29 July 2024, lawyers staged a human chain protest at Supreme Court premises while teachers of Dhaka University staged a protest on campus in Dhaka - Shahbagh (Shahbagh), demanding justice and accountability for the deaths and mass arrests during the quota reform movement.",0,"crowd size=no report",1722974431
BGD27915,"29 July 2024",2024,1,"Political violence","Violence against civilians","Abduction/forced disappearance","Police Forces of Bangladesh (2009-2024) Detective Branch",,"State forces","Civilians (Bangladesh)","AB: Amar Bangladesh Party",Civilians,"State forces-Civilians","Civilian targeting",50,"South Asia",Bangladesh,Dhaka,Dhaka,Mirpur,"Dhaka - Mirpur",23.7931,90.3629,1,"New Age (Bangladesh)",National,"On 29 July 2024, plain-clothed law enforcement personnel (likely police Detective Branch based on previously coded events) abducted a leader of Amar Bangladesh Party from Dhaka - Mirpur (Mirpur), amid ongoing arrests and detention of members and supporters of quota reform movement.",0,,1724113673
BGD27934,"29 July 2024",2024,1,Demonstrations,Protests,"Peaceful protest","Protesters (Bangladesh)","Students (Bangladesh); ADSM: Anti-Discrimination Student Movement",Protesters,,,,"Protesters only",,50,"South Asia",Bangladesh,Chittagong,Noakhali,"Noakhali Sadar",Noakhali,22.8667,91.1,1,"Asian News International",Regional,"On 29 July 2024, students, under the banner of 'anti-discrimination student movement', staged a protest and blocked Dhaka-Noakhali highway, Noakhali city, Noakhali Sadar (Chittagong), against the detention of six coordinators of the quota reform movement by the Detective Branch and claimed that the detainees were forced to issue a statement on ending demonstrations.",0,"crowd size=no report",1728407771
BGD27935,"29 July 2024",2024,1,Demonstrations,Protests,"Peaceful protest","Protesters (Bangladesh)","Students (Bangladesh); ADSM: Anti-Discrimination Student Movement",Protesters,,,,"Protesters only",,50,"South Asia",Bangladesh,Khulna,Kushtia,"Kushtia Sadar",Kushtia,23.9028,89.1194,1,"Prothom Alo",National,"On 29 July 2024, students, under the banner of 'anti-discrimination student movement', staged a protest rally in Kushtia city, Kushtia Sadar (Khulna), against the deaths during quota reform movement, mass arrests, and detention of six coordinators of the quota reform movement by the Detective Branch.",0,"crowd size=no report",1728407771
BGD27938,"29 July 2024",2024,1,Demonstrations,Protests,"Peaceful protest","Protesters (Bangladesh)","Students (Bangladesh); ADSM: Anti-Discrimination Student Movement",Protesters,,,,"Protesters only",,50,"South Asia",Bangladesh,Rajshahi,Bogra,"Bogra Sadar",Bogra,24.853,89.3732,1,"Prothom Alo",National,"On 29 July 2024, students, under the banner of 'anti-discrimination student movement', staged a protest rally in Bogra city, Bogra Sadar (Rajshahi), against the deaths during quota reform movement, mass arrests, and detention of six coordinators of the quota reform movement by the Detective Branch.",0,"crowd size=no report",1728407771
BGD27943,"29 July 2024",2024,1,Demonstrations,Protests,"Peaceful protest","Protesters (Bangladesh)","Students (Bangladesh); ADSM: Anti-Discrimination Student Movement",Protesters,,,,"Protesters only",,50,"South Asia",Bangladesh,Sylhet,Sylhet,"Sylhet Sadar",Sylhet,24.899,91.872,1,"Asian News International",Regional,"On 29 July 2024, students of SUST University, under the banner of 'anti-discrimination student movement', staged a protest rally at the gate of campus in Sylhet city, Sylhet Sadar, against the detention of six coordinators of the quota reform movement by the Detective Branch and claimed that the detainees were forced to issue a statement on ending demonstrations.",0,"crowd size=no report",1728407771
BGD27909,"29 July 2024",2024,1,Demonstrations,Protests,"Protest with intervention","Protesters (Bangladesh)","Students (Bangladesh); ADSM: Anti-Discrimination Student Movement",Protesters,"Rioters (Bangladesh)","BCL: Bangladesh Chhatra League; Students (Bangladesh)",Rioters,Rioters-Protesters,,50,"South Asia",Bangladesh,Barisal,Barisal,"Barisal Sadar",Barisal,22.705,90.3701,1,"Asian News International",Regional,"On 29 July 2024, students, under the banner of 'anti-discrimination student movement', staged a protest rally near Barisal University in Barisal city, Barisal Sadar, against the detention of six coordinators of the quota reform movement by the Detective Branch and claimed that the detainees were forced to issue a statement on ending demonstrations. 40-50 members of Chhatra League (BCL) assaulted the protesters with sticks. At least 15 people were injured in the incident.",0,"crowd size=no report",1728407772
BGD27939,"29 July 2024",2024,1,Demonstrations,Protests,"Peaceful protest","Protesters (Bangladesh)","Students (Bangladesh); ADSM: Anti-Discrimination Student Movement",Protesters,,,,"Protesters only",,50,"South Asia",Bangladesh,Rajshahi,Rajshahi,Boalia,Rajshahi,24.374,88.6011,1,"Asian News International; United News of Bangladesh",National-Regional,"On 29 July 2024, several hundred students, under the banner of 'anti-discrimination student movement', staged a protest rally and blocked Dhaka-Rajshahi highway, Rajshahi city (Boalia), demanding proper investigation and trial for those responsible for the deaths during the quota reform movement.",0,"crowd size=several 100",1728407772
BGD27978,"29 July 2024",2024,1,Demonstrations,Protests,"Peaceful protest","Protesters (Bangladesh)","Students (Bangladesh); Teachers (Bangladesh); ADSM: Anti-Discrimination Student Movement",Protesters,,,,"Protesters only",,50,"South Asia",Bangladesh,Dhaka,Dhaka,Savar,Savar,23.8486,90.25,1,"Financial Express (Bangladesh)",National,"On 29 July 2024, at least 100 students and teachers of Jahangirnagar university, under the banner of 'anti-discrimination student movement', staged a protest on campus in Savar city (Dhaka), against the deaths during quota reform movement, and demanded unconditional release of all detainees, including the coordinators of the movement, and justice and accountability for the killings.",0,"crowd size=at least 100",1728407772
BGD27940,"29 July 2024",2024,1,Demonstrations,Protests,"Peaceful protest","Protesters (Bangladesh)","Students (Bangladesh); ADSM: Anti-Discrimination Student Movement",Protesters,,,,"Protesters only",,50,"South Asia",Bangladesh,Rangpur,Thakurgaon,"Thakurgaon Sadar",Thakurgaon,26.021,88.4677,1,"Prothom Alo",National,"On 29 July 2024, students, under the banner of 'anti-discrimination student movement', staged a protest in front of Thakurgaon Government Boys High School in Thakurgaon city, Thakurgaon Sadar (Rangpur), against the deaths and mass arrests during the quota reform movement. Students and police forces had a verbal altercation during the protest.",0,"crowd size=no report",1728407772
BGD27910,"29 July 2024",2024,1,Demonstrations,Riots,"Violent demonstration","Rioters (Bangladesh)","Civilians (Bangladesh); Journalists (Bangladesh); Students (Bangladesh); ADSM: Anti-Discrimination Student Movement",Rioters,"Police Forces of Bangladesh (2009-2024)","BCL: Bangladesh Chhatra League; Jubo League; Rioters (Bangladesh); Students (Bangladesh)","State forces","State forces-Rioters",,50,"South Asia",Bangladesh,Chittagong,Chittagong,Pahartali,Chittagong,22.3571,91.7823,1,"Asian News International",Regional,"On 29 July 2024, at least 100 students, under the banner of 'anti-discrimination student movement', staged a demonstration at Cheragi intersection, Chittagong city (Pahartali), against the deaths during the quota reform movement and the detention of six coordinators of the quota reform movement by the Detective Branch. They claimed that the detainees were forced to issue a statement on ending demonstrations. 100-150 members of Chhatra League (BCL) and Jubo League assaulted and handed over 2 demonstrators to police forces. Police forces and demonstrators clashed when the demonstrators tried to snatch the detainees. Police fired stun grenades and teargas canisters during the clash. Students also threw bricks at police near Andarkilla Shahi Jame Masjid, police retaliated with tear gas and rubber bullets. 3 police personnel and 1 journalist was injured in the clash.",0,"crowd size=at least 100",1728407772
BGD27912,"29 July 2024",2024,1,Demonstrations,Protests,"Protest with intervention","Protesters (Bangladesh)","Students (Bangladesh); ADSM: Anti-Discrimination Student Movement",Protesters,"Police Forces of Bangladesh (2009-2024)",,"State forces","State forces-Protesters",,50,"South Asia",Bangladesh,Dhaka,Dhaka,Badda,"Dhaka - Badda",23.7852,90.4387,1,"Prothom Alo",National,"On 29 July 2024, students, under the banner of 'anti-discrimination student movement', staged a protest outside North South University in Dhaka - Badda, against the deaths during quota reform movement, and demanded unconditional release of all detainees. Police forces arrested 12 students",0,"crowd size=no report",1728407772
BGD27913,"29 July 2024",2024,1,Demonstrations,Protests,"Protest with intervention","Protesters (Bangladesh)","Students (Bangladesh); ADSM: Anti-Discrimination Student Movement",Protesters,"Police Forces of Bangladesh (2009-2024)",,"State forces","State forces-Protesters",,50,"South Asia",Bangladesh,Dhaka,Dhaka,Cantonment,"Dhaka - Cantonment",23.8182,90.4052,1,"Financial Express (Bangladesh); Prothom Alo",National,"On 29 July 2024, students, under the banner of 'anti-discrimination student movement', staged a protest rally in ECB Chatwar area, Dhaka - Cantonment (Cantonment), against the deaths during quota reform movement, and demanded unconditional release of all detainees. Police forces arrested some protesters and dispersed them with baton charge.",0,"crowd size=no report",1728407772
BGD27914,"29 July 2024",2024,1,Demonstrations,Protests,"Protest with intervention","Protesters (Bangladesh)","Students (Bangladesh); ADSM: Anti-Discrimination Student Movement",Protesters,"Police Forces of Bangladesh (2009-2024)",,"State forces","State forces-Protesters",,50,"South Asia",Bangladesh,Dhaka,Dhaka,Dhanmondi,"Dhaka - Dhanmondi",23.7435,90.3737,1,"Financial Express (Bangladesh); Prothom Alo",National,"On 29 July 2024, students, under the banner of 'anti-discrimination student movement', staged a protest rally in Dhaka - Dhanmondi (Dhanmondi), against the deaths during quota reform movement, and demanded unconditional release of all detainees. Police forces dispersed and arrested 10 protesters.",0,"crowd size=no report",1728407772
BGD27916,"29 July 2024",2024,1,Demonstrations,Protests,"Protest with intervention","Protesters (Bangladesh)","Students (Bangladesh); ADSM: Anti-Discrimination Student Movement",Protesters,"Police Forces of Bangladesh (2009-2024)",,"State forces","State forces-Protesters",,50,"South Asia",Bangladesh,Dhaka,Dhaka,Mirpur,"Dhaka - Mirpur",23.7931,90.3629,1,"Financial Express (Bangladesh); Prothom Alo",National,"On 29 July 2024, students, under the banner of 'anti-discrimination student movement', staged a protest rally in Dhaka - Mirpur (Mirpur), against the deaths during quota reform movement, and demanded unconditional release of all detainees. Police forces dispersed and arrested 10 protesters.",0,"crowd size=no report",1728407772
BGD27918,"29 July 2024",2024,1,Demonstrations,Protests,"Protest with intervention","Protesters (Bangladesh)","Students (Bangladesh); ADSM: Anti-Discrimination Student Movement",Protesters,"Police Forces of Bangladesh (2009-2024)",,"State forces","State forces-Protesters",,50,"South Asia",Bangladesh,Dhaka,Dhaka,"New Market","Dhaka - New Market",23.7362,90.3835,1,"New Age (Bangladesh)",National,"On 29 July 2024, students, under the banner of 'anti-discrimination student movement', staged a protest rally in Science Lab area, Dhaka - New Market (New Market), against the deaths during quota reform movement, and demanded unconditional release of all detainees. Police forces detained 16 protesters during the incident.",0,"crowd size=no report",1728407772
BGD27919,"29 July 2024",2024,1,Demonstrations,Protests,"Protest with intervention","Protesters (Bangladesh)","Students (Bangladesh); ADSM: Anti-Discrimination Student Movement",Protesters,"Police Forces of Bangladesh (2009-2024)",,"State forces","State forces-Protesters",,50,"South Asia",Bangladesh,Dhaka,Dhaka,Paltan,"Dhaka - Paltan",23.7333,90.4125,1,"Financial Express (Bangladesh); Prothom Alo",National,"On 29 July 2024, students, under the banner of 'anti-discrimination student movement', staged a protest rally in Dhaka - Paltan (Paltan), against the deaths during quota reform movement, and demanded unconditional release of all detainees. Police forces dispersed and arrested 4 protesters, including 2 students of Dhaka university.",0,"crowd size=no report",1728407772
BGD27920,"29 July 2024",2024,1,Demonstrations,Protests,"Protest with intervention","Protesters (Bangladesh)","Students (Bangladesh); ADSM: Anti-Discrimination Student Movement",Protesters,"Police Forces of Bangladesh (2009-2024)",,"State forces","State forces-Protesters",,50,"South Asia",Bangladesh,Dhaka,Dhaka,Uttara,"Dhaka - Uttara",23.869,90.3942,1,"Asian News International",Regional,"On 29 July 2024, students, under the banner of 'anti-discrimination student movement', staged a protest outside North South University in Dhaka - Uttara, against the deaths during quota reform movement, and demanded unconditional release of all detainees. Police forces arrested 10 protesters.",0,"crowd size=no report",1728407772
BGD27921,"29 July 2024",2024,1,Demonstrations,Protests,"Protest with intervention","Protesters (Bangladesh)","Students (Bangladesh); ADSM: Anti-Discrimination Student Movement",Protesters,"Police Forces of Bangladesh (2009-2024)",,"State forces","State forces-Protesters",,50,"South Asia",Bangladesh,Khulna,Jessore,"Jessore Sadar",Jessore,23.1697,89.2137,1,"Prothom Alo",National,"On 29 July 2024, students, under the banner of 'anti-discrimination student movement', staged a protest rally in Jessore city, Jessore Sadar (Khulna), against the deaths during the quota reform movement, mass arrests, and detention of six coordinators of the quota reform movement by the Detective Branch. Police forces blocked the rally and arrested 1 person.",0,"crowd size=no report",1728407772
BGD27922,"29 July 2024",2024,1,Demonstrations,Protests,"Protest with intervention","Protesters (Bangladesh)","Students (Bangladesh); ADSM: Anti-Discrimination Student Movement",Protesters,"Police Forces of Bangladesh (2009-2024)",,"State forces","State forces-Protesters",,50,"South Asia",Bangladesh,Mymensingh,Mymensingh,"Mymensingh Sadar",Mymensingh,24.7564,90.4065,1,"Asian News International",Regional,"On 29 July 2024, students, under the banner of 'anti-discrimination student movement', staged a protest in Firoz-Jahangir Chattar area, Mymensingh city, Mymensingh Sadar, against the detention of six coordinators of the quota reform movement by the Detective Branch and claimed that the detainees were forced to issue a statement on ending demonstrations. Police forces broke the protest and dispersed them.",0,"crowd size=no report",1728407772
BGD27911,"29 July 2024",2024,1,Demonstrations,Protests,"Protest with intervention","Protesters (Bangladesh)","Students (Bangladesh); ADSM: Anti-Discrimination Student Movement",Protesters,"Rioters (Bangladesh)","AL: Bangladesh Awami League; BCL: Bangladesh Chhatra League; Students (Bangladesh)",Rioters,Rioters-Protesters,,50,"South Asia",Bangladesh,Chittagong,Comilla,"Comilla Adarsha Sadar",Comilla,23.4619,91.185,1,"Prothom Alo",National,"On 29 July 2024, students of Comilla University, under the banner of 'anti-discrimination student movement', staged a protest rally on campus in Comilla city, Comilla Adarsha Sadar (Chittagong), against the deaths during the quota reform movement, mass arrests, and detention of six coordinators of the quota reform movement by the Detective Branch. Members of Awami League and Chhatra League (BCL) assaulted and injured protesters. 1 person was shot in the knee while on way to join the protest.",0,"crowd size=no report",1728407773
BGD27972,"28 July 2024",2024,1,Demonstrations,Protests,"Peaceful protest","Protesters (Bangladesh)","BSU: Bangladesh Students' Union; PCP: Parbatya Chattagram Pahari Chhatra Parishad; SSF: Socialist Students' Front; Students (Bangladesh)",Protesters,,,,"Protesters only",,50,"South Asia",Bangladesh,Dhaka,Dhaka,Paltan,"Dhaka - Paltan",23.7333,90.4125,1,"New Age (Bangladesh)",National,"On 28 July 2024, members of Ganatantrik Chhatra Jote, Bangladesh Students' Union, Socialist Students' Front, and Pahari Chhatra Parishad staged a protest rally in front of National Press Club, Dhaka - Paltan (Paltan), against the mass arrest and killing of protesters during the quota reform movement, and demanded resignation of the government.",0,"crowd size=no report",1722974431
BGD27986,"28 July 2024",2024,1,Demonstrations,Protests,"Peaceful protest","Protesters (Bangladesh)","AL: Bangladesh Awami League; BNP: Bangladesh Nationalist Party; Students (Bangladesh); Teachers (Bangladesh)",Protesters,,,,"Protesters only",,50,"South Asia",Bangladesh,Dhaka,Dhaka,Savar,Savar,23.8486,90.25,1,"New Age (Bangladesh)",National,"On 28 July 2024, pro-BNP and pro-Awami League teachers along with students of Jahangirnagar University staged human chain protests on campus in Savar city (Dhaka), against the abduction of coordinator of quota reform movement for Jahangirnagar university by suspected members of Detective Branch (coded separately).",0,"crowd size=no report",1722974431
BGD27907,"28 July 2024",2024,1,"Political violence","Violence against civilians","Abduction/forced disappearance","Police Forces of Bangladesh (2009-2024) Detective Branch",,"State forces","Civilians (Bangladesh)","Students (Bangladesh)",Civilians,"State forces-Civilians","Civilian targeting",50,"South Asia",Bangladesh,Dhaka,Dhaka,Savar,Savar,23.8486,90.25,1,"New Age (Bangladesh)",National,"On 28 July 2024, suspected members of Detective Branch abducted the coordinator of quota reform movement for Jahangirnagar university in Savar city (Dhaka), amid ongoing arrests and detention of members and supporters of the movement.",0,,1724113673
BGD27906,"28 July 2024",2024,1,"Strategic developments","Strategic developments",Arrests,"Police Forces of Bangladesh (2009-2024) Detective Branch",,"State forces","Civilians (Bangladesh)","Students (Bangladesh); Women (Bangladesh); ADSM: Anti-Discrimination Student Movement",Civilians,"State forces-Civilians",,50,"South Asia",Bangladesh,Dhaka,Dhaka,Mirpur,"Dhaka - Mirpur",23.7931,90.3629,1,"BDnews24; Daily Observer (Bangladesh)",National,"On 28 July 2024, police DB personnel arrested a female organizer of the Anti-Discrimination Student Movement, leading the ongoing movement demanding the abolition of the quota system in government jobs, from Dhaka - Mirpur city. She was released on 1 August.",0,,1728407772
BGD27901,"27 July 2024",2024,1,Demonstrations,Protests,"Peaceful protest","Protesters (Bangladesh)","BFUJ: Bangladesh Federal Union of Journalists; Journalists (Bangladesh)",Protesters,,,,"Protesters only",,50,"South Asia",Bangladesh,Dhaka,Dhaka,Paltan,"Dhaka - Paltan",23.7333,90.4125,1,"New Age (Bangladesh)",National,"On 27 July 2024, members of Bangladesh Federal Union of Journalists and Dhaka Union of Journalists staged a protest rally in front of National Press Club, Dhaka - Paltan (Paltan), demanding the immediate release of a journalist, who was put on five-day remand, over his reporting on the quota reform movement.",0,"crowd size=no report",1722974431
BGD27902,"27 July 2024",2024,1,Demonstrations,Protests,"Peaceful protest","Protesters (Bangladesh)","CPB: Communist Party of Bangladesh; Women (Bangladesh)",Protesters,,,,"Protesters only",,50,"South Asia",Bangladesh,Dhaka,Dhaka,Paltan,"Dhaka - Paltan",23.7333,90.4125,1,"New Age (Bangladesh)",National,"On 27 July 2024, members of Socialist Women Forum and Women Cell of the Communist Party of Bangladesh staged a human chain protest at Dhaka - Paltan (Paltan), urging the government to resolve the ongoing quota reform movement of the students, fulfilling all demands of the students and restoring the justified women quota.",0,"crowd size=no report",1722974431
BGD27903,"27 July 2024",2024,1,"Political violence",Battles,"Armed clash","PCJSS-SL: Parbatya Chattagram Jana Samhati Samiti-Santu Larma",,"Political militia","UPDF: United People's Democratic Front",,"Political militia","Political militia-Political militia",,50,"South Asia",Bangladesh,Chittagong,Khagrachhari,Dighinala,Dighinala,23.2878,92.0787,2,"United News of Bangladesh",National,"On 27 July 2024, suspected members of PCJSS-Santu Larma faction shot and killed a member of UPDF in Karbaripara area, Dighinala upazila (Khagrachhari, Chittagong), over unknown reasons.",1,,1722974431
BGD27904,"27 July 2024",2024,1,"Strategic developments","Strategic developments",Arrests,"Police Forces of Bangladesh (2009-2024) Detective Branch",,"State forces","Civilians (Bangladesh)","Students (Bangladesh); ADSM: Anti-Discrimination Student Movement",Civilians,"State forces-Civilians",,50,"South Asia",Bangladesh,Dhaka,Dhaka,,Dhaka,23.7656,90.3879,1,"BDnews24; Daily Observer (Bangladesh)",National,"On 27 July 2024, police DB personnel arrested 2 organizers of the Anti-Discrimination Student Movement, leading the ongoing movement demanding the abolition of the quota system in government jobs, from Dhaka city. They were released on 1 August.",0,,1728407772
BGD27833,"26 July 2024",2024,1,Demonstrations,Protests,"Peaceful protest","Protesters (Bangladesh)","LDA: Left Democratic Alliance",Protesters,,,,"Protesters only",,50,"South Asia",Bangladesh,Barisal,Barisal,"Barisal Sadar",Barisal,22.705,90.3701,1,"Dhaka Tribune",National,"On 26 July 2024, members of Left Democratic Alliance staged a black-flag protest rally in Barisal city, Barisal Sadar, against the killings of students during nationwide anti-quota movement demanding abolition of the quota system in government jobs.",0,"crowd size=no report",1722376559
BGD27835,"26 July 2024",2024,1,Demonstrations,Protests,"Peaceful protest","Protesters (Bangladesh)",,Protesters,,,,"Protesters only",,50,"South Asia",Bangladesh,Dhaka,Dhaka,Paltan,"Dhaka - Paltan",23.7333,90.4125,1,"Daily Star (Bangladesh)",National,"On 26 July 2024, under the banner of 'Protesting Cultural and Social Organisation', members of 31 organizations staged a protest rally in front of National Press Club, Dhaka - Paltan (Paltan), against the killings of students during nationwide anti-quota movement demanding abolition of the quota system in government jobs.",0,"crowd size=no report",1722376559
BGD27818,"26 July 2024",2024,1,"Strategic developments","Strategic developments",Arrests,"Police Forces of Bangladesh (2009-2024) Detective Branch",,"State forces","Civilians (Bangladesh)","Students (Bangladesh)",Civilians,"State forces-Civilians",,50,"South Asia",Bangladesh,Dhaka,Dhaka,,Dhaka,23.7656,90.3879,1,"Daily Observer (Bangladesh); Financial Express (Bangladesh)",National,"On 26 July 2024, plain-clothed men from police DB branch arrested 3 key organizers of anti-quota students movement from a hospital in Dhaka city, amid ongoing movement demanding abolition of the quota system in government jobs. They were released on 1 August.",0,,1724113673
BGD27831,"25 July 2024",2024,1,"Political violence",Riots,"Mob violence","Rioters (Bangladesh)","Chitlapara Communal Group (Bangladesh)",Rioters,"Rioters (Bangladesh)","Chitlapara Communal Group (Bangladesh)",Rioters,Rioters-Rioters,,50,"South Asia",Bangladesh,Rajshahi,Natore,Gurudaspur,Gurudaspur,24.3709,89.2491,2,"Prothom Alo",National,"On 25 July 2024, two groups of villagers enaged in clashes and vandalism at Chitlapara village, Gurudaspur upazila (Natore, Rajshahi), over a land dispute. Injuries unknown.",0,"crowd size=no report",1722376559
BGD27836,"25 July 2024",2024,1,Demonstrations,Protests,"Peaceful protest","Protesters (Bangladesh)","BNP: Bangladesh Nationalist Party",Protesters,,,,"Protesters only",,50,"South Asia",Bangladesh,Khulna,Jessore,"Jessore Sadar",Jessore,23.1697,89.2137,2,"Prothom Alo",National,"On 25 July 2024, members of BNP staged a protest rally at Laldighirpar town, Jessore Sadar (coded as Jessore, Khulna), against the killings of students during nationwide anti-quota movement demanding abolition of the quota system in government jobs. Police forces barricaded the area, and didn't allow the protest at scheduled location.",0,"crowd size=no report",1722376559
BGD27834,"24 July 2024",2024,1,Demonstrations,Protests,"Peaceful protest","Protesters (Bangladesh)","BFUJ: Bangladesh Federal Union of Journalists; Journalists (Bangladesh)",Protesters,,,,"Protesters only",,50,"South Asia",Bangladesh,Dhaka,Dhaka,Paltan,"Dhaka - Paltan",23.7333,90.4125,1,"Prothom Alo",National,"On 24 July 2024, journalists belonging to BFUJ and DUJ staged a protest rally in front of National Press Club, Dhaka - Paltan (Paltan), against the assault and injuries to journalists while covering anti-quota demonstrations (coded separately).",0,"crowd size=no report",1722376559
BGD27819,"24 July 2024",2024,1,"Political violence",Battles,"Armed clash","Military Forces of Bangladesh (2009-2024)","Police Forces of Bangladesh (2009-2024)","State forces","KNF: Kuki-Chin National Front",,"Political militia","State forces-Political militia",,50,"South Asia",Bangladesh,Chittagong,Bandarban,Ruma,Ruma,22.0445,92.4184,2,"United News of Bangladesh",National,"On 24 July 2024, joint forces (likely military and police forces based on previously coded events) engaged in a gunfight with members of KNF in Saikat Para area, Ruma upazila (Bandarban, Chittagong), during the raid of joint forces. 2 members of KNF were killed in the clash.",2,,1724113673
BGD27828,"24 July 2024",2024,2,"Strategic developments","Strategic developments",Arrests,"Police Forces of Bangladesh (2009-2024)",,"State forces","Civilians (Bangladesh)","BNP: Bangladesh Nationalist Party; JeI: Jamaat-e-Islami",Civilians,"State forces-Civilians",,50,"South Asia",Bangladesh,Rajshahi,Natore,"Natore Sadar",Natore,24.4111,88.9867,2,"Daily Star (Bangladesh)",National,"Around 24 July 2024 (as reported), police forces arrested 71 people associated with BNP and Jamaat-e-Islami in Natore Sadar (coded as Natore, Rajshahi), in connection to vandalism during anti-quota movement demanding abolition of the quota system from government jobs.",0,,1724113673
BGD27830,"24 July 2024",2024,1,"Political violence","Violence against civilians",Attack,"Unidentified Armed Group (Bangladesh)","Former Government of Bangladesh (2009-2024)","Political militia","Civilians (Bangladesh)","ASL: Bangladesh Awami Swechchasebak League",Civilians,"Political militia-Civilians","Civilian targeting",50,"South Asia",Bangladesh,Barisal,Barisal,Hizla,Hizla,22.911,90.5121,2,"Prothom Alo",National,"On 24 July 2024, suspected former UP members and their accomplices hacked and killed a member of Swechchasebak League (ASL) in Hizla upazila (Barisal), in a targeted attack over establishing dominance in the area.",1,,1724113673
BGD27824,"24 July 2024",2024,2,"Strategic developments","Strategic developments",Arrests,"Police Forces of Bangladesh (2009-2024)","Police Forces of Bangladesh (2009-2024) Rapid Action Battalion","State forces","Civilians (Bangladesh)","Students (Bangladesh); BNP: Bangladesh Nationalist Party; JeI: Jamaat-e-Islami; ICS: Islami Chhatra Shibir; GAP: Gana Adhikar Party; JP-M: Jatiya Party-Manju",Civilians,"State forces-Civilians",,50,"South Asia",Bangladesh,Dhaka,Dhaka,,Dhaka,23.7656,90.3879,1,"The Business Standard (Bangladesh); The Hindu",National-Regional,"Around 24 July 2024 (between 18 - 28 July), police and RAB forces arrested around 2,950 people from Dhaka city, in connection to vandalism during anti-quota movement demanding abolition of the quota system from government jobs. 85% of those arrested were students and ordinary citizens. The remaining were members of BNP, JeI, ICS, GAP and JP-M.",0,,1724170529
BGD27900,"24 July 2024",2024,2,"Strategic developments","Strategic developments",Arrests,"Police Forces of Bangladesh (2009-2024)","Police Forces of Bangladesh (2009-2024) Rapid Action Battalion","State forces","Civilians (Bangladesh)","Students (Bangladesh)",Civilians,"State forces-Civilians",,50,"South Asia",Bangladesh,Chittagong,Chittagong,Pahartali,Chittagong,22.3571,91.7823,2,"Prothom Alo; The Hindu",National-Regional,"Around 24 July 2024 (between 18 - 28 July), police and RAB forces arrested around 884 people from Chittagong district (coded to Chittagong city, Pahartali), in connection to vandalism during anti-quota movement demanding abolition of the quota system from government jobs.",0,,1724170529
BGD28448,"24 July 2024",2024,2,"Strategic developments","Strategic developments",Arrests,"Police Forces of Bangladesh (2009-2024)","Police Forces of Bangladesh (2009-2024) Rapid Action Battalion","State forces","Civilians (Bangladesh)",,Civilians,"State forces-Civilians",,50,"South Asia",Bangladesh,Dhaka,Narayanganj,"Narayanganj Sadar",Narayanganj,23.6135,90.503,2,"Prothom Alo",National,"Around 24 July 2024 (between 18 - 28 July), police and RAB forces arrested around 487 people from Narayanganj district (Narayanganj Sadar, Dhaka), in connection to vandalism during anti-quota movement demanding abolition of the quota system from government jobs.",0,,1724181414
BGD28449,"24 July 2024",2024,2,"Strategic developments","Strategic developments",Arrests,"Police Forces of Bangladesh (2009-2024)","Police Forces of Bangladesh (2009-2024) Rapid Action Battalion","State forces","Civilians (Bangladesh)",,Civilians,"State forces-Civilians",,50,"South Asia",Bangladesh,Dhaka,Gazipur,"Gazipur Sadar",Gazipur,23.9984,90.4223,2,"Prothom Alo",National,"Around 24 July 2024 (between 18 - 28 July), police and RAB forces arrested around 396 people from Gazipur district (Gazipur Sadar, Dhaka), in connection to vandalism during anti-quota movement demanding abolition of the quota system from government jobs.",0,,1724181414
BGD28450,"24 July 2024",2024,2,"Strategic developments","Strategic developments",Arrests,"Police Forces of Bangladesh (2009-2024)","Police Forces of Bangladesh (2009-2024) Rapid Action Battalion","State forces","Civilians (Bangladesh)",,Civilians,"State forces-Civilians",,50,"South Asia",Bangladesh,Rangpur,Rangpur,"Rangpur Sadar",Rangpur,25.7466,89.2516,2,"Prothom Alo",National,"Around 24 July 2024 (between 18 - 28 July), police and RAB forces arrested around 185 people from Rangpur district (Rangpur Sadar), in connection to vandalism during anti-quota movement demanding abolition of the quota system from government jobs.",0,,1724181414
BGD28451,"24 July 2024",2024,2,"Strategic developments","Strategic developments",Arrests,"Police Forces of Bangladesh (2009-2024)","Police Forces of Bangladesh (2009-2024) Rapid Action Battalion","State forces","Civilians (Bangladesh)",,Civilians,"State forces-Civilians",,50,"South Asia",Bangladesh,Rajshahi,Rajshahi,Boalia,Rajshahi,24.374,88.6011,2,"Prothom Alo",National,"Around 24 July 2024 (between 18 - 28 July), police and RAB forces arrested around 345 people from Rajshahi district (Boalia), in connection to vandalism during anti-quota movement demanding abolition of the quota system from government jobs.",0,,1724181414
BGD28452,"24 July 2024",2024,2,"Strategic developments","Strategic developments",Arrests,"Police Forces of Bangladesh (2009-2024)","Police Forces of Bangladesh (2009-2024) Rapid Action Battalion","State forces","Civilians (Bangladesh)",,Civilians,"State forces-Civilians",,50,"South Asia",Bangladesh,Rajshahi,Bogra,"Bogra Sadar",Bogra,24.853,89.3732,2,"Prothom Alo",National,"Around 24 July 2024 (between 18 - 28 July), police and RAB forces arrested around 296 people from Bogra district (Bogra Sadar, Rajshahi), in connection to vandalism during anti-quota movement demanding abolition of the quota system from government jobs.",0,,1724181414
BGD27825,"23 July 2024",2024,2,"Strategic developments","Strategic developments",Arrests,"Police Forces of Bangladesh (2009-2024)","Police Forces of Bangladesh (2009-2024) Rapid Action Battalion","State forces","Civilians (Bangladesh)","BNP: Bangladesh Nationalist Party; ICS: Islami Chhatra Shibir; JeI: Jamaat-e-Islami; Students (Bangladesh)",Civilians,"State forces-Civilians",,50,"South Asia",Bangladesh,Dhaka,Dhaka,,Dhaka,23.7656,90.3879,3,"Financial Express (Bangladesh); The Hindu",National-Regional,"Around 23 July 2024 (between 18 - 28 July), police and RAB forces arrested around 10,000 people, including students, BNP, JeI and ICS members, across the country (coded to Dhaka city), in connection to vandalism during anti-quota movement demanding abolition of the quota system from government jobs.",0,,1724113673
BGD27856,"21 July 2024",2024,1,Demonstrations,Riots,"Violent demonstration","Rioters (Bangladesh)","Labor Group (Bangladesh); Students (Bangladesh)",Rioters,,,,"Rioters only",,50,"South Asia",Bangladesh,Dhaka,Dhaka,Mirpur,"Dhaka - Mirpur",23.7931,90.3629,1,"Daily Star (Bangladesh)",National,"On 21 July 2024, around 15 anti-quota student demonstrators vandalized four vehicles of the local government transport authority in Dhaka - Mirpur, demanding abolition of the quota system in government jobs.",0,"crowd size=around 15",1722376559
BGD27973,"21 July 2024",2024,1,Demonstrations,Protests,"Peaceful protest","Protesters (Bangladesh)","Labor Group (Bangladesh); Students (Bangladesh)",Protesters,,,,"Protesters only",,50,"South Asia",Bangladesh,Dhaka,Dhaka,Savar,Savar,23.8486,90.25,1,"New Age (Bangladesh)",National,"On 21 July 2024, anti-quota student protesters of Jahangirnagar University staged a protest on campus in Savar city (Dhaka), demanding a law in the parliament reforming quota system in government jobs.",0,"crowd size=no report",1722974431
BGD27974,"21 July 2024",2024,1,Demonstrations,Protests,"Peaceful protest","Protesters (Bangladesh)","Labor Group (Bangladesh); Students (Bangladesh)",Protesters,,,,"Protesters only",,50,"South Asia",Bangladesh,Khulna,Kushtia,"Kushtia Sadar",Kushtia,23.9028,89.1194,1,"Prothom Alo",National,"On 21 July 2024, anti-quota student protesters staged a protest at Islamic University in Kushtia city, Kushtia Sadar (Khulna), demanding abolition of the quota system in government jobs.",0,"crowd size=no report",1722974431
BGD27823,"21 July 2024",2024,1,"Strategic developments","Strategic developments",Arrests,"Police Forces of Bangladesh (2009-2024)",,"State forces","Civilians (Bangladesh)","BNP: Bangladesh Nationalist Party",Civilians,"State forces-Civilians",,50,"South Asia",Bangladesh,Dhaka,Dhaka,,Dhaka,23.7656,90.3879,1,"Dhaka Tribune",National,"On 21 July 2024, police forces arrested 6 central leaders of BNP in Dhaka city, in connection to vandalism during anti-quota movement demanding abolition of the quota system from government jobs.",0,,1724113673
BGD27827,"21 July 2024",2024,1,"Strategic developments","Strategic developments",Arrests,"Police Forces of Bangladesh (2009-2024)",,"State forces","Civilians (Bangladesh)",,Civilians,"State forces-Civilians",,50,"South Asia",Bangladesh,Dhaka,Narsingdi,"Narsingdi Sadar",Narsingdi,23.923,90.7177,2,"Dhaka Tribune",National,"On 21 July 2024, police forces arrested 58 people in Narsingdi Sadar (coded as Narsingdi, Dhaka), in connection to Narsingdi jail break, during anti-quota movement demanding abolition of the quota system from government jobs.",0,,1724113673
BGD27845,"21 July 2024",2024,1,Demonstrations,Riots,"Violent demonstration","Rioters (Bangladesh)","Labor Group (Bangladesh); Students (Bangladesh)",Rioters,"Police Forces of Bangladesh (2009-2024)",,"State forces","State forces-Rioters",,50,"South Asia",Bangladesh,Dhaka,Dhaka,Badda,"Dhaka - Badda",23.7852,90.4387,1,"New Age (Bangladesh)",National,"On 21 July 2024, anti-quota student demonstrators clashed with police forces in Dhaka - Badda (Badda), during their demonstration demanding abolition of the quota system in government jobs. No casualties.",0,"crowd size=no report",1724113673
BGD27850,"21 July 2024",2024,1,Demonstrations,Riots,"Violent demonstration","Rioters (Bangladesh)","Civilians (Bangladesh); Journalists (Bangladesh); Labor Group (Bangladesh); Students (Bangladesh)",Rioters,"Police Forces of Bangladesh (2009-2024)","Military Forces of Bangladesh (2009-2024); Police Forces of Bangladesh (2009-2024) Rapid Action Battalion","State forces","State forces-Rioters",,50,"South Asia",Bangladesh,Dhaka,Dhaka,Jatrabari,"Dhaka - Jatrabari",23.7196,90.4432,1,"Daily Star (Bangladesh); Daily Sun (Bangladesh); New Age (Bangladesh)",National,"On 21 July 2024, anti-quota student demonstrators clashed with police, RAB and military forces, who fired at demonstrators, in Dhaka - Jatrabari (Jatrabari), including in Shonir Akhra area, during their demonstration demanding abolition of the quota system in government jobs. 3 persons were killed, including 1 minor boy who was shot and killed by police firing in Dania locality of Jatrabari. At least 6 persons were killed in Dhaka - Kadamtali and Dhaka - Jatrabari on this day, of which 5 fatalities have been coded to specific events. 1 remaining fatality split across 2 events. Total 2 confirmed fatalities coded to this event.",3,"crowd size=no report",1724113673
BGD27853,"21 July 2024",2024,1,Demonstrations,Riots,"Violent demonstration","Rioters (Bangladesh)","Labor Group (Bangladesh); Students (Bangladesh)",Rioters,"Police Forces of Bangladesh (2009-2024) Rapid Action Battalion",,"State forces","State forces-Rioters",,50,"South Asia",Bangladesh,Dhaka,Dhaka,Kadamtali,"Dhaka - Kadamtali",23.6894,90.4488,1,"Daily Star (Bangladesh); New Age (Bangladesh)",National,"On 21 July 2024, anti-quota student demonstrators clashed with RAB forces in Dhaka - Kadamtali city (Demra), including in Rayerbagh areas, demanding abolition of the quota system in government jobs. RAB forces used helicopters to fire sound grenades, pellets and tear gas shells. More than 70 were injured, many with bullet injuries. At least 6 persons were killed in Dhaka - Kadamtali and Dhaka - Jatrabari on this day, of which 5 fatalities have been coded to specific events. 1 remaining fatality split across 2 events. Total 3 fatalities (2 confirmed and 1 split) coded to this event.",3,"crowd size=no report",1724113673
BGD27861,"21 July 2024",2024,1,Demonstrations,Riots,"Violent demonstration","Rioters (Bangladesh)","Labor Group (Bangladesh); Students (Bangladesh)",Rioters,"Police Forces of Bangladesh (2009-2024)",,"State forces","State forces-Rioters",,50,"South Asia",Bangladesh,Dhaka,Dhaka,Rampura,"Dhaka - Rampura",23.7601,90.4193,1,"New Age (Bangladesh); Prothom Alo",National,"On 21 July 2024, anti-quota student demonstrators clashed with police forces in Dhaka - Rampura (Rampura), including in Banasree area, during their demonstration demanding abolition of the quota system in government jobs. Police dispersed the demonstrators by firing tear gas and rubber bullets. Injuries unknown.",0,"crowd size=no report",1724113673
BGD27864,"21 July 2024",2024,1,Demonstrations,Riots,"Violent demonstration","Rioters (Bangladesh)","Labor Group (Bangladesh); Students (Bangladesh)",Rioters,"Police Forces of Bangladesh (2009-2024)","Civilians (Bangladesh); Government of Bangladesh (2009-2024); Independent Politicians (Bangladesh)","State forces","State forces-Rioters",,50,"South Asia",Bangladesh,Dhaka,Gazipur,"Gazipur Sadar",Gazipur,23.9984,90.4223,1,"New Age (Bangladesh); Prothom Alo",National,"On 21 July 2024, anti-quota student demonstrators clashed with police forces at Baason Road, Choidan, Boardbazar, and Maleker Bari areas in Gazipur city, Gazipur Sadar (Dhaka), during their demonstration demanding abolition of the quota system in government jobs. Demonstrators set fire to establishments and hurled brick chips at police personnel, whereas police forces used gun fire, tear gas, sound grenades and rubber bullets during the clash. Demonstrators also vandalized the house of the city corporation mayor (independent) while she was inside the house. More than 100 people were injured, of which 26 were hospitalized with bullet injuries.",0,"crowd size=no report; local administrators",1724113673
BGD27868,"21 July 2024",2024,1,Demonstrations,Riots,"Violent demonstration","Rioters (Bangladesh)","Labor Group (Bangladesh); Students (Bangladesh)",Rioters,"Police Forces of Bangladesh (2009-2024)",,"State forces","State forces-Rioters",,50,"South Asia",Bangladesh,Dhaka,Narsingdi,"Narsingdi Sadar",Meherpara,23.8878,90.656,1,"Daily Star (Bangladesh)",National,"On 21 July 2024, anti-quota student demonstrators clashed with police forces in Meherpara area (Narsingdi, Dhaka), demanding abolition of the quota system in government jobs. The demonstrators were attempting to vandalize a local government building.",0,"crowd size=no report",1724113673
BGD27872,"21 July 2024",2024,1,Demonstrations,Riots,"Violent demonstration","Rioters (Bangladesh)","Labor Group (Bangladesh); Students (Bangladesh)",Rioters,"Police Forces of Bangladesh (2009-2024)","Police Forces of Bangladesh (2009-2024) Rapid Action Battalion","State forces","State forces-Rioters",,50,"South Asia",Bangladesh,Dhaka,Narayanganj,"Narayanganj Sadar",Narayanganj,23.6135,90.503,1,"Daily Manab Zamin; Daily Star (Bangladesh); Prothom Alo; The Business Standard (Bangladesh); United News of Bangladesh",National,"On 21 July 2024, anti-quota student demonstrators clashed with police and RAB forces, in Narayanganj town, Narayanganj Sadar (Dhaka), including Siddhirganj locality, demanding abolition of the quota system in government jobs. Police fired bullets, tear gas shells and sound grenades, including from helicopters. 5 persons were killed while 18 persons were hospitalized with bullet injuries. 1 SSC student, not part of the demonstrations, died after being struck by 2 bullets. Total 5 fatalities.",5,"crowd size=no report",1724113673
BGD27875,"21 July 2024",2024,1,Demonstrations,Riots,"Violent demonstration","Rioters (Bangladesh)","Civilians (Bangladesh); Labor Group (Bangladesh); Students (Bangladesh)",Rioters,"Police Forces of Bangladesh (2009-2024)",,"State forces","State forces-Rioters",,50,"South Asia",Bangladesh,Dhaka,Narsingdi,"Narsingdi Sadar",Madhabdi,23.8508,90.6755,1,"Daily Manab Zamin; Daily Star (Bangladesh); New Age (Bangladesh); Prothom Alo",National,"On 21 July 2024, anti-quota student demonstrators clashed with police forces along the highway in Madhabdi town (Narsingdi, Dhaka), during their demonstration demanding abolition of the quota system in government jobs. Police fired rubber bullets, while demonstrators set fire to the road. 5 people, including non-demonstrators and 1 AL member, were killed in the clash. 300 persons were injured.",5,"crowd size=no report",1724113673
BGD27879,"21 July 2024",2024,1,Demonstrations,Riots,"Violent demonstration","Rioters (Bangladesh)","Labor Group (Bangladesh); Students (Bangladesh)",Rioters,"Police Forces of Bangladesh (2009-2024)",,"State forces","State forces-Rioters",,50,"South Asia",Bangladesh,Dhaka,Gazipur,"Gazipur Sadar",Sataish,23.9224,90.3659,1,"Dhaka Tribune",National,"On 21 July 2024, anti-quota student demonstrators clashed with police forces in Sataish city (Gazipur, Dhaka), demanding abolition of the quota system in government jobs. Police fired tear gas and rubber bullets to disperse the demonstrators. Injuries unknown.",0,"crowd size=no report",1724113673
BGD27882,"21 July 2024",2024,1,Demonstrations,Riots,"Violent demonstration","Rioters (Bangladesh)","Civilians (Bangladesh); Labor Group (Bangladesh); Students (Bangladesh)",Rioters,"Police Forces of Bangladesh (2009-2024)",,"State forces","State forces-Rioters",,50,"South Asia",Bangladesh,Dhaka,Dhaka,Savar,Savar,23.8486,90.25,1,"Daily Star (Bangladesh); New Age (Bangladesh); Prothom Alo",National,"On 21 July 2024, anti-quota student demonstrators clashed with police forces in Savar city (Dhaka), demanding abolition of the quota system in government jobs. 2 persons were killed after being shot.",2,"crowd size=no report",1724113673
BGD27896,"21 July 2024",2024,1,Demonstrations,Protests,"Protest with intervention","Protesters (Bangladesh)","JSD: Jatiya Samajtantrik Dal",Protesters,"Police Forces of Bangladesh (2009-2024)",,"State forces","State forces-Protesters",,50,"South Asia",Bangladesh,Barisal,Barisal,"Barisal Sadar",Barisal,22.705,90.3701,1,"New Age (Bangladesh)",National,"On 21 July 2024, members of Samajtantrik Dal (JSD) staged a protest rally by wearing black badges in Barisal city, Barisal Sadar, against the deaths amid the ongoing movement demanding abolition of the quota system in government jobs. Police dispersed the protest.",0,"crowd size=no report",1724113673
BGD27897,"21 July 2024",2024,1,Demonstrations,Protests,"Protest with intervention","Protesters (Bangladesh)","Labor Group (Bangladesh); Students (Bangladesh)",Protesters,"Police Forces of Bangladesh (2009-2024)",,"State forces","State forces-Protesters",,50,"South Asia",Bangladesh,Dhaka,Dhaka,Gulshan,"Dhaka - Gulshan",23.7891,90.4086,1,"Prothom Alo",National,"On 21 July 2024, anti-quota student protesters staged a protest in front of Jamuna Future Park and Bashundhara Residential Area, Dhaka - Gulshan (Gulshan), demanding abolition of the quota system in government jobs. Police dispersed the protesters by firing tear gas and rubber bullets. Injuries unknown.",0,"crowd size=no report",1724113673
BGD27898,"21 July 2024",2024,1,Demonstrations,Protests,"Protest with intervention","Protesters (Bangladesh)","Labor Group (Bangladesh); Students (Bangladesh)",Protesters,"Police Forces of Bangladesh (2009-2024)",,"State forces","State forces-Protesters",,50,"South Asia",Bangladesh,Dhaka,Dhaka,Savar,Savar,23.8486,90.25,1,"Prothom Alo",National,"On 21 July 2024, anti-quota student protesters staged a protest at Dhaka-Aricha highway in the Radio Colony area, Savar city (Dhaka), demanding abolition of the quota system in government jobs. Police forces removed the protesters from site.",0,"crowd size=no report",1724113673
BGD28200,"21 July 2024",2024,1,Demonstrations,Riots,"Violent demonstration","Rioters (Bangladesh)","Labor Group (Bangladesh); Students (Bangladesh)",Rioters,"Police Forces of Bangladesh (2009-2024)",,"State forces","State forces-Rioters",,50,"South Asia",Bangladesh,Dhaka,Narsingdi,"Narsingdi Sadar",Shekerchar,23.8708,90.667,1,"Bonik Barta",National,"On 21 July 2024, anti-quota student demonstrators clashed with police in Shekerchar village (Narsingdi, Dhaka), during their demonstration demanding abolition of the quota system in government jobs. 1 person was killed in the clash after being shot.",1,"crowd size=no report",1724113674
BGD27821,"21 July 2024",2024,1,"Strategic developments","Strategic developments",Arrests,"Police Forces of Bangladesh (2009-2024)",,"State forces","Civilians (Bangladesh)","BNP: Bangladesh Nationalist Party; JeI: Jamaat-e-Islami",Civilians,"State forces-Civilians",,50,"South Asia",Bangladesh,Chittagong,Comilla,"Comilla Adarsha Sadar",Comilla,23.4619,91.185,2,"Dhaka Tribune",National,"On 21 July 2024, police forces arrested 45 people associated with BNP and Jamaat-e-Islami in Comilla Adarsha Sadar (coded as Comilla, Chittagong), in connection to vandalism during anti-quota movement demanding abolition of the quota system from government jobs.",0,,1726526021
BGD27826,"21 July 2024",2024,2,"Strategic developments","Strategic developments",Arrests,"Police Forces of Bangladesh (2009-2024)",,"State forces","Civilians (Bangladesh)",,Civilians,"State forces-Civilians",,50,"South Asia",Bangladesh,Chittagong,Feni,"Feni Sadar",Feni,23.0144,91.3966,2,"Dhaka Tribune",National,"Around 21 July 2024 (week of), police forces arrested 44 people in Feni Sadar (coded as Feni, Chittagong), in connection to vandalism during anti-quota movement demanding abolition of the quota system from government jobs.",0,,1727204918
BGD27837,"20 July 2024",2024,1,Demonstrations,Protests,"Peaceful protest","Protesters (Bangladesh)","Labor Group (Bangladesh); Students (Bangladesh)",Protesters,,,,"Protesters only",,50,"South Asia",Bangladesh,Sylhet,Sylhet,"Sylhet Sadar",Sylhet,24.899,91.872,1,"Daily Star (Bangladesh)",National,"On 20 July 2024, anti-quota student protesters blocked Sylhet-Sunamganj Highway in Sylhet city, Sylhet Sadar, demanding abolition of the quota system in government jobs. Police forces obstructed the protesters.",0,"crowd size=no report",1722376559
BGD27925,"20 July 2024",2024,1,Demonstrations,Protests,"Peaceful protest","Protesters (Bangladesh)","Labor Group (Bangladesh); Students (Bangladesh)",Protesters,,,,"Protesters only",,50,"South Asia",Bangladesh,Rajshahi,Pabna,"Pabna Sadar",Pabna,24.0064,89.2372,1,"New Age (Bangladesh)",National,"On 20 July 2024, anti-quota student protesters staged a protest in Pabna city, Pabna Sadar (Rajshahi), demanding abolition of the quota system in government jobs.",0,"crowd size=no report",1722974431
BGD27874,"20 July 2024",2024,1,Demonstrations,Riots,"Violent demonstration","Rioters (Bangladesh)","Labor Group (Bangladesh); Students (Bangladesh)",Rioters,,,,"Rioters only",,50,"South Asia",Bangladesh,Dhaka,Narsingdi,"Narsingdi Sadar",Narsingdi,23.923,90.7177,2,"Daily Star (Bangladesh)",National,"On 20 July 2024, anti-quota student demonstrators set fire to Panchadhana Muktijoddha Complex (freedom fighters' memorial) in Narsingdi Sadar (coded to Narsingdi, Dhaka), demanding abolition of the quota system in government jobs.",0,"crowd size=no report",1723576772
BGD27829,"20 July 2024",2024,2,"Political violence","Violence against civilians",Attack,"Police Forces of Bangladesh (2009-2024) Detective Branch","Police Forces of Bangladesh (2009-2024) Rapid Action Battalion","State forces","Civilians (Bangladesh)","Students (Bangladesh)",Civilians,"State forces-Civilians","Civilian targeting",50,"South Asia",Bangladesh,Dhaka,Dhaka,Sabujbagh,"Dhaka - Sabujbagh",23.7356,90.4375,1,"Daily Star (Bangladesh); New Age (Bangladesh)",National,"Around 20 July 2024 (between 19 - 20 July), at least 25-30 plain-clothed suspected members of Detective Branch of police force, joined by a RAB team, abducted a key organizer (student) of the anti-quota movement from Dhaka - Sabujbagh city. His family claimed that he was abducted for not agreeing to government's negotiations. Police forces denied having him in their custody. He was found in Purbachal area on 20 July with injuries over his body. He claimed to have been 'blindfolded and tortured'.",0,,1724113673
BGD27844,"20 July 2024",2024,1,Demonstrations,Riots,"Violent demonstration","Rioters (Bangladesh)","Civilians (Bangladesh); Labor Group (Bangladesh); Students (Bangladesh)",Rioters,"Police Forces of Bangladesh (2009-2024)","Military Forces of Bangladesh (2009-2024); Police Forces of Bangladesh (2009-2024) Bangladesh Ansar","State forces","State forces-Rioters",,50,"South Asia",Bangladesh,Dhaka,Dhaka,Badda,"Dhaka - Badda",23.7852,90.4387,1,"Daily Observer (Bangladesh); Daily Star (Bangladesh); New Age (Bangladesh)",National,"On 20 July 2024, anti-quota student demonstrators clashed with police, Ansar and army forces in Dhaka - Badda city (Narayanganj Sadar, Dhaka), demanding abolition of the quota system in government jobs. Police fired at demonstrators. 3 persons were killed, including a non-demonstrator.",3,"crowd size=no report",1724113673
BGD27849,"20 July 2024",2024,1,Demonstrations,Riots,"Violent demonstration","Rioters (Bangladesh)","Civilians (Bangladesh); Journalists (Bangladesh); Labor Group (Bangladesh); Students (Bangladesh)",Rioters,"Police Forces of Bangladesh (2009-2024)",,"State forces","State forces-Rioters",,50,"South Asia",Bangladesh,Dhaka,Dhaka,Jatrabari,"Dhaka - Jatrabari",23.7196,90.4432,1,"Daily Star (Bangladesh); New Age (Bangladesh)",National,"On 20 July 2024, anti-quota student demonstrators clashed with police forces in Dhaka - Jatrabari city (Narayanganj Sadar, Dhaka), demanding abolition of the quota system in government jobs. 5 persons, including a student and a mobile shop worker, were killed in clashes in Shonir Akhra locality. 2 journalists were injured in the clash.",5,"crowd size=no report",1724113673
BGD27852,"20 July 2024",2024,1,Demonstrations,Riots,"Violent demonstration","Rioters (Bangladesh)","BNP: Bangladesh Nationalist Party; Civilians (Bangladesh); JeI: Jamaat-e-Islami; Labor Group (Bangladesh); Students (Bangladesh)",Rioters,"Police Forces of Bangladesh (2009-2024)",,"State forces","State forces-Rioters",,50,"South Asia",Bangladesh,Dhaka,Dhaka,Kadamtali,"Dhaka - Kadamtali",23.6894,90.4488,1,"Daily Star (Bangladesh); Dhaka Tribune; New Age (Bangladesh)",National,"On 20 July 2024, anti-quota student demonstrators clashed with police forces in Rayerbagh Dhaka - Kadamtali city (Narayanganj Sadar, Dhaka), demanding abolition of the quota system in government jobs. Police fired gunshots, tear gas canisters and sound grenades, including from helicopters. Demonstrators threw bricks at police and set ablaze tyres and wood planks. Demonstrators also assaulted and killed a plain-clothed policeman. Police claimed that BNP and JeI members were responsible for the attack on the policeman. 1 laborer was hit by a stray bullet and killed. Total 2 fatalities.",2,"crowd size=no report",1724113673
BGD27854,"20 July 2024",2024,1,Demonstrations,Riots,"Violent demonstration","Rioters (Bangladesh)","Labor Group (Bangladesh); Students (Bangladesh)",Rioters,"Police Forces of Bangladesh (2009-2024)",,"State forces","State forces-Rioters",,50,"South Asia",Bangladesh,Dhaka,Dhaka,Lalbagh,"Dhaka - Lalbagh",23.7191,90.3771,1,"Daily Star (Bangladesh); New Age (Bangladesh)",National,"On 20 July 2024, anti-quota student demonstrators clashed with police forces at Azimpur in Dhaka - Lalbagh city (Narayanganj Sadar, Dhaka), demanding abolition of the quota system in government jobs. 1 person died after being shot.",1,"crowd size=no report",1724113673
BGD27855,"20 July 2024",2024,1,Demonstrations,Riots,"Violent demonstration","Rioters (Bangladesh)","Labor Group (Bangladesh); Students (Bangladesh)",Rioters,"Police Forces of Bangladesh (2009-2024)","Civilians (Bangladesh); Journalists (Bangladesh)","State forces","State forces-Rioters",,50,"South Asia",Bangladesh,Dhaka,Dhaka,Mirpur,"Dhaka - Mirpur",23.7931,90.3629,1,"Daily Star (Bangladesh); New Age (Bangladesh)",National,"On 20 July 2024, several hundred anti-quota student demonstrators clashed with police forces in Dhaka - Mirpur city (Narayanganj Sadar, Dhaka), as they blocked the road near Kazipara Metro station, demanding abolition of the quota system in government jobs. Police fired bullets, tear gas shells and sound grenades. A media vehicle was also torched. Demonstrators assaulted 4 journalists for not accurately reporting the death toll. Injuries unknown.",0,"crowd size=several 100",1724113673
BGD27857,"20 July 2024",2024,1,Demonstrations,Riots,"Violent demonstration","Rioters (Bangladesh)","Labor Group (Bangladesh); Students (Bangladesh)",Rioters,"Police Forces of Bangladesh (2009-2024)","Military Forces of Bangladesh (2009-2024); Police Forces of Bangladesh (2009-2024) Border Guards Bangladesh","State forces","State forces-Rioters",,50,"South Asia",Bangladesh,Dhaka,Dhaka,Mohammadpur,"Dhaka - Mohammadpur",23.7602,90.3509,1,"Daily Star (Bangladesh); New Age (Bangladesh)",National,"On 20 July 2024, hundreds of anti-quota student demonstrators clashed with police forces in Dhaka - Mohammadpur city (Narayanganj Sadar, Dhaka), demanding abolition of the quota system in government jobs. Police fired bullets, tear gas and sound grenades, while demonstrators threw bricks and stones, set ablaze a bus and vandalized several buildings. BGB and Army also joined the clash in the evening. Injuries unknown.",0,"crowd size=hundreds",1724113673
BGD27859,"20 July 2024",2024,1,Demonstrations,Riots,"Violent demonstration","Rioters (Bangladesh)","Labor Group (Bangladesh); Students (Bangladesh)",Rioters,"Police Forces of Bangladesh (2009-2024)","Military Forces of Bangladesh (2009-2024); Police Forces of Bangladesh (2009-2024) Bangladesh Ansar","State forces","State forces-Rioters",,50,"South Asia",Bangladesh,Dhaka,Dhaka,Motijheel,"Dhaka - Motijheel",23.7363,90.4232,1,"Daily Star (Bangladesh); New Age (Bangladesh)",National,"On 20 July 2024, anti-quota student demonstrators clashed with police, Ansar and army forces at Malibagh in Dhaka - Motijheel city (Narayanganj Sadar, Dhaka), demanding abolition of the quota system in government jobs. Police fired at demonstrators. 2 persons, including 1 student were killed. One of them was killed near Gopibagh Railgate while the student was killed after being shot in Rajerbagh area.",2,"crowd size=no report",1724113673
BGD27862,"20 July 2024",2024,1,Demonstrations,Riots,"Violent demonstration","Rioters (Bangladesh)","Labor Group (Bangladesh); Students (Bangladesh)",Rioters,"Police Forces of Bangladesh (2009-2024)","Civilians (Bangladesh); Former Government of Bangladesh (2009-2024); Independent Politicians (Bangladesh)","State forces","State forces-Rioters",,50,"South Asia",Bangladesh,Dhaka,Dhaka,Uttara,"Dhaka - Uttara",23.869,90.3942,1,"Daily Star (Bangladesh); New Age (Bangladesh); Prothom Alo",National,"On 20 July 2024, anti-quota student demonstrators clashed with police forces in Dhaka - Uttara city (Narayanganj Sadar, Dhaka), demanding abolition of the quota system in government jobs. Police fired at demonstrators. Demonstrators attacked the former mayor of Gazipur (independent), who sustained injuries to the head. 1 person was killed.",1,"crowd size=no report; local administrators",1724113673
BGD27865,"20 July 2024",2024,1,Demonstrations,Riots,"Violent demonstration","Rioters (Bangladesh)","Labor Group (Bangladesh); Students (Bangladesh)",Rioters,"Police Forces of Bangladesh (2009-2024)","Civilians (Bangladesh); Labor Group (Bangladesh); Police Forces of Bangladesh (2009-2024) Border Guards Bangladesh","State forces","State forces-Rioters",,50,"South Asia",Bangladesh,Mymensingh,Mymensingh,Gauripur,Koltapara,24.74,90.5259,1,"Daily Manab Zamin; Daily Star (Bangladesh)",National,"On 20 July 2024, anti-quota student demonstrators clashed with police forces, vandalized a BGB vehicle and attacked garment workers shielding police personnel during a demonstration along the Mymensingh-Kishoreganj Highway in Koltapara village (Mymensingh), demanding abolition of the quota system in government jobs. Police fired at the demonstrators. 4 people were killed in the firing, and hundreds were injured. 15 policemen also sustained injuries.",4,"crowd size=no report",1724113673
BGD27867,"20 July 2024",2024,1,Demonstrations,Riots,"Violent demonstration","Rioters (Bangladesh)","Civilians (Bangladesh); Labor Group (Bangladesh); Students (Bangladesh)",Rioters,"Police Forces of Bangladesh (2009-2024)",,"State forces","State forces-Rioters",,50,"South Asia",Bangladesh,Dhaka,Narsingdi,"Narsingdi Sadar",Meherpara,23.8878,90.656,2,"Prothom Alo",National,"On 20 July 2024, anti-quota student demonstrators clashed with police forces in Meherpara area (Narayanganj Sadar, Dhaka), demanding abolition of the quota system in government jobs. 1 person (a daily wage earner) was killed.",1,"crowd size=no report",1724113673
BGD27871,"20 July 2024",2024,1,Demonstrations,Riots,"Violent demonstration","Rioters (Bangladesh)","Civilians (Bangladesh); Labor Group (Bangladesh); Students (Bangladesh)",Rioters,"Police Forces of Bangladesh (2009-2024)",,"State forces","State forces-Rioters",,50,"South Asia",Bangladesh,Dhaka,Narayanganj,"Narayanganj Sadar",Narayanganj,23.6135,90.503,1,"Daily Manab Zamin; Daily Star (Bangladesh); Prothom Alo; The Business Standard (Bangladesh); United News of Bangladesh",National,"On 20 July 2024, anti-quota student demonstrators clashed with police forces in Narayanganj city (Narayanganj Sadar, Dhaka), including from Signboard area to Kanchpur and Siddhirganj, demanding abolition of the quota system in government jobs. Police fired sound grenades and pellets during the clash. Locals claimed that the bullet had been fired from police helicopters. Six vehicles were also set on fire during the incident. 9 people were killed, including 1 woman and 1 student who were sitting in the verandahs of their respective houses. In Shimrail locality, the Hazi Ibrahim Khalil Shopping Complex was set ablaze during clashes, 3 people died after being burned alive. Around 50 people were hospitalized with bullet and pellet injuries. Total 11 fatalities.",11,"crowd size=no report",1724113673
BGD27876,"20 July 2024",2024,1,Demonstrations,Riots,"Violent demonstration","Rioters (Bangladesh)","Labor Group (Bangladesh); Students (Bangladesh)",Rioters,"Police Forces of Bangladesh (2009-2024)","AL: Bangladesh Awami League; Government of Bangladesh (2009-2024); Rioters (Bangladesh)","State forces","State forces-Rioters",,50,"South Asia",Bangladesh,Dhaka,Kishoregonj,Pakundia,Pakundia,24.3232,90.6749,1,"Daily Star (Bangladesh)",National,"On 20 July 2024, anti-quota student demonstrators clashed using bricks with police forces and members of Awami league in Pakundia city (Kishoregonj, Dhaka), demanding abolition of the quota system in government jobs. At least 20 people, including an Assistant Commissioner and 5 police personnel, were injured in the clash.",0,"crowd size=no report",1724113673
BGD27877,"20 July 2024",2024,1,Demonstrations,Riots,"Violent demonstration","Rioters (Bangladesh)","Civilians (Bangladesh); Labor Group (Bangladesh); Students (Bangladesh)",Rioters,"Police Forces of Bangladesh (2009-2024)",,"State forces","State forces-Rioters",,50,"South Asia",Bangladesh,Mymensingh,Mymensingh,Phulpur,Phulpur,24.956,90.3668,2,"Daily Star (Bangladesh)",National,"On 20 July 2024, anti-quota student demonstrators clashed with police forces at the Amuakanda Bridge area in Phulpur city (Mymensingh), demanding abolition of the quota system in government jobs. 1 passer-by was killed, and at least 10 people, including 3 police personnel, were injured in the clash.",1,"crowd size=no report",1724113673
BGD27881,"20 July 2024",2024,1,Demonstrations,Riots,"Violent demonstration","Rioters (Bangladesh)","Civilians (Bangladesh); Labor Group (Bangladesh); Students (Bangladesh)",Rioters,"Police Forces of Bangladesh (2009-2024)",,"State forces","State forces-Rioters",,50,"South Asia",Bangladesh,Dhaka,Dhaka,Savar,Savar,23.8486,90.25,1,"Daily Star (Bangladesh); New Age (Bangladesh)",National,"On 20 July 2024, anti-quota student demonstrators clashed using bricks with police forces in three areas of Savar city (Dhaka), as police fired shots at the demonstrators, demanding abolition of the quota system in government jobs. 6 people, including a poultry trader, rickshaw puller, school student and mason were killed (not part of demonstrators) and at least 50 were injured with bullet and pellet injuries in the clashes.",6,"crowd size=no report",1724113673
BGD27883,"20 July 2024",2024,1,Demonstrations,Riots,"Violent demonstration","Rioters (Bangladesh)","Labor Group (Bangladesh); Students (Bangladesh)",Rioters,"Police Forces of Bangladesh (2009-2024)",,"State forces","State forces-Rioters",,50,"South Asia",Bangladesh,Dhaka,Narsingdi,Shibpur,Shibpur,24.0414,90.7374,2,"Daily Star (Bangladesh)",National,"On 20 July 2024, anti-quota student demonstrators vandalized a highway police outpost in Shibpur upazila (Narsingdi, Dhaka), demanding abolition of the quota system in government jobs.",0,"crowd size=no report",1724113673
BGD27888,"20 July 2024",2024,1,Demonstrations,Riots,"Violent demonstration","Rioters (Bangladesh)","Labor Group (Bangladesh); Students (Bangladesh)",Rioters,"Police Forces of Bangladesh (2009-2024)","Military Forces of Bangladesh (2009-2024); Police Forces of Bangladesh (2009-2024) Bangladesh Ansar","State forces","State forces-Rioters",,50,"South Asia",Bangladesh,Dhaka,Dhaka,Rampura,"Dhaka - Rampura",23.7601,90.4193,1,"New Age (Bangladesh)",National,"On 20 July 2024, anti-quota student demonstrators clashed with police, Ansar and army forces in Dhaka - Rampura city (Narayanganj Sadar, Dhaka), demanding abolition of the quota system in government jobs. Army fired bullets at demonstrators. Injuries unknown.",0,"crowd size=no report; local administrators",1724113673
BGD27863,"20 July 2024",2024,1,Demonstrations,Riots,"Violent demonstration","Rioters (Bangladesh)","Labor Group (Bangladesh); Students (Bangladesh)",Rioters,"Police Forces of Bangladesh (2009-2024)",,"State forces","State forces-Rioters",,50,"South Asia",Bangladesh,Dhaka,Gazipur,"Gazipur Sadar",Gazipur,23.9984,90.4223,1,"Daily Star (Bangladesh); Dhaka Tribune; New Age (Bangladesh); Prothom Alo",National,"On 20 July 2024, anti-quota student demonstrators clashed with police and vandalized two police outposts in Gazipur city, Gazipur Sadar (Dhaka), demanding abolition of the quota system in government jobs. 2 persons were killed. 2 other persons succumbed to injuries and died on 21 July. Total 4 fatalities.",4,"crowd size=no report",1724779537
BGD27887,"20 July 2024",2024,1,Demonstrations,Riots,"Violent demonstration","Rioters (Bangladesh)","Labor Group (Bangladesh); Students (Bangladesh); Civilians (Bangladesh)",Rioters,"Police Forces of Bangladesh (2009-2024)",,"State forces","State forces-Rioters",,50,"South Asia",Bangladesh,Dhaka,Gazipur,"Gazipur Sadar",Tongi,23.8915,90.4023,1,"Daily Sun (Bangladesh); Prothom Alo",National,"On 20 July 2024, anti-quota student demonstrators clashed with police forces at Borobazar in Tongi city (Gazipur, Dhaka), demanding abolition of the quota system in government jobs. Police forces fired tear gas, bullets and sound grenades to disperse the demonstrators.4 persons were shot and killed, including at least 1 bystander who was hit by a stray bullet. At least 60-70 people vandalized and set fire to the regional office of Gazipur City Corporation, and burned several vehicles in Tongi city.",4,"crowd size=no report; local administrators",1724779537
BGD27894,"20 July 2024",2024,1,Demonstrations,Riots,"Violent demonstration","Rioters (Bangladesh)","Civilians (Bangladesh); Farmers (Bangladesh); Labor Group (Bangladesh); Students (Bangladesh)",Rioters,"Police Forces of Bangladesh (2009-2024)",,"State forces","State forces-Rioters",,50,"South Asia",Bangladesh,Dhaka,Narsingdi,"Narsingdi Sadar",Narsingdi,23.923,90.7177,2,"Dhaka Tribune; Prothom Alo",National,"On 20 July 2024, anti-quota student demonstrators clashed with police forces in Narsingdi district (coded to Narsingdi, Dhaka), demanding abolition of the quota system in government jobs. 2 people, including a student demonstrator, and a farmer, were killed when he was returning from a market.",2,"crowd size=no report",1725991734
BGD27813,"19 July 2024",2024,1,Demonstrations,Protests,"Peaceful protest","Protesters (Bangladesh)","Labor Group (Bangladesh); Teachers (Bangladesh)",Protesters,,,,"Protesters only",,50,"South Asia",Bangladesh,Rajshahi,Rajshahi,Boalia,Rajshahi,24.374,88.6011,1,"Prothom Alo",National,"On 19 July 2024, teachers staged a protest by covering their face with black cloth at RUET University, Rajshahi city (Boalia), against the killings and assault on anti-quota protesters, calling for the abolition of quota system in government jobs, across the country.",0,"crowd size=no report",1721769306
BGD28202,"19 July 2024",2024,1,Demonstrations,Riots,"Violent demonstration","Rioters (Bangladesh)","BNP: Bangladesh Nationalist Party; JJD: Jatiyatabadi Jubo Dal",Rioters,,,,"Rioters only",,50,"South Asia",Bangladesh,Rangpur,Rangpur,"Rangpur Sadar",Rangpur,25.7466,89.2516,1,"Daily Manab Zamin",National,"On 19 July 2024, thousands of BNP and JJD members staged a demonstration in Rangpur city, against the deaths of students during the ongoing movement demanding abolition of the quota system in government jobs. They vandalized several offices including the family planning office and the parliament office of Muktijoddha (freedom fighters' association).",0,"crowd size=thousands",1723576773
BGD27751,"19 July 2024",2024,1,Demonstrations,Riots,"Violent demonstration","Rioters (Bangladesh)","Labor Group (Bangladesh); Students (Bangladesh)",Rioters,"Police Forces of Bangladesh (2009-2024)",,"State forces","State forces-Rioters",,50,"South Asia",Bangladesh,Dhaka,Narsingdi,"Narsingdi Sadar",Narsingdi,23.923,90.7177,1,"Daily Star (Bangladesh)",National,"On 19 July 2024, at least 3,000 anti-quota student demonstrators stormed a jail in Narsingdi city (Dhaka), vandalized and set several rooms inside it ablaze and freed 836 prisoners, looted valuables including bullets and guns, during their demonstration demanding abolition of the quota system in government jobs. Police forces fired tear gas shells to disperse the demonstrators. 85 weapons and 9,000 bullets were looted of which 39 weapons and 1,085 rounds of ammunition have been recovered.",0,"crowd size=at least 3,000",1724113673
BGD27763,"19 July 2024",2024,1,Demonstrations,Riots,"Violent demonstration","Rioters (Bangladesh)","Labor Group (Bangladesh); Students (Bangladesh)",Rioters,"Police Forces of Bangladesh (2009-2024)",,"State forces","State forces-Rioters",,50,"South Asia",Bangladesh,Chittagong,Brahmanbaria,Ashuganj,Ashuganj,24.0401,91.0117,2,"Prothom Alo",National,"On 19 July 2024, anti-quota student demonstrators clashed with police forces at Dhaka-Sylhet highway, Ashuganj upazila (Brahmanbaria, Chittagong), demanding abolition of the quota system in government jobs. Police fired tear gas and rubber bullets to disperse the demonstrators. Injuries unknown.",0,"crowd size=no report",1724113673
BGD27816,"19 July 2024",2024,1,"Strategic developments","Strategic developments","Change to group/activity","Government of Bangladesh (2009-2024)","Military Forces of Bangladesh (2009-2024)","State forces",,,,"State forces only",,50,"South Asia",Bangladesh,Dhaka,Dhaka,,Dhaka,23.7656,90.3879,3,"Guardian (United Kingdom)",International,"Security measures: On 19 July 2024, the government declared a nationwide curfew and announced deployment of the military across the country (coded as Dhaka), with powers to shoot at sight, amid ongoing demonstrations by students demanding the abolition of quota system in government jobs.",0,,1724113673
BGD27820,"19 July 2024",2024,1,"Strategic developments","Strategic developments",Arrests,"Police Forces of Bangladesh (2009-2024)",,"State forces","Civilians (Bangladesh)","BNP: Bangladesh Nationalist Party",Civilians,"State forces-Civilians",,50,"South Asia",Bangladesh,Rajshahi,Bogra,"Bogra Sadar",Bogra,24.853,89.3732,1,"Dhaka Tribune",National,"On 19 July 2024, police forces arrested 37 people associated with BNP in Bogra city, Bogra Sadar (Rajshahi), in connection to vandalism during anti-quota movement demanding abolition of the quota system from government jobs.",0,,1724113673
BGD27838,"19 July 2024",2024,1,Demonstrations,Riots,"Violent demonstration","Rioters (Bangladesh)","Labor Group (Bangladesh); Students (Bangladesh)",Rioters,"Police Forces of Bangladesh (2009-2024)",,"State forces","State forces-Rioters",,50,"South Asia",Bangladesh,Barisal,Barisal,"Barisal Sadar",Barisal,22.705,90.3701,2,"Daily Star (Bangladesh)",National,"On 19 July 2024, anti-quota student demonstrators clashed with police in Barisal area, demanding the abolition of quota system in government jobs. Injuries unknown.",0,"crowd size=no report",1724113673
BGD27839,"19 July 2024",2024,1,Demonstrations,Riots,"Violent demonstration","Rioters (Bangladesh)","Labor Group (Bangladesh); Students (Bangladesh)",Rioters,"Police Forces of Bangladesh (2009-2024)",,"State forces","State forces-Rioters",,50,"South Asia",Bangladesh,Rajshahi,Bogra,"Bogra Sadar",Bogra,24.853,89.3732,2,"Daily Star (Bangladesh)",National,"On 19 July 2024, anti-quota student demonstrators clashed with police in Bogra area, demanding the abolition of quota system in government jobs. 1 person was killed.",1,"crowd size=no report",1724113673
BGD27840,"19 July 2024",2024,1,Demonstrations,Riots,"Violent demonstration","Rioters (Bangladesh)","Labor Group (Bangladesh); Students (Bangladesh)",Rioters,"Police Forces of Bangladesh (2009-2024)",,"State forces","State forces-Rioters",,50,"South Asia",Bangladesh,Chittagong,Brahmanbaria,"Brahmanbaria Sadar",Brahmanbaria,23.9746,91.1123,2,"Daily Star (Bangladesh)",National,"On 19 July 2024, anti-quota student demonstrators clashed with police in Brahmanbaria area, demanding the abolition of quota system in government jobs. Injuries unknown.",0,"crowd size=no report",1724113673
BGD27841,"19 July 2024",2024,1,Demonstrations,Riots,"Violent demonstration","Rioters (Bangladesh)","Labor Group (Bangladesh); Students (Bangladesh)",Rioters,"Police Forces of Bangladesh (2009-2024)",,"State forces","State forces-Rioters",,50,"South Asia",Bangladesh,Chittagong,Chittagong,Pahartali,Chittagong,22.3571,91.7823,2,"Daily Star (Bangladesh)",National,"On 19 July 2024, anti-quota student demonstrators clashed with police in Chittagong area, demanding the abolition of quota system in government jobs. Injuries unknown.",0,"crowd size=no report",1724113673
BGD27843,"19 July 2024",2024,1,Demonstrations,Riots,"Violent demonstration","Rioters (Bangladesh)","Labor Group (Bangladesh); Students (Bangladesh)",Rioters,"Police Forces of Bangladesh (2009-2024)","BCL: Bangladesh Chhatra League; Rioters (Bangladesh); Students (Bangladesh)","State forces","State forces-Rioters",,50,"South Asia",Bangladesh,Chittagong,"Cox's Bazar","Cox's Bazar Sadar","Cox's Bazar",21.4397,92.0095,2,"Prothom Alo",National,"On 19 July 2024, anti-quota student demonstrators clashed with police and BCL members in Cox's Bazar area (Chittagong), demanding the abolition of quota system in government jobs. 1 BCL member was killed.",1,"crowd size=no report",1724113673
BGD27869,"19 July 2024",2024,1,Demonstrations,Riots,"Violent demonstration","Rioters (Bangladesh)","Labor Group (Bangladesh); Students (Bangladesh)",Rioters,"Police Forces of Bangladesh (2009-2024)",,"State forces","State forces-Rioters",,50,"South Asia",Bangladesh,Mymensingh,Mymensingh,"Mymensingh Sadar",Mymensingh,24.7564,90.4065,2,"Daily Star (Bangladesh); Prothom Alo",National,"On 19 July 2024, anti-quota student demonstrators clashed with police in Mymensingh, demanding the abolition of quota system in government jobs. Demonstrators torched an unspecified government establishment. 1 person was killed.",1,"crowd size=no report",1724113673
BGD27880,"19 July 2024",2024,1,Demonstrations,Riots,"Violent demonstration","Rioters (Bangladesh)","Labor Group (Bangladesh); Students (Bangladesh)",Rioters,"Police Forces of Bangladesh (2009-2024)",,"State forces","State forces-Rioters",,50,"South Asia",Bangladesh,Dhaka,Dhaka,Savar,Savar,23.8486,90.25,2,"Daily Star (Bangladesh); Prothom Alo",National,"On 19 July 2024, anti-quota student demonstrators clashed with police in Savar area (Dhaka), demanding the abolition of quota system in government jobs. 1 person was killed.",1,"crowd size=no report",1724113673
BGD27884,"19 July 2024",2024,1,Demonstrations,Riots,"Violent demonstration","Rioters (Bangladesh)","BNP: Bangladesh Nationalist Party; Labor Group (Bangladesh); Students (Bangladesh)",Rioters,"Police Forces of Bangladesh (2009-2024)",,"State forces","State forces-Rioters",,50,"South Asia",Bangladesh,Rajshahi,Sirajganj,"Sirajganj Sadar",Sirajganj,24.4577,89.708,2,"Prothom Alo",National,"On 19 July 2024, anti-quota student demonstrators clashed with police in Sirajganj area (Rajshahi), demanding the abolition of quota system in government jobs. 1 BNP member was killed.",1,"crowd size=no report",1724113673
BGD27885,"19 July 2024",2024,1,Demonstrations,Riots,"Violent demonstration","Rioters (Bangladesh)","BNP: Bangladesh Nationalist Party; Civilians (Bangladesh); Journalists (Bangladesh); Labor Group (Bangladesh)",Rioters,"Police Forces of Bangladesh (2009-2024)",,"State forces","State forces-Rioters",,50,"South Asia",Bangladesh,Sylhet,Sylhet,"Sylhet Sadar",Sylhet,24.899,91.872,1,"Daily Star (Bangladesh); New Age (Bangladesh)",National,"On 19 July 2024, BNP members clashed with police forces in Sylhet city, Sylhet Sadar, demanding abolition of the quota system in government jobs. 1 journalist was killed with bullet injuries after police fired at the BNP procession.",1,"crowd size=no report",1724113673
BGD27886,"19 July 2024",2024,1,Demonstrations,Riots,"Violent demonstration","Rioters (Bangladesh)","Labor Group (Bangladesh); Students (Bangladesh)",Rioters,"Police Forces of Bangladesh (2009-2024)",,"State forces","State forces-Rioters",,50,"South Asia",Bangladesh,Dhaka,Tangail,"Tangail Sadar",Tangail,24.2498,89.9166,2,"Daily Star (Bangladesh)",National,"On 19 July 2024, anti-quota student demonstrators clashed with police in Tangail area (Dhaka), demanding the abolition of quota system in government jobs. Injuries unknown.",0,"crowd size=no report",1724113673
BGD27893,"19 July 2024",2024,1,Demonstrations,Riots,"Violent demonstration","Rioters (Bangladesh)","Civilians (Bangladesh); Labor Group (Bangladesh); Students (Bangladesh)",Rioters,"Police Forces of Bangladesh (2009-2024)",,"State forces","State forces-Rioters",,50,"South Asia",Bangladesh,Dhaka,Narayanganj,"Narayanganj Sadar",Narayanganj,23.6135,90.503,2,"New Age (Bangladesh)",National,"On 19 July 2024, anti-quota student demonstrators clashed with police forces in Narayanganj district (Narayanganj Sadar, Dhaka). A 15 year old garment factory worker was killed.",1,"crowd size=no report",1724113673
BGD27870,"19 July 2024",2024,1,Demonstrations,Riots,"Violent demonstration","Rioters (Bangladesh)","Civilians (Bangladesh); Labor Group (Bangladesh); Students (Bangladesh)",Rioters,"Police Forces of Bangladesh (2009-2024)",,"State forces","State forces-Rioters",,50,"South Asia",Bangladesh,Dhaka,Narayanganj,"Narayanganj Sadar",Narayanganj,23.6135,90.503,1,"Daily Manab Zamin; Daily Star (Bangladesh); New Age (Bangladesh); United News of Bangladesh",National,"On 19 July 2024, anti-quota student demonstrators clashed with police forces in Narayanganj city (Narayanganj Sadar, Dhaka), including in Noyamati area, demanding abolition of the quota system in government jobs. Police fired sound grenades and pellets during the clash. A 6 year old young girl was killed while playing on the roof of her house, after being hit by a stray bullet, while a 10 year old hawker died after sustaining bullet injuries along the Dhaka - Chattogram highway. A university student was killed by police firing in the Chashara area, while 1 school student was shot and killed in Bhuighar area. Total 4 fatalities.",4,"crowd size=no report",1724170529
BGD27847,"19 July 2024",2024,1,Demonstrations,Riots,"Violent demonstration","Rioters (Bangladesh)","Labor Group (Bangladesh); Students (Bangladesh); Civilians (Bangladesh)",Rioters,"Police Forces of Bangladesh (2009-2024)",,"State forces","State forces-Rioters",,50,"South Asia",Bangladesh,Dhaka,Dhaka,Dhanmondi,"Dhaka - Dhanmondi",23.7435,90.3737,1,"New Age (Bangladesh); Prothom Alo",National,"On 19 July 2024, hundreds of anti-quota student demonstrators set ablaze old furniture and tyres, and clashed with police in Dhaka - Dhanmondi city, demanding abolition of the quota system in government jobs. 1 rickshaw mechanic and 1 woman were killed after being hit by a stray bullet. 1 private car driver also died in the clash. Total 3 fatalities coded to this event.",3,"crowd size=no report",1724779537
BGD27851,"19 July 2024",2024,1,Demonstrations,Riots,"Violent demonstration","Rioters (Bangladesh)","BNP: Bangladesh Nationalist Party; Civilians (Bangladesh); JeI: Jamaat-e-Islami; Labor Group (Bangladesh); Students (Bangladesh)",Rioters,"Police Forces of Bangladesh (2009-2024)","Rioters (Bangladesh); BCL: Bangladesh Chhatra League; Students (Bangladesh)","State forces","State forces-Rioters",,50,"South Asia",Bangladesh,Dhaka,Dhaka,Kadamtali,"Dhaka - Kadamtali",23.6894,90.4488,1,"BDnews24; Bonik Barta; Daily Star (Bangladesh); New Age (Bangladesh); Prothom Alo",National,"On 19 July 2024, anti-quota student demonstrators clashed with police forces and BCL supporters in Rayerbagh area in Dhaka - Kadamtali city, demanding abolition of the quota system in government jobs. Police forces fired bullets at the demonstrators. 5 persons, including 1 pedestrian, 1 student, 1 child and 1 police personnel were killed. Demonstrators assaulted and killed the policeman. Police claimed that those involved in the assault on the policeman were BNP and JeI supporters. Total 5 fatalities coded to this event.",5,"crowd size=no report",1724779537
BGD27858,"19 July 2024",2024,1,Demonstrations,Riots,"Violent demonstration","Rioters (Bangladesh)","Labor Group (Bangladesh); Students (Bangladesh)",Rioters,"Police Forces of Bangladesh (2009-2024)","Police Forces of Bangladesh (2009-2024) Bangladesh Ansar","State forces","State forces-Rioters",,50,"South Asia",Bangladesh,Dhaka,Dhaka,Motijheel,"Dhaka - Motijheel",23.7363,90.4232,1,"Daily Star (Bangladesh); New Age (Bangladesh); Prothom Alo",National,"On 19 July 2024, anti-quota student demonstrators clashed with police at Malibagh in Dhaka - Motijheel city, demanding abolition of the quota system in government jobs. 1 Ansar police member was killed. 1 fatality coded to this event.",1,"crowd size=no report",1724779537
BGD27860,"19 July 2024",2024,1,Demonstrations,Riots,"Violent demonstration","Rioters (Bangladesh)","Civilians (Bangladesh); Journalists (Bangladesh); Labor Group (Bangladesh); Students (Bangladesh)",Rioters,"Police Forces of Bangladesh (2009-2024)",,"State forces","State forces-Rioters",,50,"South Asia",Bangladesh,Dhaka,Dhaka,"New Market","Dhaka - New Market",23.7362,90.3835,1,"Daily Observer (Bangladesh); Daily Star (Bangladesh); New Age (Bangladesh)",National,"On 19 July 2024, anti-quota student demonstrators clashed with police in Dhaka - New Market city, demanding abolition of the quota system in government jobs. 1 journalist was killed after being hit by a bullet in the Science Lab area. 1 other person was killed. Total 2 fatalities coded to this event.",2,"crowd size=no report",1724779537
BGD28199,"19 July 2024",2024,1,Demonstrations,Riots,"Violent demonstration","Rioters (Bangladesh)","Labor Group (Bangladesh); Students (Bangladesh)",Rioters,"Police Forces of Bangladesh (2009-2024)","Rioters (Bangladesh); AL: Bangladesh Awami League","State forces","State forces-Rioters",,50,"South Asia",Bangladesh,Dhaka,Dhaka,Sutrapur,"Dhaka - Sutrapur",23.7104,90.4148,1,"Dhaka Tribune; Prothom Alo",National,"On 19 July 2024, anti-quota student demonstrators clashed with police and AL supporters in Dhaka - Sutrapur city, demanding abolition of the quota system in government jobs. 3 persons, including 2 students and 1 apprentice technician, were shot and killed. 1 fatality coded to this event.",3,"crowd size=no report",1724779537
BGD27873,"19 July 2024",2024,1,Demonstrations,Riots,"Violent demonstration","Rioters (Bangladesh)","Labor Group (Bangladesh); Students (Bangladesh)",Rioters,"Police Forces of Bangladesh (2009-2024)",,"State forces","State forces-Rioters",,50,"South Asia",Bangladesh,Dhaka,Narsingdi,"Narsingdi Sadar",Narsingdi,23.923,90.7177,2,"Daily Manab Zamin; Daily Star (Bangladesh); Prothom Alo",National,"On 19 July 2024, anti-quota student demonstrators clashed with police in Narsingdi area, demanding the abolition of quota system in government jobs. 3 persons were killed.",3,"crowd size=no report",1724779537
BGD27878,"19 July 2024",2024,1,Demonstrations,Riots,"Violent demonstration","Rioters (Bangladesh)","Labor Group (Bangladesh); Students (Bangladesh)",Rioters,"Police Forces of Bangladesh (2009-2024)","Rioters (Bangladesh); AL: Bangladesh Awami League","State forces","State forces-Rioters",,50,"South Asia",Bangladesh,Rangpur,Rangpur,"Rangpur Sadar",Rangpur,25.7466,89.2516,1,"Daily Manab Zamin; Daily Star (Bangladesh); Dhaka Tribune; Prothom Alo",National,"On 19 July 2024, anti-quota student demonstrators clashed with police and AL supporters in Rangpur city, demanding the abolition of quota system in government jobs. Police fired rubber bullets and tear gas shells. 5 persons were killed after being hit by live and rubber bullets.",5,"crowd size=no report",1724779537
BGD27866,"19 July 2024",2024,1,Demonstrations,Riots,"Violent demonstration","Rioters (Bangladesh)","Labor Group (Bangladesh); Students (Bangladesh)",Rioters,"Police Forces of Bangladesh (2009-2024)",,"State forces","State forces-Rioters",,50,"South Asia",Bangladesh,Dhaka,Madaripur,"Madaripur Sadar",Madaripur,23.171,90.2094,2,"Prothom Alo",National,"On 19 July 2024, anti-quota student demonstrators clashed with police in Madaripur area (Dhaka), and set ablaze an unspecifed government establishment, demanding the abolition of quota system in government jobs. 2 persons were killed.",2,"crowd size=no report",1724787053
BGD28542,"19 July 2024",2024,1,Demonstrations,Riots,"Violent demonstration","Rioters (Bangladesh)","Labor Group (Bangladesh); Students (Bangladesh)",Rioters,"Police Forces of Bangladesh (2009-2024)","AL: Bangladesh Awami League; Rioters (Bangladesh)","State forces","State forces-Rioters",,50,"South Asia",Bangladesh,Rajshahi,Bogra,Shibganj,Shibganj,25.0014,89.3226,1,"Dhaka Tribune",National,"On 19 July 2024, anti-quota student demonstrators clashed with police and AL supporters in Shibganj city (Bogra, Rajshahi), demanding the abolition of quota system in government jobs. AL supporters and police fired bullets at demonstrators and threw crude bombs. Many persons were injured.",0,"crowd size=no report",1724787054
BGD27842,"19 July 2024",2024,1,Demonstrations,Riots,"Violent demonstration","Rioters (Bangladesh)","Labor Group (Bangladesh); Students (Bangladesh)",Rioters,"Police Forces of Bangladesh (2009-2024)",,"State forces","State forces-Rioters",,50,"South Asia",Bangladesh,Chittagong,Comilla,"Comilla Adarsha Sadar",Comilla,23.4619,91.185,2,"Prothom Alo",National,"On 19 July 2024, anti-quota student demonstrators clashed with police in Comilla area (Chittagong), and set ablaze an unspecifed government establishment, demanding the abolition of quota system in government jobs. Injuries unknown.",0,"crowd size=no report",1726526021
BGD27747,"19 July 2024",2024,1,Demonstrations,Riots,"Violent demonstration","Rioters (Bangladesh)","Labor Group (Bangladesh); Students (Bangladesh)",Rioters,"Police Forces of Bangladesh (2009-2024)",,"State forces","State forces-Rioters",,50,"South Asia",Bangladesh,Dhaka,Kishoregonj,Bhairab,Bhairab,24.0524,90.9764,1,"Prothom Alo",National,"On 19 July 2024, anti-quota student demonstrators clashed with police forces near the bus stand and in front of Bhairab police station in Bhairab upazila (Kishregonj, Dhaka), demanding abolition of the quota system in government jobs. Police forces fired bullets at the demonstrators. More than 100 people were injured in the clash. Demonstrators set fire to a police box during the clash.",0,"crowd size=no report",1727204918
BGD27748,"19 July 2024",2024,1,Demonstrations,Riots,"Violent demonstration","Rioters (Bangladesh)","Labor Group (Bangladesh); Students (Bangladesh)",Rioters,,,,"Rioters only",,50,"South Asia",Bangladesh,Dhaka,Kishoregonj,Bhairab,Bhairab,24.0524,90.9764,2,"Prothom Alo",National,"On 19 July 2024, anti-quota student demonstrators vandalized a train at railway station in Bhairab upazila (Kishregonj, Dhaka), demanding abolition of the quota system in government jobs.",0,"crowd size=no report",1727204918
BGD27756,"19 July 2024",2024,1,Demonstrations,Riots,"Violent demonstration","Rioters (Bangladesh)","Civilians (Bangladesh); Labor Group (Bangladesh); Students (Bangladesh)",Rioters,"Police Forces of Bangladesh (2009-2024)","Police Forces of Bangladesh (2009-2024) Border Guards Bangladesh","State forces","State forces-Rioters",,50,"South Asia",Bangladesh,Dhaka,Dhaka,Badda,"Dhaka - Badda",23.7852,90.4387,1,"Daily Manab Zamin; Daily Star (Bangladesh); France24; New Age (Bangladesh); Prothom Alo",National-International,"On 19 July 2024, anti-quota student demonstrators and police and BGB forces clashed in Dhaka - Badda city (Badda), demanding abolition of the quota system in government jobs. Police fired at demonstrators. 6 persons, a sanitation worker at the student hostel, a food vendor and an engineer, were killed in the clash. Total 6 fatalities coded to this event.",6,"crowd size=no report",1728420940
BGD27757,"19 July 2024",2024,1,Demonstrations,Riots,"Violent demonstration","Rioters (Bangladesh)","Civilians (Bangladesh); Health Workers (Bangladesh); Labor Group (Bangladesh); Students (Bangladesh)",Rioters,"Police Forces of Bangladesh (2009-2024)","Police Forces of Bangladesh (2009-2024) Border Guards Bangladesh","State forces","State forces-Rioters",,50,"South Asia",Bangladesh,Dhaka,Dhaka,Rampura,"Dhaka - Rampura",23.7601,90.4193,1,"BDnews24; Daily Star (Bangladesh); Dhaka Tribune; France24; New Age (Bangladesh); Prothom Alo",National-International,"On 19 July 2024, anti-quota student demonstrators and police and BGB forces clashed in Dhaka - Rampura (Rampura), demanding abolition of the quota system in government jobs. Demonstrators set ablaze a corporation office. Police fired at demonstrators. 12 people, including a woman, a worker with the electricity department, a painter, a student working as a physiotherapist and a mechanic not involved in the demonstration, were killed, including 2 who were killed in Banasree area, and at least 200 were injured in the clash. 1 plain clothed policeman was beaten to death in the Banasree area of Dhaka - Rampura city. Total 13 fatalities.",13,"crowd size=no report; local administrators",1728420940
BGD27758,"19 July 2024",2024,1,Demonstrations,Riots,"Violent demonstration","Rioters (Bangladesh)","BNP: Bangladesh Nationalist Party; Civilians (Bangladesh); Journalists (Bangladesh); Labor Group (Bangladesh)",Rioters,"Police Forces of Bangladesh (2009-2024)",,"State forces","State forces-Rioters",,50,"South Asia",Bangladesh,Dhaka,Dhaka,Paltan,"Dhaka - Paltan",23.7333,90.4125,1,"Daily Observer (Bangladesh); Daily Star (Bangladesh); France24; Netra News (Bangladesh); New Age (Bangladesh); Prothom Alo",National-International,"On 19 July 2024, members of BNP clashed with police forces in Dhaka - Paltan (Paltan), supporting the demands of anti-quota student demonstrators calling for abolition of the quota system in government jobs, and against the killings and assault on anti-quota student demonstrators. 1 rickshaw puller was killed by stray police bullets. 2 other persons were killed. 2 journalists sustained bullet injuries. Total 3 fatalities coded to this event.",3,"crowd size=no report",1728420940
BGD27759,"19 July 2024",2024,1,Demonstrations,Riots,"Violent demonstration","Rioters (Bangladesh)","BNP: Bangladesh Nationalist Party",Rioters,"Police Forces of Bangladesh (2009-2024)",,"State forces","State forces-Rioters",,50,"South Asia",Bangladesh,Dhaka,Dhaka,Shahbagh,"Dhaka - Shahbagh",23.7317,90.3959,1,"Daily Star (Bangladesh); France24; Prothom Alo",National-International,"On 19 July 2024, members of BNP clashed with police forces in Segunbagicha and Shilpakala neighbourhoods, Dhaka - Shahbagh city (Shahbagh), supporting the demands of anti-quota student demonstrators calling for abolition of the quota system in government jobs, and against the killings and assault on anti-quota student demonstrators. Police forces fired tear gas and sound grenades during the clash. BNP members set fire to a road in the Shilpakala area. Injuries unknown.",0,"crowd size=no report",1728420940
BGD27805,"19 July 2024",2024,1,Demonstrations,Riots,"Violent demonstration","Rioters (Bangladesh)","Civilians (Bangladesh); Labor Group (Bangladesh); Students (Bangladesh)",Rioters,"Police Forces of Bangladesh (2009-2024)","BCL: Bangladesh Chhatra League; Police Forces of Bangladesh (2009-2024) Border Guards Bangladesh; Police Forces of Bangladesh (2009-2024) Rapid Action Battalion; Rioters (Bangladesh); Students (Bangladesh)","State forces","State forces-Rioters",,50,"South Asia",Bangladesh,Dhaka,Dhaka,Mohammadpur,"Dhaka - Mohammadpur",23.7602,90.3509,1,"Daily Manab Zamin; Daily Star (Bangladesh); Dhaka Tribune; France24; Netra News (Bangladesh)",National-International,"On 19 July 2024, anti-quota student demonstrators clashed with police and BGB forces and ruling party activists (likely BCL members based on similar events) in Dhaka - Mohammadpur city, demanding abolition of the quota system in government jobs. Demonstrators vandalized an empty fire service vehicle. Police fired live and rubber bullets, sound grenades and tear gas shells. RAB personnel threw sound grenades from helicopters. Demonstrators set ablaze a corporation office and threw bricks. Several persons were injured. 8 persons, including a 10 year old boy who was hit by a stray bullet, 1 bakery worker and 1 grocery shop owner, 1 passerby, and 1 student were killed with bullets. Total 8 fatalities.",8,"crowd size=no report; local administrators",1728420940
BGD27806,"19 July 2024",2024,1,Demonstrations,Riots,"Violent demonstration","Rioters (Bangladesh)","Civilians (Bangladesh); Labor Group (Bangladesh); Students (Bangladesh)",Rioters,"Police Forces of Bangladesh (2009-2024)","BCL: Bangladesh Chhatra League; Police Forces of Bangladesh (2009-2024) Border Guards Bangladesh; Rioters (Bangladesh); Students (Bangladesh)","State forces","State forces-Rioters",,50,"South Asia",Bangladesh,Dhaka,Dhaka,Gulshan,"Dhaka - Gulshan",23.7891,90.4086,1,"Daily Star (Bangladesh); Daily Sun (Bangladesh); France24; Netra News (Bangladesh)",National-International,"On 19 July 2024, anti-quota student demonstrators clashed with police and BGB forces and ruling party activists (likely BCL members based on similar events) in Dhaka - Gulshan city, demanding abolition of the quota system in government jobs. Police fired rubber bullets. Several persons were injured. Demonstrators set ablaze a corporation office in Mohakhali. 1 salesman died after sustaining injuries at Mohakhali level crossing, while 1 rickshaw puller died after being shot by a stray bullet in Dhaka - Gulshan. 1 nightguard died after being shot in Gulshan. 3 fatalities coded to this event.",3,"crowd size=no report; local administrators",1728420940
BGD27807,"19 July 2024",2024,1,Demonstrations,Riots,"Violent demonstration","Rioters (Bangladesh)","Labor Group (Bangladesh); Students (Bangladesh)",Rioters,"Police Forces of Bangladesh (2009-2024)","BCL: Bangladesh Chhatra League; Police Forces of Bangladesh (2009-2024) Border Guards Bangladesh; Rioters (Bangladesh); Students (Bangladesh)","State forces","State forces-Rioters",,50,"South Asia",Bangladesh,Dhaka,Dhaka,Uttara,"Dhaka - Uttara",23.869,90.3942,1,"Daily Star (Bangladesh); France24; Netra News (Bangladesh); New Age (Bangladesh); Prothom Alo",National-International,"On 19 July 2024, anti-quota student demonstrators clashed with police and BGB forces and ruling party activists (likely BCL members based on similar events) in Dhaka - Uttara city, demanding abolition of the quota system in government jobs. Police fired rubber bullets. Demonstrators set ablaze a corporation office. Several persons were injured. A 15 year old girl died after being hit by a stray bullet. 1 fatality coded to this event.",1,"crowd size=no report; local administrators",1728420940
BGD27808,"19 July 2024",2024,1,Demonstrations,Riots,"Violent demonstration","Rioters (Bangladesh)","Civilians (Bangladesh); Labor Group (Bangladesh); Students (Bangladesh)",Rioters,"Police Forces of Bangladesh (2009-2024)","BCL: Bangladesh Chhatra League; Police Forces of Bangladesh (2009-2024) Border Guards Bangladesh; Police Forces of Bangladesh (2009-2024) Rapid Action Battalion; Rioters (Bangladesh); Students (Bangladesh); Unidentified Armed Group (Bangladesh)","State forces","State forces-Rioters",,50,"South Asia",Bangladesh,Dhaka,Dhaka,Mirpur,"Dhaka - Mirpur",23.7931,90.3629,1,"Daily Star (Bangladesh); France24; Netra News (Bangladesh); New Age (Bangladesh); Prothom Alo; The Business Standard (Bangladesh)",National-International,"On 19 July 2024, anti-quota student demonstrators clashed with police, BGB and ruling party activists (likely BCL members based on similar events) in Dhaka - Mirpur city (Dhaka), amid ongoing demonstrations by students demanding the abolition of the quota system in government jobs. Demonstrators vandalized metro stations at Kazipara and Mirpur. RAB personnel threw sound grenades from helicopters. Unidentified persons on motorcycles fired at demonstrators. An 11 year old boy died in his house after being hit by a stray bullet, while 7 persons, including 3 students, were shot and subsequently died. Total 8 fatalities coded to this event.",8,"crowd size=no report",1728420940
BGD27809,"19 July 2024",2024,1,Demonstrations,Riots,"Violent demonstration","Rioters (Bangladesh)","Civilians (Bangladesh); Health Workers (Bangladesh); Labor Group (Bangladesh); Students (Bangladesh)",Rioters,"Police Forces of Bangladesh (2009-2024)",,"State forces","State forces-Rioters",,50,"South Asia",Bangladesh,Dhaka,Dhaka,Kalabagan,"Dhaka - Kalabagan",23.7467,90.386,1,"Daily Star (Bangladesh); France24; Netra News (Bangladesh); New Age (Bangladesh)",National-International,"On 19 July 2024, anti-quota student demonstrators clashed with police in Dhaka - Kalabagan city, demanding abolition of the quota system in government jobs. Police firing killed at least one staffer of LABAID hospital. A 13 year old boy also died after being hit by a bullet. 6 persons were injured. Total 2 fatalities coded to this event.",2,"crowd size=no report",1728420940
BGD27810,"19 July 2024",2024,1,Demonstrations,Riots,"Violent demonstration","Rioters (Bangladesh)","Civilians (Bangladesh); Labor Group (Bangladesh); Students (Bangladesh)",Rioters,"Police Forces of Bangladesh (2009-2024)",,"State forces","State forces-Rioters",,50,"South Asia",Bangladesh,Dhaka,Dhaka,Jatrabari,"Dhaka - Jatrabari",23.7196,90.4432,1,"Daily Manab Zamin; Daily Star (Bangladesh); France24; Netra News (Bangladesh); New Age (Bangladesh); Prothom Alo",National-International,"On 19 July 2024, anti-quota student demonstrators clashed with police in Dhaka - Jatrabari city, including in Shonir Akhra locality, demanding abolition of the quota system in government jobs. 5 persons, including 1 day laborer, student and 1 Madrassah student, were killed after being shot. The day laborer was killed in the Kutubkhali area from police firing. Total 5 fatalities coded to this event.",5,"crowd size=no report",1728420940
BGD27697,"18 July 2024",2024,1,Demonstrations,Riots,"Violent demonstration","Rioters (Bangladesh)","Labor Group (Bangladesh); Students (Bangladesh)",Rioters,"Rioters (Bangladesh)","AL: Bangladesh Awami League",Rioters,Rioters-Rioters,,50,"South Asia",Bangladesh,Rajshahi,Rajshahi,Boalia,Rajshahi,24.374,88.6011,1,"United News of Bangladesh",National,"On 18 July 2024, anti-quota student demonstrators and members of Awami League clashed using crude bombs in Zero Point, Rani Bazar, Aloka Mor, and New Market area, Rajshahi city (Boalia), demanding abolition of the quota system in government jobs. At least 5 people were injured in the clash.",0,"crowd size=no report",1721769306
BGD27702,"18 July 2024",2024,1,Demonstrations,Riots,"Violent demonstration","Rioters (Bangladesh)","Labor Group (Bangladesh); Students (Bangladesh)",Rioters,"Rioters (Bangladesh)","BCL: Bangladesh Chhatra League; Students (Bangladesh)",Rioters,Rioters-Rioters,,50,"South Asia",Bangladesh,Dhaka,Kishoregonj,"Kishoreganj Sadar",Kishoreganj,24.4338,90.7847,2,"New Nation (Bangladesh)",National,"On 18 July 2024, anti-quota student demonstrators and members of Chhatra League (BCL) clashed in Kishoreganj Sadar (coded as Kishoreganj, Kishoregonj, Dhaka), demanding abolition of the quota system in government jobs. Several people were injured in the clash.",0,"crowd size=no report",1721769306
BGD27707,"18 July 2024",2024,1,Demonstrations,Riots,"Violent demonstration","Rioters (Bangladesh)","Labor Group (Bangladesh); Students (Bangladesh)",Rioters,"Rioters (Bangladesh)","BCL: Bangladesh Chhatra League; Students (Bangladesh)",Rioters,Rioters-Rioters,,50,"South Asia",Bangladesh,Mymensingh,Mymensingh,Phulpur,Phulpur,24.956,90.3668,1,"Prothom Alo",National,"On 18 July 2024, anti-quota student demonstrators clashed with members of BCL in Phulpur town (Mymensingh), demanding abolition of the quota system in government jobs. A motorbike outside Awami League office was vandalized during the clash. Injuries unknown.",0,"crowd size=no report",1721769306
BGD27781,"18 July 2024",2024,1,Demonstrations,Protests,"Protest with intervention","Protesters (Bangladesh)","Labor Group (Bangladesh); Students (Bangladesh)",Protesters,"Rioters (Bangladesh)","BCL: Bangladesh Chhatra League; Students (Bangladesh)",Rioters,Rioters-Protesters,,50,"South Asia",Bangladesh,Rajshahi,Naogaon,"Naogaon Sadar",Naogaon,24.8042,88.9488,1,"Prothom Alo",National,"On 18 July 2024, members of Chhatra League (BCL) assaulted anti-quota student demonstrators in Naogaon city, Naogaon Sadar (Rajshahi), who were demanding abolition of the quota system in government jobs. At least 10 people were injured in the incident.",0,"crowd size=no report",1721769306
BGD27788,"18 July 2024",2024,1,Demonstrations,Protests,"Peaceful protest","Protesters (Bangladesh)","Labor Group (Bangladesh); Students (Bangladesh)",Protesters,,,,"Protesters only",,50,"South Asia",Bangladesh,Dhaka,Dhaka,Paltan,"Dhaka - Paltan",23.7333,90.4125,1,"United News of Bangladesh",National,"On 18 July 2024, anti-quota student protesters staged two protest rallies that culminated in Dhaka - Paltan (Paltan), demanding abolition of the quota system in government jobs.",0,"crowd size=no report",1721769306
BGD27789,"18 July 2024",2024,1,Demonstrations,Protests,"Peaceful protest","Protesters (Bangladesh)","Labor Group (Bangladesh); Students (Bangladesh)",Protesters,,,,"Protesters only",,50,"South Asia",Bangladesh,Dhaka,Dhaka,Motijheel,"Dhaka - Motijheel",23.7363,90.4232,1,"United News of Bangladesh",National,"On 18 July 2024, anti-quota student protesters staged sit-in protests at Malibagh area in Dhaka - Motijheel city, demanding abolition of the quota system in government jobs.",0,"crowd size=no report",1721769306
BGD27790,"18 July 2024",2024,1,Demonstrations,Protests,"Peaceful protest","Protesters (Bangladesh)","Labor Group (Bangladesh); Students (Bangladesh)",Protesters,,,,"Protesters only",,50,"South Asia",Bangladesh,Khulna,Khulna,"Khulna Sadar",Khulna,22.8097,89.5643,1,"New Nation (Bangladesh)",National,"On 18 July 2024, anti-quota student demonstrators staged a protest at Shibbari intersection, Khulna city, Khulna Sadar, demanding abolition of the quota system in government jobs.",0,"crowd size=no report",1721769306
BGD27791,"18 July 2024",2024,1,Demonstrations,Protests,"Peaceful protest","Protesters (Bangladesh)","Labor Group (Bangladesh); Students (Bangladesh)",Protesters,,,,"Protesters only",,50,"South Asia",Bangladesh,Chittagong,Brahmanbaria,Ashuganj,Ashuganj,24.0401,91.0117,2,"Prothom Alo",National,"On 18 July 2024, anti-quota protesters staged a protest at Dhaka-Sylhet highway, Ashuganj upazila (Brahmanbaria, Chittagong), demanding abolition of the quota system in government jobs.",0,"crowd size=no report",1721769306
BGD27792,"18 July 2024",2024,1,Demonstrations,Protests,"Peaceful protest","Protesters (Bangladesh)","Labor Group (Bangladesh); Students (Bangladesh)",Protesters,,,,"Protesters only",,50,"South Asia",Bangladesh,Rangpur,Panchagarh,"Panchagarh Sadar",Panchagarh,26.3334,88.5578,1,"Prothom Alo",National,"On 18 July 2024, students of several educational institutions staged a protest in Panchagarh district town, Panchagarh Sadar (Rangpur), demanding abolition of the quota system in government jobs.",0,"crowd size=no report",1721769306
BGD27797,"18 July 2024",2024,1,Demonstrations,Protests,"Peaceful protest","Protesters (Bangladesh)","Labor Group (Bangladesh); Students (Bangladesh)",Protesters,,,,"Protesters only",,50,"South Asia",Bangladesh,Dhaka,Dhaka,Ramna,"Dhaka - Ramna",23.7454,90.4023,1,"United News of Bangladesh",National,"On 18 July 2024, anti-quota student protesters staged sit-in protest at Abul Hotel intersection in Dhaka - Ramna city (Dhaka), demanding abolition of the quota system in government jobs.",0,"crowd size=no report",1721769306
BGD27812,"18 July 2024",2024,1,Demonstrations,Protests,"Peaceful protest","Protesters (Bangladesh)","Labor Group (Bangladesh); Teachers (Bangladesh)",Protesters,,,,"Protesters only",,50,"South Asia",Bangladesh,Dhaka,Dhaka,Shahbagh,"Dhaka - Shahbagh",23.7317,90.3959,1,"New Age (Bangladesh)",National,"On 18 July 2024, teachers, under the banner of 'Teachers against Oppression' staged protest rallies in front of Shahbagh police station and Dhaka University, Dhaka - Shahbagh (Shahbagh), against the killings and assault on protesters demanding the abolition of quota system in government jobs across the country (coded separately).",0,"crowd size=no report",1721769306
BGD27924,"18 July 2024",2024,1,Demonstrations,Protests,"Peaceful protest","Protesters (Bangladesh)","Labor Group (Bangladesh); Students (Bangladesh)",Protesters,,,,"Protesters only",,50,"South Asia",Bangladesh,Dhaka,Narayanganj,"Narayanganj Sadar",Siddhirganj,23.6912,90.5149,1,"Dhaka Tribune",National,"On 18 July 2024, anti-quota student protesters blocked Mowchak intersection in Siddhirganj city, Narayanganj Sadar (Dhaka), demanding abolition of the quota system in government jobs.",0,"crowd size=no report",1722974431
BGD27692,"18 July 2024",2024,1,Demonstrations,Riots,"Violent demonstration","Rioters (Bangladesh)","Labor Group (Bangladesh)",Rioters,"Police Forces of Bangladesh (2009-2024)",,"State forces","State forces-Rioters",,50,"South Asia",Bangladesh,Dhaka,Narsingdi,"Narsingdi Sadar",Madhabdi,23.8508,90.6755,1,"Prothom Alo",National,"On 18 July 2024, thousands of textile workers vandalized the rural electricity office, and its motorbikes in Madhabdi town, Narsingdi Sadar (Dhaka), during their demonstration demanding electricity. Police fired bullets during the clash. Hundreds were injured in the incident.",0,"crowd size=thousands",1724113673
BGD27705,"18 July 2024",2024,1,Demonstrations,Riots,"Violent demonstration","Rioters (Bangladesh)","Labor Group (Bangladesh); Students (Bangladesh)",Rioters,"Police Forces of Bangladesh (2009-2024)","BCL: Bangladesh Chhatra League; Rioters (Bangladesh); Students (Bangladesh)","State forces","State forces-Rioters",,50,"South Asia",Bangladesh,Rajshahi,Pabna,"Pabna Sadar",Pabna,24.0064,89.2372,1,"Prothom Alo",National,"On 18 July 2024, anti-quota student demonstrators of several institutions clashed with members of BCL and police forces in Pabna city, Pabna Sadar (Rajshahi), demanding abolition of the quota system in government jobs. Demonstrators threw bricks at BCL members and police forces, and vandalized five motorbikes, whereas police fired rubber bullets during the clash. At least 25 people including 7 police personnel were injured in the incident.",0,"crowd size=no report",1724113673
BGD27715,"18 July 2024",2024,1,Demonstrations,Riots,"Violent demonstration","Rioters (Bangladesh)","Labor Group (Bangladesh); Students (Bangladesh)",Rioters,"Rioters (Bangladesh)","BCL: Bangladesh Chhatra League; Jubo League; Police Forces of Bangladesh (2009-2024); Students (Bangladesh)",Rioters,Rioters-Rioters,,50,"South Asia",Bangladesh,Mymensingh,Netrakona,Madan,Madan,24.706,90.9733,2,"Prothom Alo",National,"On 18 July 2024, anti-quota student demonstrators clashed with members of BCL, Jubo League and police forces at Magra Bridge area, Madan upazila (Netrakona, Mymensingh), demanding abolition of the quota system in government jobs. Demonstrators set fire to two police vehicles, whereas police fired rubber bullets during the clash. More than 100 people including 5 with bullet wounds were injured in the incident.",0,"crowd size=no report",1724113673
BGD27716,"18 July 2024",2024,1,Demonstrations,Riots,"Violent demonstration","Rioters (Bangladesh)","Civilians (Bangladesh); Labor Group (Bangladesh); Students (Bangladesh)",Rioters,"Rioters (Bangladesh)","BCL: Bangladesh Chhatra League; Jubo League; Police Forces of Bangladesh (2009-2024); Students (Bangladesh)",Rioters,Rioters-Rioters,,50,"South Asia",Bangladesh,Chittagong,Chittagong,Pahartali,Chittagong,22.3571,91.7823,1,"Daily Star (Bangladesh); Daily Sun (Bangladesh); New Age (Bangladesh); The Business Standard (Bangladesh); United News of Bangladesh",National,"On 18 July 2024, several thousand anti-quota student demonstrators clashed with police forces and members of BCL and Jubo League in two areas, including Bahaddarhat area of Chittagong city (Pahartali), during a demonstration demanding abolition of the quota system in government jobs. 4 persons, including 3 students and a 15 year old grocery shop employee, were killed. More than 30 were injured.",4,"crowd size=several 1000",1724113673
BGD27718,"18 July 2024",2024,1,Demonstrations,Riots,"Violent demonstration","Rioters (Bangladesh)","Labor Group (Bangladesh); Students (Bangladesh)",Rioters,"Police Forces of Bangladesh (2009-2024)","BCL: Bangladesh Chhatra League; Jubo League; Police Forces of Bangladesh (2009-2024) Border Guards Bangladesh; Rioters (Bangladesh); Students (Bangladesh)","State forces","State forces-Rioters",,50,"South Asia",Bangladesh,Dhaka,Dhaka,Savar,Savar,23.8486,90.25,1,"United News of Bangladesh",National,"On 18 July 2024, anti-quota student demonstrators clashed with police forces, BGB forces, members of Chhatra League (BCL) and Jubo League using brickbats near Savar bus stand area, Savar city (Dhaka), demanding abolition of the quota system in government jobs. Police fired tear gas and rubber bullets during the clash. 1 student was killed and over 100 people were injured in the incident.",1,"crowd size=no report",1724113673
BGD27719,"18 July 2024",2024,1,Demonstrations,Riots,"Violent demonstration","Rioters (Bangladesh)","Labor Group (Bangladesh); Students (Bangladesh)",Rioters,"Police Forces of Bangladesh (2009-2024)","Police Forces of Bangladesh (2009-2024) Border Guards Bangladesh; Police Forces of Bangladesh (2009-2024) Rapid Action Battalion","State forces","State forces-Rioters",,50,"South Asia",Bangladesh,Chittagong,Comilla,"Comilla Sadar Dakshin",Kotbari,23.435,91.1373,1,"Prothom Alo",National,"On 18 July 2024, anti-quota student demonstrators clashed with police forces, RAB, and BGB in Kotbari town, Comilla Sadar Dakshin (Chittagong), demanding abolition of the quota system in government jobs. Demonstrators set fire to police and BGB vehicle, and vandalized another during the clash. At least 53 people were injured in the incident.",0,"crowd size=no report",1724113673
BGD27720,"18 July 2024",2024,1,Demonstrations,Riots,"Violent demonstration","Rioters (Bangladesh)","Labor Group (Bangladesh); Students (Bangladesh)",Rioters,"Police Forces of Bangladesh (2009-2024)","Police Forces of Bangladesh (2009-2024) Detective Branch","State forces","State forces-Rioters",,50,"South Asia",Bangladesh,Khulna,Kushtia,"Kushtia Sadar",Kushtia,23.9028,89.1194,1,"Prothom Alo",National,"On 18 July 2024, anti-quota student demonstrators clashed with police forces and Detective Branch in Kushtia city, Kushtia Sadar (Khulna), demanding abolition of the quota system in government jobs. At least 24 people, including 4 police personnel, were injured in the clash.",0,"crowd size=no report",1724113673
BGD27728,"18 July 2024",2024,1,Demonstrations,Riots,"Violent demonstration","Rioters (Bangladesh)","Labor Group (Bangladesh); Students (Bangladesh)",Rioters,"Police Forces of Bangladesh (2009-2024)",,"State forces","State forces-Rioters",,50,"South Asia",Bangladesh,Dhaka,Narsingdi,"Narsingdi Sadar",Narsingdi,23.923,90.7177,1,"Prothom Alo; United News of Bangladesh",National,"On 18 July 2024, anti-quota student demonstrators and police forces clashed at Jailkhana intersection in Narsingdi town, Narsingdi Sadar (Dhaka), demanding abolition of the quota system in government jobs. Police fired live rounds and tear gas during the clash. 2 students were killed and over 100 were injured. Following the first clash, police forces and demonstrators again clashed when demonstrators marched to highway with the body of killed student.",2,"crowd size=no report",1724113673
BGD27729,"18 July 2024",2024,1,Demonstrations,Riots,"Violent demonstration","Rioters (Bangladesh)","Labor Group (Bangladesh); Students (Bangladesh)",Rioters,"Police Forces of Bangladesh (2009-2024)",,"State forces","State forces-Rioters",,50,"South Asia",Bangladesh,Rajshahi,Rajshahi,Boalia,Rajshahi,24.374,88.6011,1,"United News of Bangladesh",National,"On 18 July 2024, anti-quota student demonstrators and police forces clashed using crude bombs in front of Rajshahi Government Women's College, Rajshahi city (Boalia), demanding abolition of the quota system in government jobs. Demonstrators set fire to a police truck and threw bricks at police forces, whereas police forces used batons in the clash. Several people including 5 police personnel were injured in the incident.",0,"crowd size=no report",1724113673
BGD27732,"18 July 2024",2024,1,Demonstrations,Riots,"Violent demonstration","Rioters (Bangladesh)","Labor Group (Bangladesh); Students (Bangladesh)",Rioters,"Police Forces of Bangladesh (2009-2024)",,"State forces","State forces-Rioters",,50,"South Asia",Bangladesh,Rajshahi,Natore,"Natore Sadar",Natore,24.4111,88.9867,1,"New Nation (Bangladesh)",National,"On 18 July 2024, anti-quota student demonstrators and police forces clashed in Swadhinata Chattar area, Natore town, Natore Sadar (Rajshahi), demanding abolition of the quota system in government jobs. Demonstrators used brick chips during the clash. Several people including 7 police personnel were injured in the incident.",0,"crowd size=no report",1724113673
BGD27738,"18 July 2024",2024,1,Demonstrations,Riots,"Violent demonstration","Rioters (Bangladesh)","Labor Group (Bangladesh); Students (Bangladesh)",Rioters,"Police Forces of Bangladesh (2009-2024)",,"State forces","State forces-Rioters",,50,"South Asia",Bangladesh,Dhaka,Narayanganj,"Narayanganj Sadar",Narayanganj,23.6135,90.503,1,"Dhaka Tribune; Prothom Alo; United News of Bangladesh",National,"On 18 July 2024, anti-quota student demonstrators vandalized and set fire to Narayanganj Press Club, two Awami League offices, the passport office and the PBI office, and clashed with police forces in Narayanganj city, Narayanganj Sadar (Dhaka), including in Siddhirganj locality, demanding abolition of the quota system in government jobs. At least 20 people were injured in the clash.",0,"crowd size=no report",1724113673
BGD27739,"18 July 2024",2024,1,Demonstrations,Riots,"Violent demonstration","Rioters (Bangladesh)","Labor Group (Bangladesh); Students (Bangladesh)",Rioters,"Police Forces of Bangladesh (2009-2024)",,"State forces","State forces-Rioters",,50,"South Asia",Bangladesh,Barisal,Barisal,"Barisal Sadar",Barisal,22.705,90.3701,1,"Prothom Alo",National,"On 18 July 2024, anti-quota student demonstrators clashed with police forces at Barisal-Kuakata highway, Barisal city, Barisal Sadar, demanding abolition of the quota system in government jobs. Demonstrators threw bricks at police forces whereas police fired tear gas and rubber bullets during the clash. At least 50 people were injured in the incident.",0,"crowd size=no report",1724113673
BGD27740,"18 July 2024",2024,1,Demonstrations,Riots,"Violent demonstration","Rioters (Bangladesh)","Labor Group (Bangladesh); Students (Bangladesh)",Rioters,"Police Forces of Bangladesh (2009-2024)",,"State forces","State forces-Rioters",,50,"South Asia",Bangladesh,Rajshahi,Sirajganj,"Sirajganj Sadar",Sirajganj,24.4577,89.708,1,"Prothom Alo",National,"On 18 July 2024, anti-quota student demonstrators clashed with police forces in Sirajganj town, Sirajganj Sadar (Rajshahi), demanding abolition of the quota system in government jobs. Demonstrators threw bricks at police forces whereas police fired rubber bullets during the clash. At least 30 people, including police personnel and 22 students, were injured in the incident.",0,"crowd size=no report",1724113673
BGD27742,"18 July 2024",2024,1,Demonstrations,Riots,"Violent demonstration","Rioters (Bangladesh)","Labor Group (Bangladesh); Students (Bangladesh)",Rioters,"Police Forces of Bangladesh (2009-2024)",,"State forces","State forces-Rioters",,50,"South Asia",Bangladesh,Rangpur,"Nilphamari Zila",Saidpur,Saidpur,25.7781,88.8975,1,"Prothom Alo",National,"On 18 July 2024, anti-quota student demonstrators clashed with police forces in Saidpur city (Nilphamari Zila, Rangpur), demanding abolition of the quota system in government jobs. Demonstrators threw bricks at police forces, set fire to a police box and motorcycles, whereas police fired rubber bullets during the clash. At least 53 people including 3 police personnel were injured in the incident.",0,"crowd size=no report",1724113673
BGD27744,"18 July 2024",2024,1,"Political violence",Riots,"Mob violence","Rioters (Bangladesh)","ASL: Bangladesh Awami Swechchasebak League; BCL: Bangladesh Chhatra League; Jubo League; Students (Bangladesh)",Rioters,"Civilians (Bangladesh)","Police Forces of Bangladesh (2009-2024); Students (Bangladesh)",Civilians,Rioters-Civilians,"Civilian targeting",50,"South Asia",Bangladesh,Sylhet,Sylhet,"Sylhet Sadar",Sylhet,24.899,91.872,1,"Prothom Alo",National,"On 18 July 2024, hundreds of members of Chhatra League (BCL), Jubo League, and Swechchasebak League (ASL) assaulted students and clashed with police forces at SUST University, Sylhet city, Sylhet Sadar with iron rods, sticks and brick bats, on suspicion of being involved in anti-quota demonstrations. Police used sound grenades during the clash. Injuries unknown.",0,"crowd size=hundreds",1724113673
BGD27745,"18 July 2024",2024,1,Demonstrations,Riots,"Violent demonstration","Rioters (Bangladesh)","Labor Group (Bangladesh); Students (Bangladesh)",Rioters,"Police Forces of Bangladesh (2009-2024)",,"State forces","State forces-Rioters",,50,"South Asia",Bangladesh,Khulna,Satkhira,"Satkhira Sadar",Satkhira,22.7082,89.0719,2,"Prothom Alo",National,"On 18 July 2024, anti-quota student demonstrators clashed with police forces at Sadar police station, Satkhira Sadar (coded as Satkhira, Khulna), demanding abolition of the quota system in government jobs. Demonstrators threw bricks at police forces, whereas police fired rubber bullets during the clash. 15 people were detained after the incident. Injuries unknown.",0,"crowd size=no report",1724113673
BGD27746,"18 July 2024",2024,1,Demonstrations,Riots,"Violent demonstration","Rioters (Bangladesh)","Labor Group (Bangladesh); Students (Bangladesh)",Rioters,"Police Forces of Bangladesh (2009-2024)",,"State forces","State forces-Rioters",,50,"South Asia",Bangladesh,Rajshahi,Bogra,"Bogra Sadar",Bogra,24.853,89.3732,1,"Prothom Alo",National,"On 18 July 2024, anti-quota student demonstrators clashed with police forces in Bogra city, Bogra Sadar (Rajshahi), demanding abolition of the quota system in government jobs. Demonstrators threw bricks at police forces, whereas police fired rubber bullets during the clash. 37 people were injured in the incident.",0,"crowd size=no report",1724113673
BGD27798,"18 July 2024",2024,1,Demonstrations,Riots,"Violent demonstration","Rioters (Bangladesh)","Civilians (Bangladesh); Journalists (Bangladesh); Labor Group (Bangladesh); Students (Bangladesh)",Rioters,"Police Forces of Bangladesh (2009-2024)",,"State forces","State forces-Rioters",,50,"South Asia",Bangladesh,Dhaka,Tangail,"Tangail Sadar",Tangail,24.2498,89.9166,1,"Prothom Alo",National,"On 18 July 2024, anti-quota student demonstrators clashed with police forces in Tangail city, Tangail Sadar (Dhaka), demanding abolition of the quota system in government jobs. Demonstrators threw bricks at police forces, whereas police fired rubber bullets during the clash. At least 12 people including 2 journalists were injured in the incident. Demonstrators also set fire to Awami League office in the area. No one was inside the office at the time.",0,"crowd size=no report",1724113673
BGD27799,"18 July 2024",2024,1,Demonstrations,Riots,"Violent demonstration","Rioters (Bangladesh)","Civilians (Bangladesh); Journalists (Bangladesh); Labor Group (Bangladesh); Students (Bangladesh)",Rioters,"Police Forces of Bangladesh (2009-2024)",,"State forces","State forces-Rioters",,50,"South Asia",Bangladesh,Dhaka,Gazipur,"Gazipur Sadar",Gazipur,23.9984,90.4223,2,"Benar News",International,"On 18 July 2024, anti-quota student demonstrators and police forces clashed in Gazipur area (Dhaka), during a demonstration demanding abolition of the quota system in government jobs. 1 journalist was killed in the incident.",1,"crowd size=no report",1724113673
BGD27817,"18 July 2024",2024,1,"Strategic developments","Strategic developments",Other,"Government of Bangladesh (2009-2024)",,"State forces",,,,"State forces only",,50,"South Asia",Bangladesh,Dhaka,Dhaka,,Dhaka,23.7656,90.3879,3,Reuters,International,"Other: On 18 July 2024, the government imposed a communications blackout, shutting down internet and mobile services across the country (coded as Dhaka), amid ongoing demonstrations by students demanding the abolition of quota system in government jobs.",0,,1724113673
BGD27822,"18 July 2024",2024,1,"Strategic developments","Strategic developments",Arrests,"Police Forces of Bangladesh (2009-2024)",,"State forces","Civilians (Bangladesh)","BNP: Bangladesh Nationalist Party",Civilians,"State forces-Civilians",,50,"South Asia",Bangladesh,Dhaka,Dhaka,,Dhaka,23.7656,90.3879,1,"Dhaka Tribune",National,"On 18 July 2024, police forces arrested a senior leader of BNP in Dhaka city, in connection to vandalism during anti-quota movement demanding abolition of the quota system from government jobs.",0,,1724113673
BGD27892,"18 July 2024",2024,1,Demonstrations,Riots,"Violent demonstration","Rioters (Bangladesh)","Labor Group (Bangladesh); Students (Bangladesh)",Rioters,"Rioters (Bangladesh)","BCL: Bangladesh Chhatra League; Jubo League; Police Forces of Bangladesh (2009-2024); Students (Bangladesh)",Rioters,Rioters-Rioters,,50,"South Asia",Bangladesh,Rangpur,Dinajpur,"Dinajpur Sadar",Dinajpur,25.6274,88.6377,1,"Dhaka Tribune",National,"On 18 July 2024, anti-quota student demonstrators clashed with members of BCL, Jubo League and police forces in Dinajpur town, Dinajpur Sadar (Rangpur), demanding abolition of the quota system in government jobs. Police fired tear gas, rubber bullets and sound grenades during the clash. At least 10 people were injured in the clash.",0,"crowd size=no report",1724113673
BGD28016,"18 July 2024",2024,1,Demonstrations,Riots,"Violent demonstration","Rioters (Bangladesh)","Labor Group (Bangladesh); Students (Bangladesh)",Rioters,"Police Forces of Bangladesh (2009-2024)","AL: Bangladesh Awami League; Rioters (Bangladesh)","State forces","State forces-Rioters",,50,"South Asia",Bangladesh,Chittagong,"Cox's Bazar","Cox's Bazar Sadar","Cox's Bazar",21.4397,92.0095,1,"Daily Star (Bangladesh)",National,"On 18 July 2024, anti-quota student demonstrators clashed with members of police and the ruling party (AL), in Cox's Bazar town (Chittagong), demanding abolition of the quota system in government jobs. Police fired tear gas, rubber bullets and sound grenades during the clash. 1 person was hit by a stray bullet and killed.",1,"crowd size=no report",1724113674
BGD28201,"18 July 2024",2024,1,Demonstrations,Riots,"Violent demonstration","Rioters (Bangladesh)","Civilians (Bangladesh); Labor Group (Bangladesh); Students (Bangladesh)",Rioters,"Police Forces of Bangladesh (2009-2024)",,"State forces","State forces-Rioters",,50,"South Asia",Bangladesh,Rangpur,Rangpur,"Rangpur Sadar",Rangpur,25.7466,89.2516,1,"Daily Manab Zamin",National,"On 18 July 2024, anti-quota student demonstrators clashed with police forces in Rangpur city, demanding abolition of the quota system in government jobs. 1 pedestrian was killed, following which the demonstrators vandalized police vehicles and the local Awami League office, and set ablaze the deputy commissioner's office.",1,"crowd size=no report",1724113674
BGD27727,"18 July 2024",2024,1,Demonstrations,Riots,"Violent demonstration","Rioters (Bangladesh)","Labor Group (Bangladesh); Students (Bangladesh)",Rioters,"Police Forces of Bangladesh (2009-2024)",,"State forces","State forces-Rioters",,50,"South Asia",Bangladesh,Dhaka,Dhaka,Motijheel,"Dhaka - Motijheel",23.7363,90.4232,1,"Financial Express (Bangladesh); Prothom Alo",National,"On 18 July 2024, anti-quota student demonstrators and police forces clashed using sticks in Dhaka - Motijheel city (Motijheel), including in Arambagh locality, demanding abolition of the quota system in government jobs. At least 34 people died in Dhaka city on this day, of which 27 fatalities have been coded to specific events. 7 remaining fatalities split across 13 events. No fatalities coded to this event.",0,"crowd size=no report",1724170529
BGD27735,"18 July 2024",2024,1,Demonstrations,Riots,"Violent demonstration","Rioters (Bangladesh)","BNP: Bangladesh Nationalist Party; GM: Ganatantra Mancha; Labor Group (Bangladesh)",Rioters,"Police Forces of Bangladesh (2009-2024)",,"State forces","State forces-Rioters",,50,"South Asia",Bangladesh,Dhaka,Dhaka,Paltan,"Dhaka - Paltan",23.7333,90.4125,1,"New Age (Bangladesh); Prothom Alo",National,"On 18 July 2024, members of BNP and Ganatantra Mancha clashed with police forces and members of Awami League using brick bats in Dhaka - Paltan (Paltan), following funeral prayers for anti-quota student demonstrators killed in clashes across the country (coded separately). Police fired rubber bullets, tear gas and charged batons, whereas Awami League members used sticks and local weapons during the clash. At least 25 people were injured and several others were detained by police forces during the clash. 1 female domestic worker died after being hit by a stray bullet. At least 34 people died in Dhaka city on this day, of which 27 fatalities have been coded to specific events. 7 remaining fatalities split across 13 events. 1 confirmed fatality coded to this event.",1,"crowd size=no report",1724170529
BGD27762,"18 July 2024",2024,1,Demonstrations,Riots,"Violent demonstration","Rioters (Bangladesh)","Civilians (Bangladesh); Labor Group (Bangladesh); Students (Bangladesh)",Rioters,"Police Forces of Bangladesh (2009-2024)",,"State forces","State forces-Rioters",,50,"South Asia",Bangladesh,Dhaka,Dhaka,Badda,"Dhaka - Badda",23.7852,90.4387,1,"Daily Observer (Bangladesh); Daily Sun (Bangladesh); Financial Express (Bangladesh); Prothom Alo; United News of Bangladesh",National,"On 18 July 2024, anti-quota student demonstrators from BRAC University and police forces clashed using cocktails, home made bombs and rubber bullets at several neighbourhoods in Dhaka - Badda city (Badda), demanding abolition of the quota system in government jobs. 4 persons were killed and over 200 were injured. The deceased include 1 driver who was killed when he attempted to cross the road during the clash and 1 student shot and killed in Aftabnagar locality. At least 34 people died in Dhaka city on this day, of which 27 fatalities have been coded to specific events. 7 remaining fatalities split across 13 events. Total 5 fatalities (4 confirmed and 1 split) coded to this event.",5,"crowd size=no report",1724170529
BGD27699,"18 July 2024",2024,1,Demonstrations,Riots,"Violent demonstration","Rioters (Bangladesh)","Labor Group (Bangladesh); Students (Bangladesh)",Rioters,"Police Forces of Bangladesh (2009-2024)","BCL: Bangladesh Chhatra League; Rioters (Bangladesh); Students (Bangladesh)","State forces","State forces-Rioters",,50,"South Asia",Bangladesh,Dhaka,Dhaka,Dhanmondi,"Dhaka - Dhanmondi",23.7435,90.3737,1,"Financial Express (Bangladesh); Prothom Alo",National,"On 18 July 2024, anti-quota student demonstrators clashed with police forces and members of BCL using sticks in Dhaka - Dhanmondi (Dhanmondi), demanding abolition of the quota system in government jobs. 1 student was killed and at least 200 were injured in the clashes during the day. At least 34 people died in Dhaka city on this day, of which 27 fatalities have been coded to specific events. 7 remaining fatalities split across 13 events. 1 confirmed fatality coded to this event.",1,"crowd size=no report",1724170529
BGD27778,"18 July 2024",2024,1,Demonstrations,Riots,"Violent demonstration","Rioters (Bangladesh)","Civilians (Bangladesh); Journalists (Bangladesh); Labor Group (Bangladesh); Students (Bangladesh)",Rioters,"Police Forces of Bangladesh (2009-2024)",,"State forces","State forces-Rioters",,50,"South Asia",Bangladesh,Dhaka,Dhaka,Jatrabari,"Dhaka - Jatrabari",23.7196,90.4432,1,"Daily Sun (Bangladesh); Dhaka Tribune; New Age (Bangladesh); Prothom Alo; Twitter; United News of Bangladesh","New media-National","On 18 July 2024, anti-quota student demonstrators and police forces clashed in Dhaka - Jatrabari (Jatrabari), demanding abolition of the quota system in government jobs. 3 people were killed, including a journalist who was hit by a police bullet, and over 100 were injured in the clash. 1 of the deceased was a student hit by a bullet while the other was a rickshaw puller. Police fired tear gas and rubber bullets to disperse the demonstrators. At least 34 people died in Dhaka city on this day, of which 27 fatalities have been coded to specific events. 7 remaining fatalities split across 13 events. Total 4 fatalities (3 confirmed fatalities and 1 split fatality) coded to this event.",4,"crowd size=no report",1724170529
BGD27730,"18 July 2024",2024,1,Demonstrations,Riots,"Violent demonstration","Rioters (Bangladesh)","Labor Group (Bangladesh); Students (Bangladesh)",Rioters,"Police Forces of Bangladesh (2009-2024)","Rioters (Bangladesh); BCL: Bangladesh Chhatra League; Jubo League; Students (Bangladesh)","State forces","State forces-Rioters",,50,"South Asia",Bangladesh,Dhaka,Dhaka,Lalbagh,"Dhaka - Lalbagh",23.7191,90.3771,1,"Daily Star (Bangladesh); New Age (Bangladesh); Prothom Alo; United News of Bangladesh",National,"On 18 July 2024, anti-quota student demonstrators clashed with police forces and members of Chhatra League (BCL) and Jubo League in Azimpur and Palashi area in Dhaka - Lalbagh city, demanding abolition of the quota system in government jobs. BCL and Jubo League supporters attacked demonstrators with bamboo sticks and iron rods. 3 persons were killed, and over 100 were injured in the clash. At least 34 people died in Dhaka city on this day, of which 27 fatalities have been coded to specific events. 7 remaining fatalities split across 13 events. Total 4 fatalities (3 confirmed fatalities and 1 split fatality) coded to this event.",4,"crowd size=no report",1724170529
BGD27736,"18 July 2024",2024,1,Demonstrations,Riots,"Violent demonstration","Rioters (Bangladesh)","Labor Group (Bangladesh); Students (Bangladesh)",Rioters,"Police Forces of Bangladesh (2009-2024)","Rioters (Bangladesh); BCL: Bangladesh Chhatra League; Students (Bangladesh)","State forces","State forces-Rioters",,50,"South Asia",Bangladesh,Dhaka,Dhaka,Mirpur,"Dhaka - Mirpur",23.7931,90.3629,1,"Daily Star (Bangladesh); Dhaka Tribune; Prothom Alo",National,"On 18 July 2024, anti-quota student demonstrators clashed with police forces and BCL members in Dhaka - Mirpur (Mirpur), demanding abolition of the quota system in government jobs. Demonstrators pelted bricks at police personnel and set fire to a police box, whereas police fired sound grenades and tear gas during the clash. 1 demonstrator was shot and killed. Hundreds were injured in the clash. At least 34 people died in Dhaka city on this day, of which 27 fatalities have been coded to specific events. 7 remaining fatalities split across 13 events. 1 confirmed fatality coded to this event.",1,"crowd size=no report",1724170529
BGD27713,"18 July 2024",2024,1,Demonstrations,Riots,"Violent demonstration","Rioters (Bangladesh)","Labor Group (Bangladesh); Students (Bangladesh)",Rioters,"Police Forces of Bangladesh (2009-2024) Border Guards Bangladesh","BCL: Bangladesh Chhatra League; Jubo League; Police Forces of Bangladesh (2009-2024); Rioters (Bangladesh); Students (Bangladesh)","State forces","State forces-Rioters",,50,"South Asia",Bangladesh,Dhaka,Dhaka,Ramna,"Dhaka - Ramna",23.7454,90.4023,1,"Prothom Alo; United News of Bangladesh",National,"On 18 July 2024, anti-quota student demonstrators set fire to the vehicle of BGB forces in Hartijheel area in Dhaka - Ramna city (Dhaka), demanding abolition of the quota system in government jobs. They also clashed with police forces, members of BCL and Jubo League at Shantinagar intersection in Dhaka - Ramna city. 2 people were shot in the clash. At least 34 people died in Dhaka city on this day, of which 27 fatalities have been coded to specific events. 7 remaining fatalities split across 13 events. No fatality coded to this event.",0,"crowd size=no report",1724170529
BGD27761,"18 July 2024",2024,1,Demonstrations,Riots,"Violent demonstration","Rioters (Bangladesh)","Civilians (Bangladesh); Labor Group (Bangladesh); Students (Bangladesh)",Rioters,"Police Forces of Bangladesh (2009-2024)","Civilians (Bangladesh); Labor Group (Bangladesh); Police Forces of Bangladesh (2009-2024) Bangladesh Ansar; Police Forces of Bangladesh (2009-2024) Border Guards Bangladesh","State forces","State forces-Rioters",,50,"South Asia",Bangladesh,Dhaka,Dhaka,Rampura,"Dhaka - Rampura",23.7601,90.4193,1,"Prothom Alo; United News of Bangladesh",National,"On 18 July 2024, more than 100 anti-quota student demonstrators clashed with police, BGB and Ansar forces, set fire to the office of Assistant Police Commissioner and three motorcycles and vandalised the head office of Bangladesh Television, setting fire to the reception area while staff were inside, in Dhaka - Rampura city (Rampura), demanding abolition of the quota system in government jobs. Police fired tear gas and charged batons. Hundreds were injured during the clash. At least 34 people died in Dhaka city on this day, of which 27 fatalities have been coded to specific events. 7 remaining fatalities split across 13 events. 1 split fatality coded to this event.",1,"crowd size=more than 100",1724170529
BGD27848,"18 July 2024",2024,1,Demonstrations,Riots,"Violent demonstration","Rioters (Bangladesh)","Civilians (Bangladesh); Labor Group (Bangladesh); Students (Bangladesh)",Rioters,"Police Forces of Bangladesh (2009-2024)",,"State forces","State forces-Rioters",,50,"South Asia",Bangladesh,Dhaka,Dhaka,Gulshan,"Dhaka - Gulshan",23.7891,90.4086,1,"Daily Star (Bangladesh)",National,"On 18 July 2024, anti-quota student demonstrators clashed with police forces in Dhaka - Gulshan city, demanding abolition of the quota system in government jobs. 1 private car driver died after being hit by a bullet on Mohakhali flyover. At least 34 people died in Dhaka city on this day, of which 27 fatalities have been coded to specific events. 7 remaining fatalities split across 13 events. Total 2 fatalities (1 confirmed fatality and 1 split fatality) coded to this event.",2,"crowd size=no report",1724170529
BGD27890,"18 July 2024",2024,1,Demonstrations,Riots,"Violent demonstration","Rioters (Bangladesh)","Labor Group (Bangladesh); Students (Bangladesh)",Rioters,"Police Forces of Bangladesh (2009-2024)",,"State forces","State forces-Rioters",,50,"South Asia",Bangladesh,Dhaka,Dhaka,Kadamtali,"Dhaka - Kadamtali",23.6894,90.4488,1,"Dhaka Tribune",National,"On 18 July 2024, anti-quota student demonstrators and police forces clashed in Rayerbagh area of Dhaka - Kadamtali (Kadamtali), demanding abolition of the quota system in government jobs. 1 person was killed in the clash. At least 34 people died in Dhaka city on this day, of which 27 fatalities have been coded to specific events. 7 remaining fatalities split across 13 events. Total 2 fatalities (1 confirmed fatality and 1 split fatality) coded to this event.",2,"crowd size=no report",1724170529
BGD27891,"18 July 2024",2024,1,Demonstrations,Riots,"Violent demonstration","Rioters (Bangladesh)","Labor Group (Bangladesh); Students (Bangladesh)",Rioters,"Police Forces of Bangladesh (2009-2024)",,"State forces","State forces-Rioters",,50,"South Asia",Bangladesh,Dhaka,Dhaka,"New Market","Dhaka - New Market",23.7362,90.3835,1,"Dhaka Tribune",National,"On 18 July 2024, anti-quota student demonstrators clashed with police forces in Science Lab area, Dhaka - New Market (New Market), demanding abolition of the quota system in government jobs. Injuries unknown. At least 34 people died in Dhaka city on this day, of which 27 fatalities have been coded to specific events. 7 remaining fatalities split across 13 events. No fatality coded to this event.",0,"crowd size=no report",1724170529
BGD27722,"18 July 2024",2024,1,Demonstrations,Riots,"Violent demonstration","Rioters (Bangladesh)","Labor Group (Bangladesh); Students (Bangladesh); Civilians (Bangladesh)",Rioters,"Police Forces of Bangladesh (2009-2024)","Police Forces of Bangladesh (2009-2024) Rapid Action Battalion","State forces","State forces-Rioters",,50,"South Asia",Bangladesh,Dhaka,Dhaka,Uttara,"Dhaka - Uttara",23.869,90.3942,1,"Daily Sun (Bangladesh); Facebook; Financial Express (Bangladesh); New Age (Bangladesh); Prothom Alo; The Business Standard (Bangladesh); United News of Bangladesh","New media-National","On 18 July 2024, anti-quota student demonstrators, police and RAB forces clashed using in Dhaka - Uttara (Uttara), demanding abolition of the quota system in government jobs. At least 12 people, including at least 3 students, were killed and hundreds were injured in the clash. Demonstrators also vandalized a police box and two buses. At least 34 people died in Dhaka city on this day, of which 27 fatalities have been coded to specific events. 7 remaining fatalities split across 13 events. Total 13 fatalities (12 confirmed and 1 split fatality) coded to this event.",13,"crowd size=no report",1724170529
BGD27733,"18 July 2024",2024,1,Demonstrations,Riots,"Violent demonstration","Rioters (Bangladesh)","Civilians (Bangladesh); Journalists (Bangladesh); Labor Group (Bangladesh); Students (Bangladesh)",Rioters,"Police Forces of Bangladesh (2009-2024)","BCL: Bangladesh Chhatra League; Jubo League; Rioters (Bangladesh); Students (Bangladesh)","State forces","State forces-Rioters",,50,"South Asia",Bangladesh,Dhaka,Madaripur,"Madaripur Sadar",Madaripur,23.171,90.2094,2,"Dhaka Tribune",National,"On 18 July 2024, anti-quota student demonstrators clashed with police forces, members of BCL and Jubo League in Madaripur Sadar (coded as Madaripur, Dhaka), demanding abolition of the quota system in government jobs. Police and BCL activists chased the demonstrators. 1 student was killed when he tried to escape by jumping in a lake. At least 60 people including 10 police personnel and 2 journalists were injured in the clash. Demonstrators set fire to a police pickup van.",0,"crowd size=no report",1724787053
BGD27743,"18 July 2024",2024,1,Demonstrations,Riots,"Violent demonstration","Rioters (Bangladesh)","Labor Group (Bangladesh); Students (Bangladesh)",Rioters,"Police Forces of Bangladesh (2009-2024)",,"State forces","State forces-Rioters",,50,"South Asia",Bangladesh,Mymensingh,Jamalpur,"Jamalpur Sadar",Jamalpur,24.9197,89.9481,1,"Prothom Alo",National,"On 18 July 2024, anti-quota student demonstrators clashed with police forces in Jamalpur city, Jamalpur Sadar (Mymensingh), demanding abolition of the quota system in government jobs. Demonstrators threw bricks at police forces, whereas police fired rubber bullets during the clash. Several people were injured in the incident.",0,"crowd size=no report",1726526021
BGD27689,"18 July 2024",2024,1,Demonstrations,Protests,"Peaceful protest","Protesters (Bangladesh)","BMSS: Bangladesh Muktijoddha Sontan Command",Protesters,,,,"Protesters only",,50,"South Asia",Bangladesh,Chittagong,Feni,"Feni Sadar",Feni,23.0144,91.3966,1,"Prothom Alo",National,"On 18 July 2024, freedom fighters' affiliated organizations, including Muktijoddha Sangsad Sontan, staged a human chain protest in Feni city, Feni Sadar (Chittagong), against the nationwide movement of anti-quota protesters.",0,"crowd size=no report",1727204918
BGD27691,"17 July 2024",2024,1,Demonstrations,Protests,"Peaceful protest","Protesters (Bangladesh)","JCD: Bangladesh Jatiotabadi Chatra Dal; Labor Group (Bangladesh); Students (Bangladesh)",Protesters,,,,"Protesters only",,50,"South Asia",Bangladesh,Rangpur,Gaibandha,"Gaibandha Sadar",Gaibandha,25.3353,89.5419,1,"Financial Express (Bangladesh)",National,"On 17 July 2024, members of Chatra Dal (JCD) staged a protest in Gaibandha town, Gaibandha Sadar (Rangpur), in support of the student protests demanding abolition of the quota system in government jobs.",0,"crowd size=no report",1721769307
BGD27714,"17 July 2024",2024,1,"Political violence",Riots,"Mob violence","Rioters (Bangladesh)","BCL: Bangladesh Chhatra League; Students (Bangladesh)",Rioters,,,,"Rioters only",,50,"South Asia",Bangladesh,Rangpur,Gaibandha,"Gaibandha Sadar",Gaibandha,25.3353,89.5419,1,"Financial Express (Bangladesh)",National,"On 17 July 2024, members of Chhatra League (BCL) vandalized the party office of BNP, and set fire to the furniture in Gaibandha town, Gaibandha Sadar (Rangpur), for supporting ongoing student demonstrations demanding abolition of the quota system in government jobs. Injuries unknown.",0,"crowd size=no report",1721769307
BGD27787,"17 July 2024",2024,1,Demonstrations,Protests,"Peaceful protest","Protesters (Bangladesh)","Labor Group (Bangladesh); Students (Bangladesh)",Protesters,,,,"Protesters only",,50,"South Asia",Bangladesh,Sylhet,Sylhet,"Sylhet Sadar",Sylhet,24.899,91.872,1,"Financial Express (Bangladesh)",National,"On 17 July 2024, students of SUST University staged a protest on campus in Sylhet city, Sylhet Sadar, against the killings of students during anti-quota protests, and demanded abolition of the quota system in government jobs.",0,"crowd size=no report",1721769307
BGD27724,"17 July 2024",2024,1,Demonstrations,Riots,"Violent demonstration","Rioters (Bangladesh)","Labor Group (Bangladesh); Students (Bangladesh)",Rioters,"Police Forces of Bangladesh (2009-2024)",,"State forces","State forces-Rioters",,50,"South Asia",Bangladesh,Dhaka,Dhaka,Shahbagh,"Dhaka - Shahbagh",23.7317,90.3959,1,"New Nation (Bangladesh)",National,"On 17 July 2024, students clashed with police forces using brick chips at Dhaka University, Dhaka - Shahbagh (Shahbagh), demanding abolition of the quota system in government jobs, and against the ongoing assault on anti-quota student demonstrators (coded separately). Police fired tear gas canisters, sound grenades, and rubber bullets during the clash. Injuries unknown.",0,"crowd size=no report",1724113673
BGD27754,"17 July 2024",2024,1,Demonstrations,Riots,"Violent demonstration","Rioters (Bangladesh)","BNP: Bangladesh Nationalist Party; Civilians (Bangladesh); JeI: Jamaat-e-Islami; Labor Group (Bangladesh); Students (Bangladesh)",Rioters,"Police Forces of Bangladesh (2009-2024)",,"State forces","State forces-Rioters",,50,"South Asia",Bangladesh,Dhaka,Dhaka,Jatrabari,"Dhaka - Jatrabari",23.7196,90.4432,1,"Financial Express (Bangladesh); Prothom Alo; United News of Bangladesh",National,"On 17 July 2024, anti-quota student demonstrators along with members of BNP and Jamaat-e-Islami clashed with police forces at Shanir Akhra in Dhaka - Jatrabari city, demanding abolition of the quota system in government jobs, and against the ongoing assault on anti-quota student demonstrators (coded separately). Demonstrators pelted bricks whereas police forces fired tear gas and rubber bullets during the clash. 6 people, all bystanders, were injured with pellets, 1 succumbed to his injuries and died.",1,"crowd size=no report",1724113673
BGD27755,"17 July 2024",2024,1,Demonstrations,Riots,"Violent demonstration","Rioters (Bangladesh)","BNP: Bangladesh Nationalist Party; ICS: Islami Chhatra Shibir; JeI: Jamaat-e-Islami; Labor Group (Bangladesh); Students (Bangladesh)",Rioters,"Civilians (Bangladesh)","AL: Bangladesh Awami League; Government of Bangladesh (2009-2024); Police Forces of Bangladesh (2009-2024)",Civilians,Rioters-Civilians,,50,"South Asia",Bangladesh,Rangpur,Gaibandha,"Gaibandha Sadar",Gaibandha,25.3353,89.5419,1,"Financial Express (Bangladesh)",National,"On 17 July 2024, anti-quota student demonstrators along with members of BNP, Jamaat-e-Islami, and Chhatra Shibir (ICS) vandalized Awami League office, assaulted 10-11 members of Awami League, including the mayor and chairman of the district council, set fire to five or six motorcycles, in Gaibandha town, Gaibandha Sadar (Rangpur), demanded abolition of the quota system in government jobs, and against the ongoing assault on anti-quota student demonstrators (coded separately). 15-20 police personnel were injured in the incident. Police fired tear gas to disperse the demonstrators.",0,"crowd size=no report; local administrators",1724113673
BGD27889,"17 July 2024",2024,1,Demonstrations,Riots,"Violent demonstration","Rioters (Bangladesh)","Labor Group (Bangladesh); Students (Bangladesh)",Rioters,"Police Forces of Bangladesh (2009-2024)",,"State forces","State forces-Rioters",,50,"South Asia",Bangladesh,Dhaka,Dhaka,Kadamtali,"Dhaka - Kadamtali",23.6894,90.4488,1,"Dhaka Tribune",National,"On 17 July 2024, anti-quota student demonstrators and police forces clashed in Dhaka - Kadamtali (Kadamtali), demanding abolition of the quota system in government jobs. 1 person was killed in the clash.",1,"crowd size=no report",1724113673
BGD27706,"16 July 2024",2024,1,"Political violence; Demonstrations",Protests,"Excessive force against protesters","Protesters (Bangladesh)","Labor Group (Bangladesh); Students (Bangladesh)",Protesters,"Rioters (Bangladesh)",,Rioters,Rioters-Protesters,"Civilian targeting",50,"South Asia",Bangladesh,Dhaka,Dhaka,Kotwali,"Dhaka - Kotwali",23.7106,90.4088,1,"New Nation (Bangladesh); United News of Bangladesh",National,"On 16 July 2024, unidentified persons shot, stabbed and injured 5 students of Jagannath University on campus in Dhaka - Kotwali (Kotwal), during their protest demanding abolition of the quota system in government jobs. 2 students were seriously injured.",0,"crowd size=no report",1721769307
BGD27708,"16 July 2024",2024,1,Demonstrations,Riots,"Violent demonstration","Rioters (Bangladesh)","Labor Group (Bangladesh); Students (Bangladesh)",Rioters,"Rioters (Bangladesh)","BCL: Bangladesh Chhatra League; Students (Bangladesh)",Rioters,Rioters-Rioters,,50,"South Asia",Bangladesh,Dhaka,Dhaka,Savar,Savar,23.8486,90.25,1,"New Age (Bangladesh)",National,"On 16 July 2024, over a 1000 anti-quota student demonstrators of Jahangirnagar University clashed with BCL men on campus, vandalised at least 5 rooms and 2 vehicles of BCL members in Savar city (Dhaka), during their demonstration over the assault by BCL on demonstrators on the previous day (coded separately), demanding abolition of the quota system in government jobs. Injuries unknown.",0,"crowd size=over a 1000",1721769307
BGD27710,"16 July 2024",2024,1,Demonstrations,Riots,"Violent demonstration","Rioters (Bangladesh)","Labor Group (Bangladesh); Students (Bangladesh)",Rioters,"Rioters (Bangladesh)","BCL: Bangladesh Chhatra League; Students (Bangladesh)",Rioters,Rioters-Rioters,,50,"South Asia",Bangladesh,Rajshahi,Rajshahi,Boalia,Rajshahi,24.374,88.6011,1,"New Age (Bangladesh)",National,"On 16 July 2024, around 10000 anti-quota student demonstrators of Rajshahi university clashed with BCL members in Rajshahi city during their demonstration demanding abolition of quota system in government jobs. BCL students attacked students preparing to hold a demonstration with iron rods, bamboo sticks and wooden slices, after which the students attacked BCL members with brickbats and set 15 motorcycles on fire. Injuries unknown.",0,"crowd size=around 10,000",1721769307
BGD27711,"16 July 2024",2024,1,Demonstrations,Riots,"Violent demonstration","Rioters (Bangladesh)","Labor Group (Bangladesh); Students (Bangladesh)",Rioters,"Rioters (Bangladesh)","BCL: Bangladesh Chhatra League; Jubo League; Students (Bangladesh)",Rioters,Rioters-Rioters,,50,"South Asia",Bangladesh,Dhaka,Dhaka,"Chak Bazar","Dhaka - Chawkbazar",23.7181,90.3939,1,"Financial Express (Bangladesh)",National,"On 16 July 2024, anti-quota student demonstrators clashed with members of Chhatra League (BCL) and Jubo League in Chankharpul area in Dhaka - Chawkbazar city (Dhaka) during their demonstration demanding abolition of the quota system in government jobs. At least 4 people were injured, including with bullet injuries, during the clash.",0,"crowd size=no report",1721769307
BGD27712,"16 July 2024",2024,1,Demonstrations,Riots,"Violent demonstration","Rioters (Bangladesh)","Labor Group (Bangladesh); Students (Bangladesh)",Rioters,"Rioters (Bangladesh)","BCL: Bangladesh Chhatra League; Civilians (Bangladesh); Jubo League; Labor Group (Bangladesh); Students (Bangladesh)",Rioters,Rioters-Rioters,,50,"South Asia",Bangladesh,Dhaka,Dhaka,"New Market","Dhaka - New Market",23.7362,90.3835,1,"Financial Express (Bangladesh); New Age (Bangladesh); New Nation (Bangladesh)",National,"On 16 July 2024, anti-quota student demonstrators clashed with members of Chhatra League (BCL) and Jubo League using guns, rods, iron pipes, bricks, and helmets in Science Lab area in Dhaka - New Market city (Dhaka) during their demonstration against prior assault on demonstrators by BCL activists (coded separately), for demanding abolition of the quota system in government jobs. 1 BCL activist was assaulted and killed, 1 hawker died due to bullet injuries and over 100 people were injured in the clash.",2,"crowd size=no report",1721769307
BGD27723,"16 July 2024",2024,1,Demonstrations,Riots,"Violent demonstration","Rioters (Bangladesh)","Labor Group (Bangladesh); Students (Bangladesh)",Rioters,"Civilians (Bangladesh)","Teachers (Bangladesh)",Civilians,Rioters-Civilians,,50,"South Asia",Bangladesh,Rangpur,Rangpur,"Rangpur Sadar",Rangpur,25.7466,89.2516,1,"New Age (Bangladesh)",National,"On 16 July 2024, anti-quota student demonstrators of Begum Rokeya University set fire to the ground floor of the Vice Chancellor's residence, while he was inside the house, and to another university hall during a demonstration in Rangpur city, Rangpur Sadar, after a student died during an earlier demonstration demanding abolition of the quota system in government jobs (coded separately). No injuries.",0,"crowd size=no report",1721769307
BGD27750,"16 July 2024",2024,1,Demonstrations,Riots,"Violent demonstration","Rioters (Bangladesh)","Labor Group (Bangladesh); Students (Bangladesh)",Rioters,"Rioters (Bangladesh)",,Rioters,Rioters-Rioters,,50,"South Asia",Bangladesh,Rangpur,Dinajpur,"Dinajpur Sadar",Dinajpur,25.6274,88.6377,1,"New Age (Bangladesh)",National,"On 16 July 2024, anti-quota student demonstrators engaged in clashes with unidentified persons in Dinajpur city (Rangpur) during their demonstration demanding abolition of the quota system in government jobs. Injuries unknown.",0,"crowd size=no report",1721769307
BGD27776,"16 July 2024",2024,1,Demonstrations,Protests,"Peaceful protest","Protesters (Bangladesh)","Labor Group (Bangladesh); Students (Bangladesh)",Protesters,,,,"Protesters only",,50,"South Asia",Bangladesh,Dhaka,Dhaka,Badda,"Dhaka - Badda",23.7852,90.4387,1,"United News of Bangladesh",National,"On 16 July 2024, students from several colleges and universities including BRAC University, NSU, IUB and East West University staged protests along the Merul Badda road, Notun Bazar road and the road in front of Jamuna Future Park in Dhaka - Badda city (Dhaka), demanding abolition of the quota system in government jobs, and against the assault on anti-quota protesters across the country (coded separately).",0,"crowd size=no report",1721769307
BGD27777,"16 July 2024",2024,1,Demonstrations,Protests,"Peaceful protest","Protesters (Bangladesh)","Labor Group (Bangladesh); Students (Bangladesh)",Protesters,,,,"Protesters only",,50,"South Asia",Bangladesh,Dhaka,Dhaka,Jatrabari,"Dhaka - Jatrabari",23.7196,90.4432,1,"United News of Bangladesh",National,"On 16 July 2024, students from several colleges and universities staged a protest rally and protest along the intersection in Dhaka - Jatrabari city (Jatrabari), demanding abolition of the quota system in government jobs, and against the assault on anti-quota protesters across the country (coded separately).",0,"crowd size=no report",1721769307
BGD27780,"16 July 2024",2024,1,Demonstrations,Protests,"Peaceful protest","Protesters (Bangladesh)","Labor Group (Bangladesh); Students (Bangladesh)",Protesters,,,,"Protesters only",,50,"South Asia",Bangladesh,Barisal,Barisal,"Barisal Sadar",Barisal,22.705,90.3701,1,"United News of Bangladesh",National,"On 16 July 2024, students from BM College, Infra Polytechnic Institute, and Sher-e-Bangla Medical College staged protests along the Dhaka-Barisal highway and Barisal-Kuakata highway in Barisal city, Barisal Sadar, demanding abolition of the quota system in government jobs, and against the assault on anti-quota protesters across the country (coded separately). BCL attempted to disrupt the protest, but the police stopped them.",0,"crowd size=no report",1721769307
BGD27782,"16 July 2024",2024,1,Demonstrations,Protests,"Peaceful protest","Protesters (Bangladesh)","Labor Group (Bangladesh); Students (Bangladesh)",Protesters,,,,"Protesters only",,50,"South Asia",Bangladesh,Dhaka,Dhaka,Mohammadpur,"Dhaka - Mohammadpur",23.7602,90.3509,1,"Financial Express (Bangladesh)",National,"On 16 July 2024, students of University of Liberal Arts staged a protest in Dhaka - Mohammadpur (Mohammadpur), demanding abolition of the quota system in government jobs.",0,"crowd size=no report",1721769307
BGD27783,"16 July 2024",2024,1,Demonstrations,Protests,"Peaceful protest","Protesters (Bangladesh)","Labor Group (Bangladesh); Students (Bangladesh)",Protesters,,,,"Protesters only",,50,"South Asia",Bangladesh,Chittagong,Chittagong,Sitakunda,Kumira,22.5024,91.7163,1,"United News of Bangladesh",National,"On 16 July 2024, several thousand students of International Islamic University staged a protest along the Dhaka - Chittagong highway in Kumira village (Chittagong), demanding abolition of the quota system in government jobs. They ended the protest in the afternoon after talks with police and university officials.",0,"crowd size=several 1000",1721769307
BGD27784,"16 July 2024",2024,1,Demonstrations,Protests,"Peaceful protest","Protesters (Bangladesh)","Labor Group (Bangladesh); Students (Bangladesh)",Protesters,,,,"Protesters only",,50,"South Asia",Bangladesh,Dhaka,Dhaka,Shahbagh,"Dhaka - Shahbagh",23.7317,90.3959,1,"Financial Express (Bangladesh); New Nation (Bangladesh); United News of Bangladesh",National,"On 16 July 2024, thousands of students of Dhaka University staged a protest on campus and at Shaheed Minar in Dhaka - Shahbagh (Shahbagh), demanding abolition of the quota system in government jobs. Students of various universities also staged a protest along Mouchak intersection on this issue.",0,"crowd size=thousands",1721769307
BGD27785,"16 July 2024",2024,1,Demonstrations,Protests,"Peaceful protest","Protesters (Bangladesh)","Labor Group (Bangladesh); Students (Bangladesh)",Protesters,,,,"Protesters only",,50,"South Asia",Bangladesh,Dhaka,Dhaka,Dhanmondi,"Dhaka - Dhanmondi",23.7435,90.3737,1,"New Nation (Bangladesh)",National,"On 16 July 2024, anti-quota protesters staged a protest in Dhaka - Dhanmondi (Dhanmondi), against the assault of BCL members on protesters across the country (coded separately), and demanded abolition of the quota system in government jobs.",0,"crowd size=no report",1721769307
BGD27786,"16 July 2024",2024,1,Demonstrations,Protests,"Peaceful protest","Protesters (Bangladesh)","Labor Group (Bangladesh); Students (Bangladesh)",Protesters,,,,"Protesters only",,50,"South Asia",Bangladesh,Dhaka,Dhaka,Mirpur,"Dhaka - Mirpur",23.7931,90.3629,1,"New Nation (Bangladesh)",National,"On 16 July 2024, anti-quota protesters staged a protest in Dhaka - Mirpur (Mirpur), against the assault of BCL members on protesters across the country (coded separately), and demanded abolition of the quota system in government jobs.",0,"crowd size=no report",1721769307
BGD27804,"16 July 2024",2024,1,Demonstrations,Riots,"Violent demonstration","Rioters (Bangladesh)",,Rioters,,,,"Rioters only",,50,"South Asia",Bangladesh,Dhaka,Dhaka,Paltan,"Dhaka - Paltan",23.7333,90.4125,1,"Financial Express (Bangladesh)",National,"On 16 July 2024, unidentified persons set fire to two buses in front of National Press Club, Dhaka - Paltan (Paltan), amid ongoing demonstrations demanding abolition of the quota system in government jobs.",0,"crowd size=no report",1721769307
BGD27779,"16 July 2024",2024,1,Demonstrations,Protests,"Peaceful protest","Protesters (Bangladesh)","Labor Group (Bangladesh); Students (Bangladesh)",Protesters,,,,"Protesters only",,50,"South Asia",Bangladesh,Dhaka,Dhaka,Uttara,"Dhaka - Uttara",23.869,90.3942,1,"United News of Bangladesh",National,"On 16 July 2024, students from IUBAT, World University, and several institutions staged a protest rally at Dhaka - Uttara (Uttara), demanding abolition of the quota system in government jobs, and against the assault on anti-quota protesters across the country (coded separately).",0,"crowd size=no report",1722376559
BGD27801,"16 July 2024",2024,1,Demonstrations,Riots,"Violent demonstration","Rioters (Bangladesh)","JCD: Bangladesh Jatiotabadi Chatra Dal; Labor Group (Bangladesh); Students (Bangladesh)",Rioters,"Rioters (Bangladesh)","BCL: Bangladesh Chhatra League; Students (Bangladesh); ICS: Islami Chhatra Shibir",Rioters,Rioters-Rioters,,50,"South Asia",Bangladesh,Chittagong,Chittagong,Pahartali,Chittagong,22.3571,91.7823,1,"Daily Star (Bangladesh); New Age (Bangladesh); New Nation (Bangladesh); Prothom Alo",National,"On 16 July 2024, anti-quota student demonstrators clashed with members of Chhatra League (BCL) in Chittagong city (Pahartali), demanding abolition of the quota system in government jobs. 3 people, including 1 JCD and 1 ICS member, were killed in the clash. 2 of the deceased were hit by bullets while the third died of assault.",3,"crowd size=no report",1722965595
BGD27795,"16 July 2024",2024,1,Demonstrations,Protests,"Peaceful protest","Protesters (Bangladesh)","Labor Group (Bangladesh); Students (Bangladesh)",Protesters,,,,"Protesters only",,50,"South Asia",Bangladesh,Dhaka,Dhaka,Gulshan,"Dhaka - Gulshan",23.7891,90.4086,1,"United News of Bangladesh",National,"On 16 July 2024, students from Prime Asia university staged a protest along Banani road in Dhaka - Gulshan city (Dhaka), demanding abolition of the quota system in government jobs, and against the assault on anti-quota protesters across the country (coded separately). East West University staged protest rallies in Malibagh, Moghbazar, Mohakhali, and Shantinagar areas in Dhaka city, demanding abolition of the quota system in government jobs, and against the assault on anti-quota protesters across the country (coded separately).",0,"crowd size=no report",1722974431
BGD27698,"16 July 2024",2024,1,Demonstrations,Riots,"Violent demonstration","Rioters (Bangladesh)","Labor Group (Bangladesh); Students (Bangladesh)",Rioters,"Civilians (Bangladesh)","AL: Bangladesh Awami League; Former Government of Bangladesh (2009-2024)",Civilians,Rioters-Civilians,,50,"South Asia",Bangladesh,Dhaka,Dhaka,Kalabagan,"Dhaka - Kalabagan",23.7467,90.386,1,"Financial Express (Bangladesh)",National,"On 16 July 2024, 300-400 anti-quota student demonstrators vandalized the vehicle of former Awami League MP near Labaid Hospital in Dhaka - Kalabagan city (Dhaka) while he was inside the vehicle, during their demonstration demanding abolition of the quota system in government jobs. Injuries unknown.",0,"crowd size=300-400",1724113673
BGD27704,"16 July 2024",2024,1,Demonstrations,Riots,"Violent demonstration","Rioters (Bangladesh)","Labor Group (Bangladesh); Students (Bangladesh)",Rioters,"Police Forces of Bangladesh (2009-2024)",,"State forces","State forces-Rioters",,50,"South Asia",Bangladesh,Dhaka,Dhaka,Gulshan,"Dhaka - Gulshan",23.7891,90.4086,1,"Financial Express (Bangladesh)",National,"On 16 July 2024, anti-quota student demonstrators clashed with police forces using bricks and stones, and set fire to a police box near the Mohakhali bus terminal in Dhaka - Gulshan city (Dhaka) during their demonstration demanding abolition of the quota system in government jobs. Police forces fired tear gas and rubber bullets. Injuries unknown.",0,"crowd size=no report",1724113673
BGD27721,"16 July 2024",2024,1,Demonstrations,Riots,"Violent demonstration","Rioters (Bangladesh)","Labor Group (Bangladesh); Students (Bangladesh)",Rioters,"Police Forces of Bangladesh (2009-2024)","Police Forces of Bangladesh (2009-2024) Detective Branch","State forces","State forces-Rioters",,50,"South Asia",Bangladesh,Rajshahi,Sirajganj,"Sirajganj Sadar",Sirajganj,24.4577,89.708,1,"New Age (Bangladesh)",National,"On 16 July 2024, anti-quota student demonstrators clashed with police personnel in Sirajganj town (Rajshahi) during a demonstration demanding the abolition of quota system in government jobs. 1 DB police personnel was injured.",0,"crowd size=no report",1724113673
BGD27772,"16 July 2024",2024,1,Demonstrations,Riots,"Violent demonstration","Rioters (Bangladesh)","Civilians (Bangladesh); Journalists (Bangladesh); Labor Group (Bangladesh); Students (Bangladesh)",Rioters,"Police Forces of Bangladesh (2009-2024)","BCL: Bangladesh Chhatra League; Rioters (Bangladesh); Students (Bangladesh)","State forces","State forces-Rioters",,50,"South Asia",Bangladesh,Rangpur,Rangpur,"Rangpur Sadar",Rangpur,25.7466,89.2516,1,"Financial Express (Bangladesh); New Nation (Bangladesh)",National,"On 16 July 2024, students of Begum Rokeya University clashed with police forces and BCL members on campus in Rangpur city, Rangpur Sadar, during their demonstration demanding abolition of the quota system in government jobs. 1 student was killed, and at least 50 people, including 3 journalists, were injured in the clash. Police fired at least 200 blank rounds during the incident. 4 students were seriously injured and admitted to the hospital.",1,"crowd size=no report",1724113673
BGD27796,"16 July 2024",2024,1,Demonstrations,Protests,"Peaceful protest","Protesters (Bangladesh)","Labor Group (Bangladesh); Students (Bangladesh)",Protesters,,,,"Protesters only",,50,"South Asia",Bangladesh,Chittagong,Chittagong,Sitakunda,Sitakunda,22.62,91.6578,1,"United News of Bangladesh",National,"On 16 July 2024, students of International Islamic University staged a protest along the railway tracks in Sitakunda town (Chittagong), demanding abolition of the quota system in government jobs.",0,"crowd size=no report",1726602879
BGD27701,"15 July 2024",2024,1,Demonstrations,Protests,"Protest with intervention","Protesters (Bangladesh)","Labor Group (Bangladesh); Students (Bangladesh)",Protesters,"Rioters (Bangladesh)","BCL: Bangladesh Chhatra League; Students (Bangladesh)",Rioters,Rioters-Protesters,,50,"South Asia",Bangladesh,Rangpur,Rangpur,"Rangpur Sadar",Rangpur,25.7466,89.2516,1,"Dhaka Tribune",National,"On 15 July 2024, students of Begum Rokeya University staged a protest in front of campus in Rangpur city, Rangpur Sadar, demanding abolition of the quota system in government jobs. Members of Chhatra League (BCL) stahed counter-demonstrations and assaulted the anti-quota protesters at several instances, injuring at least 15 students.",0,"crowd size=no report",1721769308
BGD27703,"15 July 2024",2024,1,"Political violence",Riots,"Mob violence","Rioters (Bangladesh)","Nalia Communal Group (Bangladesh)",Rioters,"Rioters (Bangladesh)","Nalia Communal Group (Bangladesh)",Rioters,Rioters-Rioters,,50,"South Asia",Bangladesh,Khulna,Narail,Lohagara,Nalia,23.2759,89.4965,1,"Prothom Alo",National,"On 15 July 2024, two groups of villagers clashed using shields, roads, and sticks at Nalia village, Lohagara upazila (Narail, Khulna), over establishing dominance in the area. At least 17 people were injured in the clash.",0,"crowd size=no report",1721769308
BGD27725,"15 July 2024",2024,1,Demonstrations,Protests,"Peaceful protest","Protesters (Bangladesh)","Students (Bangladesh)",Protesters,,,,"Protesters only",,50,"South Asia",Bangladesh,Barisal,Barisal,"Barisal Sadar",Barisal,22.705,90.3701,1,"Prothom Alo",National,"On 15 July 2024, students of Barisal College staged a protest on campus in Barisal city, Barisal Sadar, demanding a stop to construction of buildings by destroying the grounds of college.",0,"crowd size=no report",1721769308
BGD27749,"15 July 2024",2024,1,Demonstrations,Protests,"Protest with intervention","Protesters (Bangladesh)","Labor Group (Bangladesh); Students (Bangladesh)",Protesters,"Rioters (Bangladesh)","BCL: Bangladesh Chhatra League; Students (Bangladesh)",Rioters,Rioters-Protesters,,50,"South Asia",Bangladesh,Khulna,Jessore,"Jessore Sadar",Jessore,23.1697,89.2137,1,"Dhaka Tribune",National,"On 15 July 2024, anti-quota student protesters from Jashore Science and Technology University and Government MM College staged a protest march in Jessore city (Jessore Sadar, Khulna), demanding abolition of the quota system in government jobs. Members of Chhatra League (BCL) assaulted the anti-quota student protestors with helmets and forcibly detained 1 protester. Injuries unknown.",0,"crowd size=no report",1721769308
BGD27765,"15 July 2024",2024,1,Demonstrations,Protests,"Peaceful protest","Protesters (Bangladesh)","Labor Group (Bangladesh); Students (Bangladesh)",Protesters,,,,"Protesters only",,50,"South Asia",Bangladesh,Dhaka,Dhaka,,Dhaka,23.7656,90.3879,2,"New Nation (Bangladesh)",National,"On 15 July 2024, more than 10,000 students of various universities, including Dhaka University and Jagannath University, joined a mass protest march which passed through several localities of Dhaka city, demanding abolition of the quota system in government jobs.",0,"crowd size=more than 10,000",1721769308
BGD27766,"15 July 2024",2024,1,Demonstrations,Protests,"Peaceful protest","Protesters (Bangladesh)","Labor Group (Bangladesh); Students (Bangladesh)",Protesters,,,,"Protesters only",,50,"South Asia",Bangladesh,Barisal,Barisal,"Barisal Sadar",Barisal,22.705,90.3701,1,"Dhaka Tribune",National,"On 15 July 2024, students of Barisal University staged a protest on campus and later on Barisal-Kuakata highway in Barisal city, Barisal Sadar, demanding abolition of the quota system in government jobs. Students also protested against remarks of the prime minister against anti-quota movement of students across the country.",0,"crowd size=no report",1721769308
BGD27768,"15 July 2024",2024,1,Demonstrations,Protests,"Peaceful protest","Protesters (Bangladesh)","Labor Group (Bangladesh); Students (Bangladesh)",Protesters,,,,"Protesters only",,50,"South Asia",Bangladesh,Mymensingh,Mymensingh,"Mymensingh Sadar",Mymensingh,24.7564,90.4065,1,"Prothom Alo",National,"On 15 July 2024, hundreds of Bangladesh Agriculture University students staged a protest rally on campus in Mymensingh city (Mymensingh Sadar), against the assault on anti-quota protesters by BCL members across the country (coded separately) and demanded abolition of the quota system in government jobs.",0,"crowd size=hundreds",1721769308
BGD27769,"15 July 2024",2024,1,Demonstrations,Protests,"Peaceful protest","Protesters (Bangladesh)","Labor Group (Bangladesh); Students (Bangladesh)",Protesters,,,,"Protesters only",,50,"South Asia",Bangladesh,Khulna,Khulna,"Khulna Sadar",Khulna,22.8097,89.5643,1,"Prothom Alo",National,"On 15 July 2024, anti-quota protesters of Khulna University staged a protest rally in Khulna city, Khulna Sadar, against the prior assault on anti-quota protesters by BCL members across the country (coded separately), criticism of the prime minister of the protest movement, and demanded abolition of the quota system in government jobs.",0,"crowd size=no report",1721769308
BGD27770,"15 July 2024",2024,1,Demonstrations,Protests,"Peaceful protest","Protesters (Bangladesh)","Labor Group (Bangladesh); Students (Bangladesh)",Protesters,,,,"Protesters only",,50,"South Asia",Bangladesh,Rangpur,Dinajpur,"Dinajpur Sadar",Basherhat,25.697,88.6517,1,"Prothom Alo",National,"On 15 July 2024, students of Haji Mohammad Danesh University of Science and Technology staged a protest rally in front of the campus in Basherhat town, Dinajpur Sadar, demanding abolition of the quota system in government jobs.",0,"crowd size=no report",1721769308
BGD27773,"15 July 2024",2024,1,Demonstrations,Protests,"Peaceful protest","Protesters (Bangladesh)","Labor Group (Bangladesh); Students (Bangladesh)",Protesters,,,,"Protesters only",,50,"South Asia",Bangladesh,Rajshahi,Rajshahi,Boalia,Rajshahi,24.374,88.6011,1,"United News of Bangladesh",National,"On 15 July 2024, anti-quota student protesters staged a protest rally at Rajshahi University, Rajshahi city (Boalia), against the prior assault on anti-quota protesters by members of BCL on campuses across the country (coded separately), for demanding the abolition of quota system in government jobs.",0,"crowd size=no report",1721769308
BGD27793,"15 July 2024",2024,1,Demonstrations,Protests,"Peaceful protest","Protesters (Bangladesh)","Labor Group (Bangladesh); Students (Bangladesh)",Protesters,,,,"Protesters only",,50,"South Asia",Bangladesh,Dhaka,Dhaka,Paltan,"Dhaka - Paltan",23.7333,90.4125,1,"New Nation (Bangladesh)",National,"On 15 July 2024, anti-quota protesters staged a protest rally in front of the Gulistan shopping complex in Dhaka - Paltan city (Dhaka), demanding the abolition of quota system in government jobs.",0,"crowd size=no report",1721769308
BGD27794,"15 July 2024",2024,1,Demonstrations,Protests,"Peaceful protest","Protesters (Bangladesh)","Labor Group (Bangladesh); Students (Bangladesh)",Protesters,,,,"Protesters only",,50,"South Asia",Bangladesh,Khulna,Kushtia,"Kushtia Sadar",Shantidanga,23.7263,89.1541,1,"United News of Bangladesh",National,"On 15 July 2024, students of Islamic University staged a protest rally on campus near Shantidanga village (Kushtia, Khulna), demanding abolition of the quota system in government jobs, and against the assault on a student by BCL activists.",0,"crowd size=no report",1721769308
BGD27800,"15 July 2024",2024,1,Demonstrations,Riots,"Violent demonstration","Rioters (Bangladesh)","Civilians (Bangladesh); Labor Group (Bangladesh); Students (Bangladesh); Teachers (Bangladesh)",Rioters,"Rioters (Bangladesh)","BCL: Bangladesh Chhatra League; Students (Bangladesh)",Rioters,Rioters-Rioters,,50,"South Asia",Bangladesh,Dhaka,Dhaka,Savar,Savar,23.8486,90.25,1,"United News of Bangladesh",National,"On 15 July 2024, students of Jahangirnagar University staged a demonstration and clashed with members of Chhatra League (BCL) on campus in Savar city (Dhaka), demanding abolition of the quota system in government jobs. At least 50 people, including the demonstrators, BCL members and 1 teacher, were injured in the clash. Demonstrators claimed that BCL members initiated the assault which led to a clash.",0,"crowd size=no report",1721769308
BGD27802,"15 July 2024",2024,1,Demonstrations,Riots,"Violent demonstration","Rioters (Bangladesh)","Civilians (Bangladesh); Journalists (Bangladesh); Labor Group (Bangladesh); Students (Bangladesh)",Rioters,"Rioters (Bangladesh)","BCL: Bangladesh Chhatra League; Students (Bangladesh)",Rioters,Rioters-Rioters,,50,"South Asia",Bangladesh,Dhaka,Dhaka,Shahbagh,"Dhaka - Shahbagh",23.7317,90.3959,1,"Daily Star (Bangladesh); Dhaka Tribune; United News of Bangladesh",National,"On 15 July 2024, students of Dhaka University staged a demonstration and clashed with members of Chhatra League (BCL) on campus in Dhaka - Shahbagh (Shahbagh), demanding abolition of the quota system in government jobs, and against the Prime Minister's criticism of the demonstrators. At least 250 people, including 2 journalists, were injured in the clash. Demonstrators claimed that BCL members initiated the assault which led to the clash. Following the initial clash, BCL and anti-quota student demonstrators again clashed, later in the day, using bricks, iron rods and sticks outside the Dhaka Medical College Hospital in Dhaka - Shahbag city, leading to injuries to a passer-by.",0,"crowd size=no report",1721769308
BGD27803,"15 July 2024",2024,1,Demonstrations,Riots,"Violent demonstration","Rioters (Bangladesh)",,Rioters,,,,"Rioters only",,50,"South Asia",Bangladesh,Dhaka,Dhaka,Shahbagh,"Dhaka - Shahbagh",23.7317,90.3959,1,"Daily Star (Bangladesh)",National,"On 15 July 2024, unknown assailants exploded 6 crude bombs near a residential hall at Dhaka University in Dhaka - Shahbagh (Shahbagh), over unknown reasons, amid the ongoing demonstrations by students demanding the abolition of quota system in government jobs.",0,"crowd size=no report",1721769308
BGD27832,"15 July 2024",2024,1,"Political violence",Riots,"Mob violence","Rioters (Bangladesh)","BCL: Bangladesh Chhatra League; Students (Bangladesh)",Rioters,"Civilians (Bangladesh)","Students (Bangladesh)",Civilians,Rioters-Civilians,"Civilian targeting",50,"South Asia",Bangladesh,Khulna,Kushtia,"Kushtia Sadar",Kushtia,23.9028,89.1194,1,"Daily Observer (Bangladesh)",National,"On 15 July 2024, members of Chhatra League (BCL) assaulted a student of Islamic University on campus in Kushtia city, Kushtia Sadar (Khulna), over participation in anti-quota students demonstration, demanding abolition of the quota system in government jobs.",0,"crowd size=no report",1722376559
BGD27717,"15 July 2024",2024,1,Demonstrations,Riots,"Violent demonstration","Rioters (Bangladesh)","Labor Group (Bangladesh); Students (Bangladesh)",Rioters,"Rioters (Bangladesh)","BCL: Bangladesh Chhatra League; Police Forces of Bangladesh (2009-2024); Students (Bangladesh)",Rioters,Rioters-Rioters,,50,"South Asia",Bangladesh,Chittagong,Chittagong,Pahartali,Chittagong,22.3571,91.7823,1,"United News of Bangladesh",National,"On 15 July 2024, thousands of students of Chittagong University clashed with BCL members during a demonstration at Sholoshahar railway station in Chittagong city (Pahartali), demanding abolition of the quota system in government jobs. Members of Chhatra League (BCL) assaulted the demonstrators with bamboos and sticks and tried to stop their movement by stealing the keys of the shuttle bus, triggering a clash involving stone throwing. BCL members also forcibly detained a leader of the demonstration movement and handed him over to university officials. At least 10 people, including police personnel were injured.",0,"crowd size=thousands",1724113673
BGD27775,"15 July 2024",2024,1,Demonstrations,Protests,"Peaceful protest","Protesters (Bangladesh)","Labor Group (Bangladesh); Students (Bangladesh)",Protesters,,,,"Protesters only",,50,"South Asia",Bangladesh,Chittagong,Comilla,"Comilla Adarsha Sadar",Comilla,23.4619,91.185,1,"United News of Bangladesh",National,"On 15 July 2024, students of Comilla University staged a protest rally in Comilla city, Comilla Adarsha Sadar (Chittagong), demanding abolition of the quota system in government jobs, and against the remarks of prime minister on anti-quota protesters.",0,"crowd size=no report",1726526021
BGD27767,"15 July 2024",2024,1,Demonstrations,Protests,"Peaceful protest","Protesters (Bangladesh)","Labor Group (Bangladesh); Students (Bangladesh); ADSM: Anti-Discrimination Student Movement",Protesters,,,,"Protesters only",,50,"South Asia",Bangladesh,Sylhet,Sylhet,"Sylhet Sadar",Sylhet,24.899,91.872,1,"Dhaka Tribune",National,"On 15 July 2024, anti-quota student protesters staged a protest at SUST University, Sylhet city, Sylhet Sadar, against the assault on protesters by members of BCL (coded separately) and against the Prime Minister for criticizing protesters demanding the abolition of quota system in government jobs. Members of the Anti-Discrimination Student Movement also participated.",0,"crowd size=no report",1728407772
BGD27771,"15 July 2024",2024,1,Demonstrations,Protests,"Peaceful protest","Protesters (Bangladesh)","Labor Group (Bangladesh); Students (Bangladesh); ADSM: Anti-Discrimination Student Movement",Protesters,,,,"Protesters only",,50,"South Asia",Bangladesh,Khulna,Jessore,"Jessore Sadar",Jessore,23.1697,89.2137,1,"Dhaka Tribune; Prothom Alo",National,"On 15 July 2024, anti-quota student protesters, supporting the Anti-Discrimination Student Movement, staged a protest rally and sit-in protest to DC office in Jessore city, Jessore Sadar (Khulna), against the prior assault on anti-quota protesters of Jessore University and MM College by BCL members (coded separately), for demanding the abolition of quota system in government jobs.",0,"crowd size=no report",1728407772
BGD27774,"15 July 2024",2024,1,Demonstrations,Protests,"Peaceful protest","Protesters (Bangladesh)","Labor Group (Bangladesh); Students (Bangladesh); ADSM: Anti-Discrimination Student Movement",Protesters,,,,"Protesters only",,50,"South Asia",Bangladesh,Dhaka,Dhaka,Shahbagh,"Dhaka - Shahbagh",23.7317,90.3959,1,"United News of Bangladesh",National,"On 15 July 2024, anti-quota student protesters of Jagannath University, under the banner of Anti-Discrimination Student Movement, staged a protest at Dhaka University, Dhaka - Shahbagh (Shahbagh), demanding abolition of the quota system in government jobs, and against the remarks of prime minister on anti-quota protesters.",0,"crowd size=no report",1728407772
BGD27694,"14 July 2024",2024,1,Demonstrations,Protests,"Peaceful protest","Protesters (Bangladesh)","Labor Group (Bangladesh)",Protesters,,,,"Protesters only",,50,"South Asia",Bangladesh,Dhaka,Dhaka,"Sher-e-bangla Nagar","Dhaka - Sher e Bangla Nagar",23.7728,90.3751,1,"Daily Star (Bangladesh)",National,"On 14 July 2024, hundreds of government job seekers staged a protest rally in front of Bangladesh Public Service Commission in Dhaka - Sher e Bangla Nagar city, demanding cancellation of three BCS exams due to suspicion of question leaks.",0,"crowd size=hundreds",1721769309
BGD27695,"14 July 2024",2024,1,Demonstrations,Protests,"Protest with intervention","Protesters (Bangladesh)","Labor Group (Bangladesh); Students (Bangladesh)",Protesters,"Rioters (Bangladesh)","BCL: Bangladesh Chhatra League; Students (Bangladesh)",Rioters,Rioters-Protesters,,50,"South Asia",Bangladesh,Chittagong,Chittagong,Hathazari,Fatehpur,22.4822,91.8142,1,"United News of Bangladesh",National,"On 14 July 2024, anti-quota student protesters staged a protest at Chittagong University, Fatehpur union, Hathazari upazila (Chittagong), against the Prime Minister for criticizing protesters demanding abolition of the quota system in government jobs. Members of Chhatra League (BCL) threw cocktail bombs at protesters and assaulted 4-5 protesters, leading to injuries to 2, including one female student.",0,"crowd size=no report",1721769309
BGD27700,"14 July 2024",2024,1,Demonstrations,Protests,"Protest with intervention","Protesters (Bangladesh)","Labor Group (Bangladesh); Students (Bangladesh)",Protesters,"Rioters (Bangladesh)","BCL: Bangladesh Chhatra League; Students (Bangladesh)",Rioters,Rioters-Protesters,,50,"South Asia",Bangladesh,Sylhet,Sylhet,"Sylhet Sadar",Sylhet,24.899,91.872,1,"Dhaka Tribune",National,"On 14 July 2024, students staged a protest at SUST university, Sylhet city, Sylhet Sadar, demanding abolition of the quota system in government jobs. BCL assaulted the protesters, injuring 3.",0,"crowd size=no report",1721769309
BGD27709,"14 July 2024",2024,1,Demonstrations,Protests,"Peaceful protest","Protesters (Bangladesh)","NDF: National Democratic Front (Bangladesh)",Protesters,,,,"Protesters only",,50,"South Asia",Bangladesh,Sylhet,Sunamganj,"Sunamganj Sadar",Sunamganj,25.0688,91.4024,1,"Prothom Alo",National,"On 14 July 2024, members of National Democratic Front staged a protest rally in Sunamganj city, Sunamganj Sadar (Sylhet), demanding protection of farmers and agricultural sector of Haor area, and solution to flood problem.",0,"crowd size=no report",1721769309
BGD27731,"14 July 2024",2024,1,Demonstrations,Protests,"Peaceful protest","Protesters (Bangladesh)","Labor Group (Bangladesh); Students (Bangladesh)",Protesters,,,,"Protesters only",,50,"South Asia",Bangladesh,Mymensingh,Mymensingh,"Mymensingh Sadar",Mymensingh,24.7564,90.4065,1,"Financial Express (Bangladesh)",National,"On 14 July 2024, students of Bangladesh Agriculture University staged a protest rally towards DC office in Mymensingh city, Mymensingh Sadar, demanding abolition of the quota system in government jobs.",0,"crowd size=no report",1721769309
BGD27741,"14 July 2024",2024,1,Demonstrations,Protests,"Peaceful protest","Protesters (Bangladesh)","Labor Group (Bangladesh); Students (Bangladesh)",Protesters,,,,"Protesters only",,50,"South Asia",Bangladesh,Dhaka,Dhaka,Savar,Savar,23.8486,90.25,1,"United News of Bangladesh",National,"On 14 July 2024, anti-quota student protesters staged a protest at Jahangirnagar University, Savar city (Dhaka), against the Prime Minister for criticizing protesters demanding abolition of the quota system in government jobs.",0,"crowd size=no report",1721769309
BGD27752,"14 July 2024",2024,1,Demonstrations,Protests,"Peaceful protest","Protesters (Bangladesh)","Labor Group (Bangladesh); Students (Bangladesh)",Protesters,,,,"Protesters only",,50,"South Asia",Bangladesh,Dhaka,Dhaka,Kotwali,"Dhaka - Kotwali",23.7106,90.4088,1,"United News of Bangladesh",National,"On 14 July 2024, anti-quota student protesters staged a protest at Jagannath University, Dhaka - Kotwali (Kotwali), against the Prime Minister for criticizing protesters demanding abolition of the quota system in government jobs.",0,"crowd size=no report",1721769309
BGD27753,"14 July 2024",2024,1,Demonstrations,Protests,"Peaceful protest","Protesters (Bangladesh)","Labor Group (Bangladesh); Students (Bangladesh)",Protesters,,,,"Protesters only",,50,"South Asia",Bangladesh,Rajshahi,Rajshahi,Boalia,Rajshahi,24.374,88.6011,1,"United News of Bangladesh",National,"On 14 July 2024, more than 2,000 anti-quota student protesters staged a protest at Rajshahi University, Rajshahi city (Boalia), against the Prime Minister for criticizing protesters demanding abolition of the quota system in government jobs.",0,"crowd size=more than 2,000",1721769309
BGD27760,"14 July 2024",2024,1,Demonstrations,Protests,"Peaceful protest","Protesters (Bangladesh)","Labor Group (Bangladesh); Students (Bangladesh)",Protesters,,,,"Protesters only",,50,"South Asia",Bangladesh,Dhaka,Gopalganj,Kashiani,Gopalganj,23.1666,89.9166,1,"United News of Bangladesh",National,"On 14 July 2024, anti-quota student protesters staged a protest at BSMRSTU University, Gopalganj city (Kashiani), against the Prime Minister for criticizing protesters demanding abolition of the quota system in government jobs.",0,"crowd size=no report",1721769309
BGD27764,"14 July 2024",2024,1,Demonstrations,Protests,"Peaceful protest","Protesters (Bangladesh)","Labor Group (Bangladesh); Students (Bangladesh)",Protesters,,,,"Protesters only",,50,"South Asia",Bangladesh,Khulna,Khulna,"Khulna Sadar",Khulna,22.8097,89.5643,1,"Prothom Alo",National,"On 14 July 2024, students of Khulna University staged a protest rally in Khulna city, Khulna Sadar, demanding abolition of the quota system in government jobs.",0,"crowd size=no report",1721769309
BGD27811,"14 July 2024",2024,1,Demonstrations,Protests,"Peaceful protest","Protesters (Bangladesh)","Teachers (Bangladesh)",Protesters,,,,"Protesters only",,50,"South Asia",Bangladesh,Dhaka,Dhaka,Savar,Savar,23.8486,90.25,1,"Financial Express (Bangladesh)",National,"On 14 July 2024, teachers staged a protest at Jahangirnagar university, Savar city (Dhaka), demanding that public university teachers be removed from the 'Prottoy Scheme' of universal pension.",0,"crowd size=no report",1721769309
BGD27696,"14 July 2024",2024,1,"Political violence",Battles,"Armed clash","ARSA: Arakan Rohingya Salvation Army",,"Rebel group","Police Forces of Bangladesh (2009-2024) Armed Police Battalion",,"State forces","State forces-Rebel group",,50,"South Asia",Bangladesh,Chittagong,"Cox's Bazar",Ukhia,Ukhiya,21.245,92.1375,2,"Daily Star (Bangladesh)",National,"On 14 July 2024, 30-35 members of ARSA and Armed Police Battalion engaged in a gunfight at F-block of Madhurchhara extension camp in Ukhia upazila (coded as Ukhiya, Cox's Bazar, Chittagong). 1 personnel of Armed Police Battalion was injured in the clash. No fatalities.",0,,1724113673
BGD27734,"14 July 2024",2024,1,Demonstrations,Protests,"Peaceful protest","Protesters (Bangladesh)","Labor Group (Bangladesh); Students (Bangladesh); ADSM: Anti-Discrimination Student Movement",Protesters,,,,"Protesters only",,50,"South Asia",Bangladesh,Dhaka,Dhaka,Shahbagh,"Dhaka - Shahbagh",23.7317,90.3959,1,"United News of Bangladesh",National,"On 14 July 2024, anti-quota student protesters staged a protest at Dhaka University, Dhaka - Shahbagh (Shahbagh), against the Prime Minister for criticizing protesters demanding abolition of the quota system in government jobs, supporting the protest call from the Anti-Discrimination Student Movement.",0,"crowd size=no report",1728407772
BGD27690,"13 July 2024",2024,1,Demonstrations,Protests,"Peaceful protest","Protesters (Bangladesh)","Dalit Caste Group (Bangladesh)",Protesters,,,,"Protesters only",,50,"South Asia",Bangladesh,Dhaka,Dhaka,Paltan,"Dhaka - Paltan",23.7333,90.4125,1,"Dhaka Tribune",National,"On 13 July 2024, at least 200 members of Harijan community (Dalit caste group) staged a protest in front of National Press Club, Dhaka - Paltan (Paltan), against the prior assault on residents of Mironzilla colony (coded separately), and demanding that evacuation plans for the area should be halted.",0,"crowd size=at least 200",1721769309
BGD27693,"13 July 2024",2024,1,Demonstrations,Protests,"Peaceful protest","Protesters (Bangladesh)","JSD: Jatiya Samajtantrik Dal",Protesters,,,,"Protesters only",,50,"South Asia",Bangladesh,Dhaka,Dhaka,Paltan,"Dhaka - Paltan",23.7333,90.4125,1,"New Age (Bangladesh)",National,"On 13 July 2024, members of Samajtantrik Dal (JSD) staged a protest rally front of its central office on Bangabandhu Avenue, Dhaka - Paltan city, demanding immediate steps from government against mass corruption and syndicates responsible for price hikes of the essential commodities.",0,"crowd size=no report",1721769309
BGD27726,"13 July 2024",2024,1,Demonstrations,Protests,"Peaceful protest","Protesters (Bangladesh)","Labor Group (Bangladesh); Students (Bangladesh)",Protesters,,,,"Protesters only",,50,"South Asia",Bangladesh,Dhaka,Dhaka,Kotwali,"Dhaka - Kotwali",23.7106,90.4088,1,"United News of Bangladesh",National,"On 13 July 2024, students of Jagannath University staged a protest in front of the campus in Dhaka - Kotwali (Kotwali), demanding abolition of the quota system in government jobs. Students also protested the recent police assault on nationwide blockade program of students against the quota system (coded separately).",0,"crowd size=no report",1721769309
BGD27814,"13 July 2024",2024,1,Demonstrations,Protests,"Peaceful protest","Protesters (Bangladesh)",,Protesters,,,,"Protesters only",,50,"South Asia",Bangladesh,Barisal,Barisal,"Barisal Sadar",Barisal,22.705,90.3701,1,"Dhaka Tribune",National,"On 13 July 2024, members of civic organizations staged a protest rally in Barisal city, Barisal Sadar, against the noise pollution and safety hazards caused by the use of hydraulic horns by vehicles.",0,"crowd size=no report",1721769309
BGD27815,"13 July 2024",2024,1,Demonstrations,Protests,"Peaceful protest","Protesters (Bangladesh)",,Protesters,,,,"Protesters only",,50,"South Asia",Bangladesh,Barisal,Patuakhali,"Patuakhali Sadar",Auliapur,22.2866,90.3612,1,"Prothom Alo",National,"On 13 July 2024, locals staged a protest and halted work at Patuakhali Export Processing Zone in Auliapur union (Patuakhali, Barisal), demanding compensation for the land acquired for the Patuakhali Export Processing Zone.",0,"crowd size=no report",1721769309
BGD27675,"12 July 2024",2024,1,Demonstrations,Protests,"Peaceful protest","Protesters (Bangladesh)","Labor Group (Bangladesh); Students (Bangladesh)",Protesters,,,,"Protesters only",,50,"South Asia",Bangladesh,Dhaka,Dhaka,Savar,Savar,23.8486,90.25,1,"Daily Star (Bangladesh)",National,"On 12 July 2024, as a part of 'Bangla Blockade' program, students of Jahangirnagar university staged a protest on campus in Savar city (Dhaka), demanding abolition of the quota system in government jobs and the reinstatement of the 2018 circular.",0,"crowd size=no report",1721157094
BGD27677,"12 July 2024",2024,1,Demonstrations,Protests,"Peaceful protest","Protesters (Bangladesh)","Labor Group (Bangladesh); Students (Bangladesh)",Protesters,,,,"Protesters only",,50,"South Asia",Bangladesh,Chittagong,Chittagong,Pahartali,Chittagong,22.3571,91.7823,1,"Daily Star (Bangladesh)",National,"On 12 July 2024, as a part of 'Bangla Blockade' program, students of Chittagong university staged a protest rally in Sholoshohor Rail Station area, Chittagong city (Pahartali), demanding abolition of the quota system in government jobs and the reinstatement of the 2018 circular.",0,"crowd size=no report",1721157094
BGD27680,"12 July 2024",2024,1,Demonstrations,Protests,"Peaceful protest","Protesters (Bangladesh)","Labor Group (Bangladesh); Students (Bangladesh)",Protesters,,,,"Protesters only",,50,"South Asia",Bangladesh,Rajshahi,Rajshahi,Boalia,Rajshahi,24.374,88.6011,1,"Daily Star (Bangladesh)",National,"On 12 July 2024, as a part of 'Bangla Blockade' program, hundreds of students staged a protest in Rajshahi city (Boalia), demanding abolition of the quota system in government jobs and the reinstatement of the 2018 circular, and against the prior assault on Comilla university protesters by the police forces (coded separately).",0,"crowd size=hundreds",1721157094
BGD27681,"12 July 2024",2024,1,Demonstrations,Protests,"Peaceful protest","Protesters (Bangladesh)","Labor Group (Bangladesh); Students (Bangladesh)",Protesters,,,,"Protesters only",,50,"South Asia",Bangladesh,Chittagong,Noakhali,"Noakhali Sadar",Noakhali,22.8667,91.1,1,"Prothom Alo",National,"On 12 July 2024, as a part of 'Bangla Blockade' program, students staged a protest in Noakhali district town, Noakhali Sadar (Chittagong), demanding abolition of the quota system in government jobs and the reinstatement of the 2018 circular.",0,"crowd size=no report",1721157094
BGD27616,"12 July 2024",2024,1,Demonstrations,Protests,"Peaceful protest","Protesters (Bangladesh)","Hindu Group (Bangladesh)",Protesters,,,,"Protesters only",,50,"South Asia",Bangladesh,Dhaka,Dhaka,Paltan,"Dhaka - Paltan",23.7333,90.4125,1,"Prothom Alo",National,"On 12 July 2024, members of Bangladesh Hindu Parishad staged a human chain protest in front of National Press Club, Dhaka - Paltan (Paltan), against the prior assault on the Harijan community in Mironzilla village by suspected local councillor and his accomplices (coded separately).",0,"crowd size=no report",1721769309
BGD27678,"12 July 2024",2024,1,Demonstrations,Protests,"Peaceful protest","Protesters (Bangladesh)","Labor Group (Bangladesh); Students (Bangladesh)",Protesters,,,,"Protesters only",,50,"South Asia",Bangladesh,Dhaka,Dhaka,Shahbagh,"Dhaka - Shahbagh",23.7317,90.3959,1,"Daily Star (Bangladesh)",National,"On 12 July 2024, as a part of 'Bangla Blockade' program, hundreds of students staged a protest in Dhaka - Shahbagh (Shahbagh), demanding abolition of the quota system in government jobs and the reinstatement of the 2018 circular.",0,"crowd size=hundreds",1721769309
BGD27683,"12 July 2024",2024,1,Demonstrations,Protests,"Peaceful protest","Protesters (Bangladesh)","Labor Group (Bangladesh); Students (Bangladesh)",Protesters,,,,"Protesters only",,50,"South Asia",Bangladesh,Dhaka,Dhaka,Kotwali,"Dhaka - Kotwali",23.7106,90.4088,1,"Prothom Alo",National,"On 12 July 2024, as a part of 'Bangla Blockade' program, students staged a protest in Kala Bhavan area, Dhaka - Kotwali (Kotwali), demanding abolition of the quota system in government jobs and the reinstatement of the 2018 circular.",0,"crowd size=no report",1721769309
BGD27685,"12 July 2024",2024,1,"Political violence",Riots,"Mob violence","Rioters (Bangladesh)","Muslim Group (Bangladesh)",Rioters,"Rioters (Bangladesh)","Muslim Group (Bangladesh)",Rioters,Rioters-Rioters,,50,"South Asia",Bangladesh,Dhaka,Gazipur,"Gazipur Sadar",Tongi,23.8915,90.4023,1,"Prothom Alo",National,"On 12 July 2024, members of two groups clashed at the Central Jame Masjid in Tongi city, Gazipur Sadar (Dhaka), over formation of mosque committee. At least 5 people were injured in the clash.",0,"crowd size=no report",1722376559
BGD27641,"12 July 2024",2024,1,"Political violence",Riots,"Mob violence","Rioters (Bangladesh)","AL: Bangladesh Awami League",Rioters,"Civilians (Bangladesh)","BCL: Bangladesh Chhatra League; Government of Bangladesh (2009-2024); Students (Bangladesh)",Civilians,Rioters-Civilians,"Civilian targeting",50,"South Asia",Bangladesh,Chittagong,Brahmanbaria,Akhaura,Akhaura,23.8724,91.2076,1,"Daily Star (Bangladesh)",National,"On 12 July 2024, supporters of Awami League (AL) municipality mayor, led by an AL leader, assaulted and injured the newly elected chairman of upazila parishad and his associate belonging to Chhatra League (BCL) with bamboo sticks in Akhaura municipality (Brahmanbaria, Chittagong), due to electoral rivalry over prior upazila parishad polls.",0,"crowd size=no report; local administrators",1724113673
BGD27650,"12 July 2024",2024,1,"Political violence",Riots,"Mob violence","Rioters (Bangladesh)","BCL: Bangladesh Chhatra League; Students (Bangladesh)",Rioters,"Civilians (Bangladesh)","Journalists (Bangladesh); Students (Bangladesh)",Civilians,Rioters-Civilians,"Civilian targeting",50,"South Asia",Bangladesh,Chittagong,Comilla,"Comilla Adarsha Sadar",Comilla,23.4619,91.185,1,"Prothom Alo",National,"On 12 July 2024, suspected member of Chhatra League (BCL) assaulted a student journalist at Victoria college in Comilla city, Comilla Adarsha Sadar (Chittagong), for making a video of BCL members trying to disrupt the demonstration of students against the quota system.",0,"crowd size=no report",1726526021
BGD27676,"12 July 2024",2024,1,Demonstrations,Protests,"Peaceful protest","Protesters (Bangladesh)","Labor Group (Bangladesh); Students (Bangladesh)",Protesters,,,,"Protesters only",,50,"South Asia",Bangladesh,Chittagong,Comilla,"Comilla Adarsha Sadar",Comilla,23.4619,91.185,1,"Daily Star (Bangladesh); Prothom Alo",National,"On 12 July 2024, as a part of 'Bangla Blockade' program, students of Comilla university and Victoria college staged a protest on campuses in Comilla city, Comilla Adarsha Sadar (Chittagong), demanding abolition of the quota system in government jobs and the reinstatement of the 2018 circular.",0,"crowd size=no report",1726526021
BGD27663,"11 July 2024",2024,1,Demonstrations,Protests,"Peaceful protest","Protesters (Bangladesh)","Labor Group (Bangladesh); Students (Bangladesh)",Protesters,,,,"Protesters only",,50,"South Asia",Bangladesh,Dhaka,Dhaka,Savar,Savar,23.8486,90.25,1,"Financial Express (Bangladesh)",National,"On 11 July 2024, as a part of 'Bangla Blockade' program, students of Jahangirnagar university staged a protest rally in front of the campus in Savar city (Dhaka), demanding abolition of the quota system in government jobs and the reinstatement of the 2018 circular.",0,"crowd size=no report",1721157094
BGD27665,"11 July 2024",2024,1,Demonstrations,Protests,"Peaceful protest","Protesters (Bangladesh)","Labor Group (Bangladesh); Students (Bangladesh)",Protesters,,,,"Protesters only",,50,"South Asia",Bangladesh,Barisal,Barisal,"Barisal Sadar",Barisal,22.705,90.3701,1,"Financial Express (Bangladesh)",National,"On 11 July 2024, as a part of 'Bangla Blockade' program, students of Barisal university staged a protest at Dhaka-Barisal highway, Barisal city, Barisal Sadar, demanding abolition of the quota system in government jobs and the reinstatement of the 2018 circular.",0,"crowd size=no report",1721157094
BGD27668,"11 July 2024",2024,1,Demonstrations,Protests,"Peaceful protest","Protesters (Bangladesh)","Labor Group (Bangladesh); Students (Bangladesh)",Protesters,,,,"Protesters only",,50,"South Asia",Bangladesh,Sylhet,Sylhet,"Sylhet Sadar",Sylhet,24.899,91.872,1,"Dhaka Tribune",National,"On 11 July 2024, as a part of 'Bangla Blockade' program, students of SUST university staged a protest at Sylhet-Sunamganj highway, Sylhet city, Sylhet Sadar, demanding abolition of the quota system in government jobs and the reinstatement of the 2018 circular.",0,"crowd size=no report",1721157094
BGD27667,"11 July 2024",2024,1,Demonstrations,Riots,"Violent demonstration","Rioters (Bangladesh)","Labor Group (Bangladesh); Students (Bangladesh)",Rioters,"Civilians (Bangladesh)","Journalists (Bangladesh)",Civilians,Rioters-Civilians,,50,"South Asia",Bangladesh,Dhaka,Dhaka,Shahbagh,"Dhaka - Shahbagh",23.7317,90.3959,1,"Dhaka Tribune; Financial Express (Bangladesh)",National,"On 11 July 2024, as a part of 'Bangla Blockade' program, students staged a demonstration and assaulted a journalist and his cameraman in Dhaka - Shahbagh (Shahbagh), demanding abolition of the quota system in government jobs and the reinstatement of the 2018 circular. A video camera was also damaged in the incident.",0,"crowd size=no report",1721769310
BGD27672,"11 July 2024",2024,1,Demonstrations,Protests,"Peaceful protest","Protesters (Bangladesh)","Labor Group (Bangladesh); Students (Bangladesh)",Protesters,,,,"Protesters only",,50,"South Asia",Bangladesh,Dhaka,Dhaka,,Dhaka,23.7656,90.3879,1,"Dhaka Tribune",National,"On 11 July 2024, as a part of 'Bangla Blockade' program, around 600-700 students of Jagannath university staged a protest in Gulistan area, Dhaka city, demanding abolition of the quota system in government jobs and the reinstatement of the 2018 circular.",0,"crowd size=around 600-700",1721769310
BGD27671,"11 July 2024",2024,1,Demonstrations,Riots,"Violent demonstration","Rioters (Bangladesh)","Labor Group (Bangladesh); Students (Bangladesh)",Rioters,"Police Forces of Bangladesh (2009-2024)",,"State forces","State forces-Rioters",,50,"South Asia",Bangladesh,Dhaka,Dhaka,,Dhaka,23.7656,90.3879,1,"Dhaka Tribune",National,"On 11 July 2024, as a part of 'Bangla Blockade' program, students of Sher-e-Bangla Agricultural university staged a demonstration and clashed with police forces on campus in Dhaka city, demanding abolition of the quota system in government jobs and the reinstatement of the 2018 circular. At least 10 people were injured in the clash. Police charged batons to disperse the students.",0,"crowd size=no report",1724113673
BGD27682,"11 July 2024",2024,1,Demonstrations,Riots,"Violent demonstration","Rioters (Bangladesh)","Labor Group (Bangladesh); Students (Bangladesh)",Rioters,"Police Forces of Bangladesh (2009-2024)",,"State forces","State forces-Rioters",,50,"South Asia",Bangladesh,Chittagong,Chittagong,Pahartali,Chittagong,22.3571,91.7823,1,"Daily Star (Bangladesh)",National,"On 11 July 2024, as a part of 'Bangla Blockade' program, students staged a demonstration and clashed with police forces in front Chattogram Old Station in Chittagong city (Pahartali), demanding abolition of the quota system in government jobs and the reinstatement of the 2018 circular. Several people were injured in the clash.",0,"crowd size=no report",1724113673
BGD27666,"11 July 2024",2024,1,Demonstrations,Riots,"Violent demonstration","Rioters (Bangladesh)","Labor Group (Bangladesh); Students (Bangladesh)",Rioters,"Police Forces of Bangladesh (2009-2024)","Civilians (Bangladesh); Journalists (Bangladesh)","State forces","State forces-Rioters",,50,"South Asia",Bangladesh,Chittagong,Comilla,"Comilla Adarsha Sadar",Comilla,23.4619,91.185,1,"Financial Express (Bangladesh)",National,"On 11 July 2024, as a part of 'Bangla Blockade' program, students of Comilla university staged a demonstration and clashed with police forces using bricks and stones at Dhaka-Chattogram highway, Comilla city, Comilla Adarsha Sadar (Chittagong), demanding abolition of the quota system in government jobs and the reinstatement of the 2018 circular. Police fired blank rounds and tear gas to disperse the demonstrators. At least 20 people, including journalists, were injured in the incident.",0,"crowd size=no report",1726526021
BGD27660,"10 July 2024",2024,1,Demonstrations,Protests,"Peaceful protest","Protesters (Bangladesh)","Labor Group (Bangladesh); Students (Bangladesh)",Protesters,,,,"Protesters only",,50,"South Asia",Bangladesh,Khulna,Khulna,"Khulna Sadar",Khulna,22.8097,89.5643,1,"United News of Bangladesh",National,"On 10 July 2024, as a part of 'Bangla Blockade' program, students of Brajalal college staged a protest and blocked railway tracks in Khulna city, Khulna Sadar, demanding abolition of the quota system in government jobs and the reinstatement of the 2018 circular.",0,"crowd size=no report",1721157094
BGD27661,"10 July 2024",2024,1,Demonstrations,Protests,"Peaceful protest","Protesters (Bangladesh)","Labor Group (Bangladesh); Students (Bangladesh)",Protesters,,,,"Protesters only",,50,"South Asia",Bangladesh,Dhaka,Dhaka,Savar,Savar,23.8486,90.25,1,"Financial Express (Bangladesh)",National,"On 10 July 2024, as a part of 'Bangla Blockade' program, students of Jahangirnagar university staged a protest rally at Dhaka-Aricha highway, Savar city (Dhaka), demanding abolition of the quota system in government jobs and the reinstatement of the 2018 circular.",0,"crowd size=no report",1721157094
BGD27662,"10 July 2024",2024,1,Demonstrations,Protests,"Peaceful protest","Protesters (Bangladesh)","Labor Group (Bangladesh); Students (Bangladesh)",Protesters,,,,"Protesters only",,50,"South Asia",Bangladesh,Mymensingh,Mymensingh,"Mymensingh Sadar",Mymensingh,24.7564,90.4065,1,"Financial Express (Bangladesh)",National,"On 10 July 2024, as a part of 'Bangla Blockade' program, students of Jatiya Kabi Kazi Nazrul Islam university staged a protest rally at Dhaka-Mymensingh highway, Mymensingh city, Mymensingh Sadar, demanding abolition of the quota system in government jobs and the reinstatement of the 2018 circular.",0,"crowd size=no report",1721157094
BGD27673,"10 July 2024",2024,1,Demonstrations,Protests,"Peaceful protest","Protesters (Bangladesh)","Labor Group (Bangladesh); Students (Bangladesh)",Protesters,,,,"Protesters only",,50,"South Asia",Bangladesh,Dhaka,Tangail,"Tangail Sadar",Tangail,24.2498,89.9166,1,"Dhaka Tribune",National,"On 10 July 2024, as a part of 'Bangla Blockade' program, students of MBSTU university staged a protest at Tangail-Nagarpur-Aricha regional road, Tangail city, Tangail Sadar (Dhaka), demanding abolition of the quota system in government jobs and the reinstatement of the 2018 circular.",0,"crowd size=no report",1721157094
BGD27674,"10 July 2024",2024,1,Demonstrations,Protests,"Peaceful protest","Protesters (Bangladesh)","Labor Group (Bangladesh); Students (Bangladesh)",Protesters,,,,"Protesters only",,50,"South Asia",Bangladesh,Rajshahi,Rajshahi,Boalia,Rajshahi,24.374,88.6011,1,"Dhaka Tribune",National,"On 10 July 2024, as a part of 'Bangla Blockade' program, students of Rajshahi university staged a protest at Choddopai area, Rajshahi city (Boalia), demanding abolition of the quota system in government jobs and the reinstatement of the 2018 circular.",0,"crowd size=no report",1721157094
BGD27686,"10 July 2024",2024,1,Demonstrations,Protests,"Peaceful protest","Protesters (Bangladesh)","Teachers (Bangladesh)",Protesters,,,,"Protesters only",,50,"South Asia",Bangladesh,Dhaka,Dhaka,Savar,Savar,23.8486,90.25,1,"Financial Express (Bangladesh)",National,"On 10 July 2024, teachers of Jahangirnagar university staged a sit-in protest on campus in Savar city (Dhaka), demanding their removal from the 'Prottoy scheme' and demanded inclusion in the promised super grade and the establishment of a separate pay scale for teachers.",0,"crowd size=no report",1721157095
BGD27654,"10 July 2024",2024,1,Demonstrations,Protests,"Peaceful protest","Protesters (Bangladesh)","Labor Group (Bangladesh); Students (Bangladesh)",Protesters,,,,"Protesters only",,50,"South Asia",Bangladesh,Dhaka,Dhaka,Paltan,"Dhaka - Paltan",23.7333,90.4125,1,"New Nation (Bangladesh)",National,"On 10 July 2024, as a part of 'Bangla Blockade' program, students staged protests in front of National Press Club, and Paltan area, Dhaka - Paltan (Paltan), demanding abolition of the quota system in government jobs and the reinstatement of the 2018 circular.",0,"crowd size=no report",1721769310
BGD27655,"10 July 2024",2024,1,Demonstrations,Protests,"Peaceful protest","Protesters (Bangladesh)","Labor Group (Bangladesh); Students (Bangladesh)",Protesters,,,,"Protesters only",,50,"South Asia",Bangladesh,Dhaka,Dhaka,,Dhaka,23.7656,90.3879,1,"New Nation (Bangladesh); United News of Bangladesh",National,"On 10 July 2024, as a part of 'Bangla Blockade' program, students staged a protest in Gulistan, Science Lab area, and BAU campus and blocked railway services in Dhaka city, demanding abolition of the quota system in government jobs and the reinstatement of the 2018 circular.",0,"crowd size=no report",1721769310
BGD27656,"10 July 2024",2024,1,Demonstrations,Protests,"Peaceful protest","Protesters (Bangladesh)","Labor Group (Bangladesh); Students (Bangladesh)",Protesters,,,,"Protesters only",,50,"South Asia",Bangladesh,Dhaka,Dhaka,Shahbagh,"Dhaka - Shahbagh",23.7317,90.3959,1,"New Nation (Bangladesh)",National,"On 10 July 2024, as a part of 'Bangla Blockade' program, students staged a protest in Dhaka - Shahbagh (Shahbagh), demanding abolition of the quota system in government jobs and the reinstatement of the 2018 circular.",0,"crowd size=no report",1721769310
BGD27657,"10 July 2024",2024,1,Demonstrations,Protests,"Peaceful protest","Protesters (Bangladesh)","Labor Group (Bangladesh); Students (Bangladesh)",Protesters,,,,"Protesters only",,50,"South Asia",Bangladesh,Dhaka,Dhaka,Tejgaon,"Dhaka - Tejgaon",23.7626,90.3913,1,"New Nation (Bangladesh)",National,"On 10 July 2024, as a part of 'Bangla Blockade' program, students staged protests in Karwan Bazar, and Farmgate area, Dhaka - Tejgaon (Tejgaon), demanding abolition of the quota system in government jobs and the reinstatement of the 2018 circular.",0,"crowd size=no report",1721769310
BGD27658,"10 July 2024",2024,1,Demonstrations,Riots,"Violent demonstration","Rioters (Bangladesh)","Labor Group (Bangladesh); Students (Bangladesh)",Rioters,"Civilians (Bangladesh)","Students (Bangladesh)",Civilians,Rioters-Civilians,,50,"South Asia",Bangladesh,Dhaka,Dhaka,,Dhaka,23.7656,90.3879,1,"New Nation (Bangladesh)",National,"On 10 July 2024, as a part of 'Bangla Blockade' program, students staged a demonstration in Mohakhali area, Dhaka city, demanding abolition of the quota system in government jobs and the reinstatement of the 2018 circular. Demonstrators assaulted some students for not participating in the demonstration.",0,"crowd size=no report",1721769310
BGD27688,"10 July 2024",2024,1,"Political violence",Riots,"Mob violence","Rioters (Bangladesh)","Government of Bangladesh (2009-2024)",Rioters,"Civilians (Bangladesh)","Dalit Caste Group (Bangladesh)",Civilians,Rioters-Civilians,"Civilian targeting",50,"South Asia",Bangladesh,Dhaka,Dhaka,Bangshal,"Dhaka - Bangshal",23.7181,90.4031,1,"Dhaka Tribune",National,"On 10 July 2024, a group of assailants (led by suspected councillor) pelted stones and brickbats at Harijan (Dalit) community members in Mironjilla Sweeper Colony in Dhaka - Bangshal (Bangshal), over unknown reasons. The colony residents are being asked to evict by the government since some time. At least 15 people were injured in the incident.",0,"crowd size=no report",1724113673
BGD27659,"10 July 2024",2024,1,Demonstrations,Protests,"Peaceful protest","Protesters (Bangladesh)","Labor Group (Bangladesh); Students (Bangladesh)",Protesters,,,,"Protesters only",,50,"South Asia",Bangladesh,Chittagong,Comilla,"Comilla Adarsha Sadar",Comilla,23.4619,91.185,1,"United News of Bangladesh",National,"On 10 July 2024, as a part of 'Bangla Blockade' program, students of Comilla university staged a protest in Comilla city, Comilla Adarsha Sadar (Chittagong), demanding abolition of the quota system in government jobs and the reinstatement of the 2018 circular.",0,"crowd size=no report",1726526021
BGD27614,"09 July 2024",2024,1,Demonstrations,Protests,"Peaceful protest","Protesters (Bangladesh)","CPB: Communist Party of Bangladesh",Protesters,,,,"Protesters only",,50,"South Asia",Bangladesh,Rajshahi,Bogra,"Bogra Sadar",Bogra,24.853,89.3732,1,"Prothom Alo",National,"On 9 July 2024, members of Communist Party of Bangladesh staged a protest in front of the tax commissioner's office in Bogra city, Bogra Sadar (Rajshahi), against the transfer of an officer from the Tax Commissioner's office.",0,"crowd size=no report",1721157094
BGD27620,"09 July 2024",2024,1,Demonstrations,Protests,"Peaceful protest","Protesters (Bangladesh)","Labor Group (Bangladesh)",Protesters,,,,"Protesters only",,50,"South Asia",Bangladesh,Khulna,Jhenaidah,"Jhenaidah Sadar",Jhenaidah,23.5425,89.1749,1,"Prothom Alo",National,"On 9 July 2024, members of several social, cultural, and workers' organizations staged a protest rally in Jhenaidah city (Jhenaidah Sadar, Khulna), demanding release of the detained Awami League leader, in the case of Awami League lawmaker's killing in India.",0,"crowd size=no report",1721157094
BGD27632,"09 July 2024",2024,1,"Political violence","Violence against civilians",Attack,"Police Forces of India (2014-) Border Security Force",,"External/Other forces","Civilians (Bangladesh)",,Civilians,"External/Other forces-Civilians","Civilian targeting",50,"South Asia",Bangladesh,Chittagong,Feni,Parshuram,Parshuram,23.2114,91.4686,2,"United News of Bangladesh",National,"On 9 July 2024, members of Indian BSF shot and injured a Bangladeshi national along Baurpathar village, Parshuram upazila (Feni, Chittagong), over unknown reasons.",0,,1721157094
BGD27639,"09 July 2024",2024,1,Demonstrations,Protests,"Peaceful protest","Protesters (Bangladesh)","Labor Group (Bangladesh); Students (Bangladesh)",Protesters,,,,"Protesters only",,50,"South Asia",Bangladesh,Dhaka,Dhaka,Savar,Savar,23.8486,90.25,1,"Financial Express (Bangladesh)",National,"On 9 July 2024, students of Jahangirnagar university staged a protest rally at Dhaka-Aricha highway, Savar city (Dhaka), demanding abolition of the quota system in government jobs and the reinstatement of the 2018 circular.",0,"crowd size=no report",1721157094
BGD27640,"09 July 2024",2024,1,Demonstrations,Protests,"Peaceful protest","Protesters (Bangladesh)","Labor Group (Bangladesh); Students (Bangladesh)",Protesters,,,,"Protesters only",,50,"South Asia",Bangladesh,Chittagong,Chittagong,Pahartali,Chittagong,22.3571,91.7823,1,"New Nation (Bangladesh)",National,"On 9 July 2024, as a part of 'Bangla Blockade' program, students of Chittagong university staged a protest by blocking Dhaka-Cox's Bazar railway, Chittagong city (Pahartali), demanding abolition of the quota system in government jobs and the reinstatement of the 2018 circular.",0,"crowd size=no report",1721157094
BGD27642,"09 July 2024",2024,1,Demonstrations,Protests,"Peaceful protest","Protesters (Bangladesh)","Labor Group (Bangladesh); Students (Bangladesh)",Protesters,,,,"Protesters only",,50,"South Asia",Bangladesh,Rajshahi,Rajshahi,Boalia,Rajshahi,24.374,88.6011,1,"New Nation (Bangladesh)",National,"On 9 July 2024, as a part of 'Bangla Blockade' program, students of Rajshahi university staged a protest by blocking Dhaka-Rajshahi railway, Rajshahi city (Boalia), demanding abolition of the quota system in government jobs and the reinstatement of the 2018 circular.",0,"crowd size=no report",1721157094
BGD27643,"09 July 2024",2024,1,Demonstrations,Protests,"Peaceful protest","Protesters (Bangladesh)","Labor Group (Bangladesh); Students (Bangladesh)",Protesters,,,,"Protesters only",,50,"South Asia",Bangladesh,Mymensingh,Mymensingh,"Mymensingh Sadar",Mymensingh,24.7564,90.4065,1,"New Nation (Bangladesh)",National,"On 9 July 2024, as a part of 'Bangla Blockade' program, students of Bangladesh Agricultural University staged a protest by blocking Dhaka-Mymensingh railway, Mymensingh city (Mymensingh), demanding abolition of the quota system in government jobs and the reinstatement of the 2018 circular.",0,"crowd size=no report",1721157094
BGD27687,"09 July 2024",2024,1,Demonstrations,Protests,"Peaceful protest","Protesters (Bangladesh)",,Protesters,,,,"Protesters only",,50,"South Asia",Bangladesh,Sylhet,Sunamganj,"Sunamganj Sadar",Sunamganj,25.0688,91.4024,1,"Prothom Alo",National,"On 9 July 2024, members of a social organization staged a protest in Sunamganj city, Sunamganj Sadar (Sylhet), demanding planned initiatives to deal with flood situation in the country.",0,"crowd size=no report",1721157095
BGD27621,"09 July 2024",2024,1,Demonstrations,Protests,"Peaceful protest","Protesters (Bangladesh)","Labor Group (Bangladesh)",Protesters,,,,"Protesters only",,50,"South Asia",Bangladesh,Dhaka,Dhaka,Motijheel,"Dhaka - Motijheel",23.7363,90.4232,1,"New Age (Bangladesh)",National,"On 9 July 2024, hundreds of workers of two closed factories staged a protest rally in Dhaka - Motijheel (Motijheel), demanding immediate reopening of the factories and outstanding wages.",0,"crowd size=hundreds",1721769310
BGD27617,"08 July 2024",2024,1,Demonstrations,Protests,"Peaceful protest","Protesters (Bangladesh)","Labor Group (Bangladesh)",Protesters,,,,"Protesters only",,50,"South Asia",Bangladesh,Mymensingh,Mymensingh,"Mymensingh Sadar",Mymensingh,24.7564,90.4065,1,"United News of Bangladesh",National,"On 8 July 2024, members of Muktijoddha Santan Command staged a human chain protest at Bangladesh Agricultural University campus, Mymensingh city (Mymensingh), demanding withdrawal of the gazette notification regarding the Universal Pension Scheme.",0,"crowd size=no report",1721157094
BGD27634,"08 July 2024",2024,1,Demonstrations,Protests,"Peaceful protest","Protesters (Bangladesh)","Labor Group (Bangladesh); Students (Bangladesh)",Protesters,,,,"Protesters only",,50,"South Asia",Bangladesh,Mymensingh,Mymensingh,"Mymensingh Sadar",Mymensingh,24.7564,90.4065,1,"New Nation (Bangladesh)",National,"On 8 July 2024, as a part of 'Bangla Blockade' program, students of Bangladesh Agriculture University staged a protest at their university and blocked the Dhaka-Mymensingh railway, Mymensingh city (Mymensingh), demanding abolition of the quota system in government jobs and the reinstatement of the 2018 circular. This was the third day of the blockade.",0,"crowd size=no report",1721157094
BGD27635,"08 July 2024",2024,1,"Political violence","Violence against civilians",Attack,"Rohingya Muslim Militia (Myanmar)","Refugees/IDPs (Myanmar)","Identity militia","Civilians (Myanmar)","Refugees/IDPs (Myanmar); Rohingya Muslim Group (Myanmar)",Civilians,"Identity militia-Civilians","Civilian targeting",50,"South Asia",Bangladesh,Chittagong,"Cox's Bazar",Ukhia,Kutupalong,21.2195,92.1619,1,"Dhaka Tribune",National,"On 8 July 2024, rivals stabbed and killed a member of Rohingya community at Kutupalong refugee camp, Ukhia upazila (Cox's Bazar, Chittagong), in a targeted attack over establishing dominance at the camp.",1,,1721157094
BGD27637,"08 July 2024",2024,1,Demonstrations,Protests,"Peaceful protest","Protesters (Bangladesh)","Labor Group (Bangladesh); Students (Bangladesh)",Protesters,,,,"Protesters only",,50,"South Asia",Bangladesh,Rajshahi,Rajshahi,Boalia,Rajshahi,24.374,88.6011,1,"Financial Express (Bangladesh)",National,"On 8 July 2024, as a part of 'Bangla Blockade' program, around 600 students of Rajshahi university staged a protest by blocking Dhaka-Rajshahi rail line, Rajshahi city (Boalia), demanding abolition of the quota system in government jobs and the reinstatement of the 2018 circular.",0,"crowd size=around 600",1721157094
BGD27648,"08 July 2024",2024,1,Demonstrations,Protests,"Peaceful protest","Protesters (Bangladesh)","Labor Group (Bangladesh); Students (Bangladesh)",Protesters,,,,"Protesters only",,50,"South Asia",Bangladesh,Khulna,Kushtia,"Kushtia Sadar",Kushtia,23.9028,89.1194,1,"New Nation (Bangladesh)",National,"On 8 July 2024, students of Islamic university staged a protest at Kushtia-Khulna highway in Kushtia city, Kushtia Sadar (Khulna), demanding abolition of the quota system in government jobs and the reinstatement of the 2018 circular.",0,"crowd size=no report",1721157094
BGD27649,"08 July 2024",2024,1,Demonstrations,Protests,"Peaceful protest","Protesters (Bangladesh)","Labor Group (Bangladesh); Students (Bangladesh)",Protesters,,,,"Protesters only",,50,"South Asia",Bangladesh,Rangpur,Rangpur,"Rangpur Sadar",Rangpur,25.7466,89.2516,1,"Dhaka Tribune",National,"On 8 July 2024, as a part of 'Bangla Blockade' program, students of Rangpur Begum Rokeya university staged a protest rally in Rangpur city, Rangpur Sadar, demanding abolition of the quota system in government jobs and the reinstatement of the 2018 circular.",0,"crowd size=no report",1721157094
BGD27664,"08 July 2024",2024,1,"Political violence","Violence against civilians",Attack,"Unidentified Armed Group (Bangladesh)",,"Political militia","Civilians (Bangladesh)","Jubo League",Civilians,"Political militia-Civilians","Civilian targeting",50,"South Asia",Bangladesh,Khulna,Khulna,"Khulna Sadar",Khulna,22.8097,89.5643,2,"United News of Bangladesh",National,"On 8 July 2024, unidentified assailants hacked and killed a leader of Jubo League at Lohar Gate in East Baniakhamar, Khulna Sadar (coded as Khulna), in a targeted attack over unknown reasons.",1,,1721157094
BGD27638,"08 July 2024",2024,1,Demonstrations,Protests,"Peaceful protest","Protesters (Bangladesh)","Labor Group (Bangladesh); Students (Bangladesh)",Protesters,,,,"Protesters only",,50,"South Asia",Bangladesh,Dhaka,Dhaka,Paltan,"Dhaka - Paltan",23.7333,90.4125,1,"Financial Express (Bangladesh)",National,"On 8 July 2024, as a part of 'Bangla Blockade' program, hundreds of students and job seekers staged a protest by blocking in Dhaka - Paltan (Paltan), demanding abolition of the quota system in government jobs and the reinstatement of the 2018 circular.",0,"crowd size=hundreds",1721769310
BGD27644,"08 July 2024",2024,1,Demonstrations,Protests,"Peaceful protest","Protesters (Bangladesh)","Labor Group (Bangladesh); Students (Bangladesh)",Protesters,,,,"Protesters only",,50,"South Asia",Bangladesh,Dhaka,Dhaka,Shahbagh,"Dhaka - Shahbagh",23.7317,90.3959,1,"New Nation (Bangladesh)",National,"On 8 July 2024, as a part of 'Bangla Blockade' program, students of Dhaka University and other educational institutions staged a protest rally in Dhaka - Shahbagh (Shahbagh), demanding abolition of the quota system in government jobs and the reinstatement of the 2018 circular.",0,"crowd size=no report",1721769310
BGD27645,"08 July 2024",2024,1,Demonstrations,Protests,"Peaceful protest","Protesters (Bangladesh)","Labor Group (Bangladesh); Students (Bangladesh)",Protesters,,,,"Protesters only",,50,"South Asia",Bangladesh,Dhaka,Dhaka,Tejgaon,"Dhaka - Tejgaon",23.7626,90.3913,1,"New Nation (Bangladesh)",National,"On 8 July 2024, as a part of 'Bangla Blockade' program, students from Government Titumir College staged a protest rally in Dhaka - Tejgaon (Tejgaon), demanding abolition of the quota system in government jobs and the reinstatement of the 2018 circular.",0,"crowd size=no report",1721769310
BGD27646,"08 July 2024",2024,1,Demonstrations,Protests,"Peaceful protest","Protesters (Bangladesh)","Labor Group (Bangladesh); Students (Bangladesh)",Protesters,,,,"Protesters only",,50,"South Asia",Bangladesh,Dhaka,Dhaka,,Dhaka,23.7656,90.3879,1,"New Nation (Bangladesh)",National,"On 8 July 2024, as a part of 'Bangla Blockade' program, students from East-West university, Jagannath university, and other institutions staged a protest rally at Rampura-Badda highway, science lab intersection and Agargaon crossing in Dhaka city, demanding abolition of the quota system in government jobs and the reinstatement of the 2018 circular.",0,"crowd size=no report",1721769310
BGD27647,"08 July 2024",2024,1,Demonstrations,Protests,"Peaceful protest","Protesters (Bangladesh)","Labor Group (Bangladesh); Students (Bangladesh)",Protesters,,,,"Protesters only",,50,"South Asia",Bangladesh,Chittagong,Comilla,"Comilla Adarsha Sadar",Comilla,23.4619,91.185,1,"New Nation (Bangladesh)",National,"On 8 July 2024, as a part of 'Bangla Blockade' program, students of Comilla university staged a protest rally in Comilla city, Comilla Adarsha Sadar (Chittagong), demanding abolition of the quota system in government jobs and the reinstatement of the 2018 circular.",0,"crowd size=no report",1726526021
BGD27612,"07 July 2024",2024,1,Demonstrations,Protests,"Peaceful protest","Protesters (Bangladesh)","BMP: Women's Council of Bangladesh; Women (Bangladesh)",Protesters,,,,"Protesters only",,50,"South Asia",Bangladesh,Barisal,Barguna,Patharghata,Patharghata,22.045,89.9683,1,"Prothom Alo",National,"On 7 July 2024, members of Women's Council of Bangladesh (BMP) staged a human chain protest at Sheikh Russell Square in Patharghata city (Barguna, Barisal), over the suicide of a student, following her rape.",0,"crowd size=no report",1721157094
BGD27630,"07 July 2024",2024,1,Demonstrations,Protests,"Peaceful protest","Protesters (Bangladesh)","Labor Group (Bangladesh); Students (Bangladesh)",Protesters,,,,"Protesters only",,50,"South Asia",Bangladesh,Barisal,Barisal,"Barisal Sadar",Barisal,22.705,90.3701,1,"United News of Bangladesh",National,"On 7 July 2024, students of Barisal university staged a protest at Dhaka-Barishal highway in Barisal city, Barisal Sadar, demanding abolition of the quota system in government jobs and the reinstatement of the 2018 circular.",0,"crowd size=no report",1721157094
BGD27631,"07 July 2024",2024,1,Demonstrations,Protests,"Peaceful protest","Protesters (Bangladesh)","Labor Group (Bangladesh); Students (Bangladesh)",Protesters,,,,"Protesters only",,50,"South Asia",Bangladesh,Khulna,Kushtia,"Kushtia Sadar",Kushtia,23.9028,89.1194,2,"United News of Bangladesh",National,"On 7 July 2024, students of Islamic university staged a protest at Kushtia-Khulna highway (coded as Kushtia city, Kushtia Sadar, Khulna), demanding abolition of the quota system in government jobs and the reinstatement of the 2018 circular.",0,"crowd size=no report",1721157094
BGD27633,"07 July 2024",2024,1,Demonstrations,Protests,"Peaceful protest","Protesters (Bangladesh)","Labor Group (Bangladesh); Students (Bangladesh)",Protesters,,,,"Protesters only",,50,"South Asia",Bangladesh,Dhaka,Dhaka,Savar,Savar,23.8486,90.25,1,"Financial Express (Bangladesh)",National,"On 7 July 2024, students of Jahangirnagar university staged a protest rally at Dhaka-Aricha highway, Savar city (Dhaka), demanding abolition of the quota system in government jobs and the reinstatement of the 2018 circular.",0,"crowd size=no report",1721157094
BGD27669,"07 July 2024",2024,1,"Political violence",Battles,"Armed clash","ULA/AA: United League of Arakan/Arakan Army",,"Rebel group","Military Forces of Myanmar (2021-)",,"External/Other forces","Rebel group-External/Other forces",,50,"South Asia",Bangladesh,Chittagong,"Cox's Bazar",Teknaf,Teknaf,20.8583,92.2977,2,"Dhaka Tribune",National,"On 7 July 2024, members of Arakan Army (AA) and military forces of Myanmar engaged in a gunfight along the Bangladesh border area, which led to firing of a mortar that landed near Naf river, Teknaf upazila (Cox's Bazar, Chittagong), killing 1 and injuring 2 Rohingya community members.",1,,1721157094
BGD27684,"07 July 2024",2024,1,"Political violence",Riots,"Mob violence","Rioters (Bangladesh)",,Rioters,"Rioters (Bangladesh)",,Rioters,Rioters-Rioters,,50,"South Asia",Bangladesh,Dhaka,Narsingdi,Raipura,Amirganj,23.9224,90.7676,1,"Prothom Alo",National,"On 7 July 2024, supporters of two Union Parishad members clashed using guns, and cocktails bombs in Amirganj town (Raipura upazila, Narsingdi, Dhaka), over establishing dominance, and sand business in the area. At least 4 people were injured, and several buses were vandalized during the clash.",0,"crowd size=no report",1721157095
BGD27627,"07 July 2024",2024,1,Demonstrations,Protests,"Peaceful protest","Protesters (Bangladesh)","Labor Group (Bangladesh); Students (Bangladesh)",Protesters,,,,"Protesters only",,50,"South Asia",Bangladesh,Dhaka,Dhaka,,Dhaka,23.7656,90.3879,1,"United News of Bangladesh",National,"On 7 July 2024, students of Dhaka college staged a protest rally at Science Lab intersection, Dhaka city, demanding abolition of the quota system in government jobs and the reinstatement of the 2018 circular.",0,"crowd size=no report",1721769310
BGD27628,"07 July 2024",2024,1,Demonstrations,Protests,"Peaceful protest","Protesters (Bangladesh)","Labor Group (Bangladesh); Students (Bangladesh)",Protesters,,,,"Protesters only",,50,"South Asia",Bangladesh,Dhaka,Dhaka,Shahbagh,"Dhaka - Shahbagh",23.7317,90.3959,1,"United News of Bangladesh",National,"On 7 July 2024, thousands of students of Dhaka University, Dhaka College, Eden College and other nearby colleges staged a protest rally in Dhaka - Shahbagh (Shahbagh), demanding abolition of the quota system in government jobs and the reinstatement of the 2018 circular.",0,"crowd size=thousands",1721769310
BGD27679,"07 July 2024",2024,1,"Political violence",Riots,"Mob violence","Rioters (Bangladesh)","Jubo League",Rioters,"Rioters (Bangladesh)","Jubo League",Rioters,Rioters-Rioters,,50,"South Asia",Bangladesh,Dhaka,Tangail,Mirzapur,Hathobhanga,24.1219,90.1745,1,"New Nation (Bangladesh)",National,"On 7 July 2024, two groups of Jubo League engaged in a factional clash in Gogai industrial area, Hathobhanga town (Mirzapur upazila, Tangail, Dhaka), over occupying CNG station and levying tolls on Gogai-Sakhipur-Dhaka road. At least 10 people were injured in the clash.",0,"crowd size=no report",1723576772
BGD27629,"07 July 2024",2024,1,Demonstrations,Protests,"Peaceful protest","Protesters (Bangladesh)","Labor Group (Bangladesh); Students (Bangladesh)",Protesters,,,,"Protesters only",,50,"South Asia",Bangladesh,Chittagong,Comilla,"Comilla Adarsha Sadar",Comilla,23.4619,91.185,1,"United News of Bangladesh",National,"On 7 July 2024, students of Comilla university staged a protest at Kotbari Bishwa Road in Comilla city, Comilla Adarsha Sadar (Chittagong), demanding abolition of the quota system in government jobs and the reinstatement of the 2018 circular.",0,"crowd size=no report",1726526021
BGD27623,"06 July 2024",2024,1,Demonstrations,Protests,"Peaceful protest","Protesters (Bangladesh)","Labor Group (Bangladesh); Students (Bangladesh)",Protesters,,,,"Protesters only",,50,"South Asia",Bangladesh,Dhaka,Dhaka,Savar,Savar,23.8486,90.25,1,"Financial Express (Bangladesh)",National,"On 6 July 2024, under the banner of 'Anti-Discriminatory Students Movement', students of Jahangirnagar university staged a protest rally at Dhaka - Aricha highway, Savar city (Dhaka), demanding abolition of the quota system in government jobs and the reinstatement of the 2018 circular.",0,"crowd size=no report",1721157094
BGD27624,"06 July 2024",2024,1,Demonstrations,Protests,"Peaceful protest","Protesters (Bangladesh)","Labor Group (Bangladesh); Students (Bangladesh)",Protesters,,,,"Protesters only",,50,"South Asia",Bangladesh,Dhaka,Tangail,"Tangail Sadar",Tangail,24.2498,89.9166,1,"Financial Express (Bangladesh)",National,"On 6 July 2024, students of Mawlana Bhashani Science and Technology University staged a protest rally at Ashekpur bypass, Tangail city, Tangail Sadar (Dhaka), demanding abolition of the quota system in government jobs and the reinstatement of the 2018 circular.",0,"crowd size=no report",1721157094
BGD27625,"06 July 2024",2024,1,Demonstrations,Protests,"Peaceful protest","Protesters (Bangladesh)","Labor Group (Bangladesh); Students (Bangladesh)",Protesters,,,,"Protesters only",,50,"South Asia",Bangladesh,Rajshahi,Rajshahi,Boalia,Rajshahi,24.374,88.6011,1,"Financial Express (Bangladesh)",National,"On 6 July 2024, students of Rajshahi university staged a protest rally at Rajshahi-Natore highway, Rajshahi city (Boalia), demanding abolition of the quota system in government jobs and the reinstatement of the 2018 circular.",0,"crowd size=no report",1721157094
BGD27636,"06 July 2024",2024,1,Demonstrations,Protests,"Peaceful protest","Protesters (Bangladesh)","Labor Group (Bangladesh); Students (Bangladesh)",Protesters,,,,"Protesters only",,50,"South Asia",Bangladesh,Mymensingh,Mymensingh,"Mymensingh Sadar",Mymensingh,24.7564,90.4065,1,"New Nation (Bangladesh)",National,"On 6 July 2024, students of Bangladesh Agriculture University staged a protest by blocking Dhaka-Mymensingh railway, Mymensingh city (Mymensingh), demanding abolition of the quota system in government jobs and the reinstatement of the 2018 circular. The blockade continued for three days.",0,"crowd size=no report",1721157094
BGD27611,"06 July 2024",2024,1,Demonstrations,Protests,"Peaceful protest","Protesters (Bangladesh)","AL: Bangladesh Awami League",Protesters,,,,"Protesters only",,50,"South Asia",Bangladesh,Dhaka,Dhaka,Paltan,"Dhaka - Paltan",23.7333,90.4125,1,"New Age (Bangladesh)",National,"On 6 July 2024, members of Awami League (AL) and relatives of a deceased AL leader staged a human chain protest in front of National Press Club, Dhaka - Paltan (Paltan), demanded punishment for those involved in the killing of Awami League lawmaker in India.",0,"crowd size=no report",1721769310
BGD27626,"06 July 2024",2024,1,Demonstrations,Protests,"Peaceful protest","Protesters (Bangladesh)","Labor Group (Bangladesh); Students (Bangladesh)",Protesters,,,,"Protesters only",,50,"South Asia",Bangladesh,Dhaka,Dhaka,Shahbagh,"Dhaka - Shahbagh",23.7317,90.3959,1,"Financial Express (Bangladesh)",National,"On 6 July 2024, students and job seekers staged a protest rally in Dhaka - Shahbagh (Shahbagh), demanding abolition of the quota system in government jobs and the reinstatement of the 2018 circular.",0,"crowd size=no report",1721769310
BGD27653,"06 July 2024",2024,1,"Political violence","Violence against civilians",Attack,"Unidentified Armed Group (Bangladesh)",,"Political militia","Civilians (Bangladesh)","AL: Bangladesh Awami League; Government of Bangladesh (2009-2024)",Civilians,"Political militia-Civilians","Civilian targeting",50,"South Asia",Bangladesh,Khulna,Khulna,Dumuria,Dumuria,22.795,89.4198,2,"United News of Bangladesh",National,"On 6 July 2024, unidentified assailants shot and killed an Awami League Union Parishad chairman at Gutudiya Wapda Bridge, Dumuria upazila (Khulna), in a targeted attack over unknown reasons.",1,"local administrators",1724113673
BGD27592,"05 July 2024",2024,1,Demonstrations,Protests,"Peaceful protest","Protesters (Bangladesh)","Labor Group (Bangladesh); Students (Bangladesh)",Protesters,,,,"Protesters only",,50,"South Asia",Bangladesh,Dhaka,Dhaka,Savar,Savar,23.8486,90.25,1,"Dhaka Tribune",National,"On 5 July 2024, students of Jahangirnagar university staged a human chain protest in front of the university in Savar city (Dhaka), with four-point demands, including the cancellation of the quota system in government jobs and reinstatement of the 2018 circular.",0,"crowd size=no report",1720552457
BGD27593,"05 July 2024",2024,1,Demonstrations,Protests,"Peaceful protest","Protesters (Bangladesh)","Labor Group (Bangladesh); Students (Bangladesh)",Protesters,,,,"Protesters only",,50,"South Asia",Bangladesh,Dhaka,Tangail,"Tangail Sadar",Tangail,24.2498,89.9166,1,"Daily Star (Bangladesh)",National,"On 5 July 2024, students of Bhashani university staged a protest rally in Tangail city, Tangail Sadar (Dhaka), against the reinstatement of the quota system in government jobs.",0,"crowd size=no report",1720552457
BGD27595,"05 July 2024",2024,1,Demonstrations,Protests,"Peaceful protest","Protesters (Bangladesh)","Labor Group (Bangladesh); Students (Bangladesh)",Protesters,,,,"Protesters only",,50,"South Asia",Bangladesh,Chittagong,Chittagong,Pahartali,Chittagong,22.3571,91.7823,1,"Prothom Alo",National,"On 5 July 2024, students of Chittagong university staged a protest rally in Chittagong city (Pahartali), against the reinstatement of the quota system in government jobs.",0,"crowd size=no report",1720552457
BGD27596,"05 July 2024",2024,1,Demonstrations,Protests,"Peaceful protest","Protesters (Bangladesh)","Labor Group (Bangladesh); Students (Bangladesh)",Protesters,,,,"Protesters only",,50,"South Asia",Bangladesh,Khulna,Khulna,"Khulna Sadar",Khulna,22.8097,89.5643,1,"Prothom Alo",National,"On 5 July 2024, students of Khulna university staged a protest rally in Khulna city, Khulna Sadar, against the reinstatement of the quota system in government jobs.",0,"crowd size=no report",1720552457
BGD27597,"05 July 2024",2024,1,Demonstrations,Protests,"Peaceful protest","Protesters (Bangladesh)","Labor Group (Bangladesh); Students (Bangladesh)",Protesters,,,,"Protesters only",,50,"South Asia",Bangladesh,Dhaka,Gopalganj,Kashiani,Gopalganj,23.1666,89.9166,1,"Prothom Alo",National,"On 5 July 2024, students of BSMRUST university staged a protest rally in Gopalganj city, Kashiani (Dhaka), against the reinstatement of the quota system in government jobs.",0,"crowd size=no report",1720552457
BGD27613,"05 July 2024",2024,1,Demonstrations,Protests,"Peaceful protest","Protesters (Bangladesh)","BNP: Bangladesh Nationalist Party",Protesters,,,,"Protesters only",,50,"South Asia",Bangladesh,Rajshahi,Natore,Baraigram,Bonpara,24.2946,89.0801,1,"New Age (Bangladesh)",National,"On 5 July 2024, over 100 members of BNP staged a protest rally in front of Bonpara fire service, in Bonpara town, Baraigram upazila (Natore, Rajshahi), against the prior assault on a BNP leader by members of Awami League (coded separately).",0,"crowd size=over 100",1721157094
BGD27619,"05 July 2024",2024,1,Demonstrations,Protests,"Peaceful protest","Protesters (Bangladesh)","Labor Group (Bangladesh)",Protesters,,,,"Protesters only",,50,"South Asia",Bangladesh,Dhaka,Dhaka,Paltan,"Dhaka - Paltan",23.7333,90.4125,1,"New Age (Bangladesh)",National,"On 5 July 2024, members of Garments Sramik Front staged a protest rally in front of National Press Club, Dhaka - Paltan (Paltan), demanding introduction of the rationing system for garment workers.",0,"crowd size=no report",1721769310
BGD27615,"05 July 2024",2024,1,Demonstrations,Protests,"Peaceful protest","Protesters (Bangladesh)","GM: Ganatantra Mancha; JSD: Jatiya Samajtantrik Dal",Protesters,,,,"Protesters only",,50,"South Asia",Bangladesh,Dhaka,Dhaka,Paltan,"Dhaka - Paltan",23.7333,90.4125,1,"New Age (Bangladesh)",National,"On 5 July 2024, members of Ganatantra Mancha staged a protest rally in front of National Press Club, Dhaka - Paltan (Paltan), while members of JSD staged a separate protest, against the deals and memorandum of understandings signed with India during the recent visit of Prime Minister.",0,"crowd size=no report",1722965596
BGD27568,"04 July 2024",2024,1,Demonstrations,Protests,"Peaceful protest","Protesters (Bangladesh)","BKL: Bangladesh Farmer League; Farmers (Bangladesh)",Protesters,,,,"Protesters only",,50,"South Asia",Bangladesh,Rajshahi,Rajshahi,Boalia,Rajshahi,24.374,88.6011,1,"Prothom Alo",National,"On 4 July 2024, members of Krishak League staged a human chain and then a protest rally in Rajshahi city (Boalia), against the remarks of former minister on the prior killing of an Awami League leader (coded separately) and against the harassment of a freedom fighter.",0,"crowd size=no report",1720552457
BGD27586,"04 July 2024",2024,1,Demonstrations,Protests,"Peaceful protest","Protesters (Bangladesh)","Labor Group (Bangladesh); Students (Bangladesh)",Protesters,,,,"Protesters only",,50,"South Asia",Bangladesh,Barisal,Barisal,"Barisal Sadar",Barisal,22.705,90.3701,1,"Financial Express (Bangladesh)",National,"On 4 July 2024, students of Barisal university staged a protest at the main gate of campus in Barisal city (Barisal Sadar), demanding cancellation of the freedom fighter quota system in government jobs.",0,"crowd size=no report",1720552457
BGD27588,"04 July 2024",2024,1,Demonstrations,Protests,"Peaceful protest","Protesters (Bangladesh)","Labor Group (Bangladesh); Students (Bangladesh)",Protesters,,,,"Protesters only",,50,"South Asia",Bangladesh,Khulna,Kushtia,"Kushtia Sadar",Kushtia,23.9028,89.1194,1,"Financial Express (Bangladesh)",National,"On 4 July 2024, on the second day, students of Islamic university staged a protest at Kushtia-Khulna highway in Kushtia city, Kushtia Sadar (Khulna), demanding cancellation of the freedom fighter quota system in government jobs.",0,"crowd size=no report",1720552457
BGD27590,"04 July 2024",2024,1,Demonstrations,Protests,"Peaceful protest","Protesters (Bangladesh)","Labor Group (Bangladesh); Students (Bangladesh)",Protesters,,,,"Protesters only",,50,"South Asia",Bangladesh,Rajshahi,Rajshahi,Boalia,Rajshahi,24.374,88.6011,1,"Dhaka Tribune",National,"On 4 July 2024, students of Rajshahi university staged a protest at Dhaka-Rajshahi highway in Rajshahi city, (Boalia), following Supreme Court upheld the High Court's verdict that declared the decision to cancel the quota system, including the first and second-class freedom fighter quota in government jobs, illegal.",0,"crowd size=no report",1720552457
BGD27598,"04 July 2024",2024,1,Demonstrations,Protests,"Peaceful protest","Protesters (Bangladesh)","Teachers (Bangladesh)",Protesters,,,,"Protesters only",,50,"South Asia",Bangladesh,Dhaka,Dhaka,Savar,Savar,23.8486,90.25,1,"Financial Express (Bangladesh)",National,"On 4 July 2024, teachers of Jahangirnahar university staged a sit-in protest amidst an ongoing strike on campus in Savar city (Dhaka), demanding withdrawal of the 'Prottoy Scheme' notification under the Universal Pension Scheme.",0,"crowd size=no report",1720552457
BGD27605,"04 July 2024",2024,1,Demonstrations,Protests,"Peaceful protest","Protesters (Bangladesh)",,Protesters,,,,"Protesters only",,50,"South Asia",Bangladesh,Mymensingh,Mymensingh,"Mymensingh Sadar",Mymensingh,24.7564,90.4065,1,"Prothom Alo",National,"On 4 July 2024, residents staged a human chain protest in Mymensingh city (Mymensingh Sadar), demanding excavation work in Amlapara residential area to make it suitable for public use.",0,"crowd size=no report",1720552457
BGD27594,"04 July 2024",2024,1,Demonstrations,Protests,"Peaceful protest","Protesters (Bangladesh)","Labor Group (Bangladesh); Students (Bangladesh)",Protesters,,,,"Protesters only",,50,"South Asia",Bangladesh,Dhaka,Dhaka,Shahbagh,"Dhaka - Shahbagh",23.7317,90.3959,1,"Daily Star (Bangladesh)",National,"On 4 July 2024, hundreds of students staged a protest at Dhaka university, Dhaka - Shahbagh (Shahbagh), after a student was forced out of residential hall by members of BCL, for participating in anti-quota movement.",0,"crowd size=hundreds",1721769310
BGD27575,"04 July 2024",2024,1,Demonstrations,Protests,"Peaceful protest","Protesters (Bangladesh)","Labor Group (Bangladesh)",Protesters,,,,"Protesters only",,50,"South Asia",Bangladesh,Dhaka,Dhaka,Uttara,"Dhaka - Uttara",23.869,90.3942,1,"Prothom Alo",National,"On 4 July 2024, workers of a factory staged a protest in front of the house of the factory owner in Dhaka - Uttara (Uttara), demanding their due salaries.",0,"crowd size=no report",1722376559
BGD27589,"04 July 2024",2024,1,Demonstrations,Protests,"Peaceful protest","Protesters (Bangladesh)","Labor Group (Bangladesh); Students (Bangladesh)",Protesters,,,,"Protesters only",,50,"South Asia",Bangladesh,Chittagong,Comilla,"Comilla Adarsha Sadar",Comilla,23.4619,91.185,1,"Dhaka Tribune",National,"On 4 July 2024, students of Comilla university staged a protest at Dhaka-Chittagong highway following in Comilla city, Comilla Adarsha Sadar (Chittagong), demanding cancellation of the freedom fighter quota system in government jobs.",0,"crowd size=no report",1726526021
BGD27564,"04 July 2024",2024,1,"Political violence",Riots,"Mob violence","Rioters (Bangladesh)","Vigilante Group (Bangladesh)",Rioters,"Civilians (Bangladesh)",,Civilians,Rioters-Civilians,"Civilian targeting",50,"South Asia",Bangladesh,Khulna,Kushtia,Daulatpur,Daulatpur,24.0047,88.8757,2,"Prothom Alo",National,"On 4 July 2024, villagers assaulted and killed a young man in Mahishkundi Purva Para village, Daulatpur upazila (Kushtia, Khulna), on suspicion of being a thief.",1,"crowd size=no report",1728420940
BGD27556,"03 July 2024",2024,1,"Political violence","Violence against civilians",Attack,"Rohingya Muslim Militia (Myanmar)","Refugees/IDPs (Myanmar)","Identity militia","Civilians (Myanmar)","Refugees/IDPs (Myanmar); Rohingya Muslim Group (Myanmar)",Civilians,"Identity militia-Civilians","Civilian targeting",50,"South Asia",Bangladesh,Chittagong,"Cox's Bazar",Ukhia,Ukhiya,21.245,92.1375,2,"Prothom Alo",National,"On 3 July 2024, Rohingya militants attacked and killed a member of Rohingya community in Madhurchhara Shelter Camp, Ukhia upazila (coded as Ukhiya, Cox's Bazar, Chittagong), over a suspected previous enmity.",1,,1720552457
BGD27565,"03 July 2024",2024,1,Demonstrations,Protests,"Peaceful protest","Protesters (Bangladesh)","AL: Bangladesh Awami League",Protesters,,,,"Protesters only",,50,"South Asia",Bangladesh,Mymensingh,Jamalpur,Madarganj,Madarganj,24.8951,89.7187,2,"Prothom Alo",National,"On 3 July 2024, supporters of Awami League upazila parishad chairman staged a human chain and protest rally in Balijuri Bazar area, Madarganj upazila (Jamalpur, Mymensingh), demanding release of the upazila chairman detained in a prior murder case. The detainee was on bail since 2020.",0,"crowd size=no report",1720552457
BGD27584,"03 July 2024",2024,1,Demonstrations,Protests,"Peaceful protest","Protesters (Bangladesh)","Labor Group (Bangladesh); Students (Bangladesh)",Protesters,,,,"Protesters only",,50,"South Asia",Bangladesh,Dhaka,Dhaka,Savar,Savar,23.8486,90.25,1,"Financial Express (Bangladesh)",National,"On 3 July 2024, students of Jahangirnagar university staged a protest at Dhaka - Aricha highway, Savar city (Dhaka), against the reinstatement of quotas in first and second-class government positions.",0,"crowd size=no report",1720552457
BGD27587,"03 July 2024",2024,1,Demonstrations,Protests,"Peaceful protest","Protesters (Bangladesh)","Labor Group (Bangladesh); Students (Bangladesh)",Protesters,,,,"Protesters only",,50,"South Asia",Bangladesh,Khulna,Kushtia,"Kushtia Sadar",Kushtia,23.9028,89.1194,1,"Financial Express (Bangladesh)",National,"On 3 July 2024, students of Islamic university staged a protest at Kushtia-Khulna highway in Kushtia city, Kushtia Sadar (Khulna), demanding cancellation of the freedom fighter quota system in government jobs.",0,"crowd size=no report",1720552457
BGD27591,"03 July 2024",2024,1,Demonstrations,Protests,"Peaceful protest","Protesters (Bangladesh)","Labor Group (Bangladesh); Students (Bangladesh)",Protesters,,,,"Protesters only",,50,"South Asia",Bangladesh,Mymensingh,Mymensingh,"Mymensingh Sadar",Mymensingh,24.7564,90.4065,1,"Dhaka Tribune",National,"On 3 July 2024, more than 300 students of BAU university staged a protest by blocking a commuter train at Abdul Jabbar intersection, Mymensingh city (Mymensingh Sadar), demanding the abolition of quota system in government jobs.",0,"crowd size=more than 300",1720552457
BGD27606,"03 July 2024",2024,1,Demonstrations,Protests,"Protest with intervention","Protesters (Bangladesh)","BNP: Bangladesh Nationalist Party",Protesters,"Rioters (Bangladesh)","AL: Bangladesh Awami League",Rioters,Rioters-Protesters,,50,"South Asia",Bangladesh,Rajshahi,Natore,"Natore Sadar",Natore,24.4111,88.9867,1,"United News of Bangladesh",National,"On 3 July 2024, members of Awami League assaulted and injured BNP members with sharp weapons in Natore town, Natore Sadar (Rajshahi), during the demonstration of BNP demanding unconditional release of party chairperson. 7 members of BNP were injured in the assault.",0,"crowd size=no report",1720552457
BGD27607,"03 July 2024",2024,1,Demonstrations,Protests,"Protest with intervention","Protesters (Bangladesh)","BNP: Bangladesh Nationalist Party; JSD: Jatiyatabadi Swechchhasebak Dal",Protesters,"Rioters (Bangladesh)","AL: Bangladesh Awami League",Rioters,Rioters-Protesters,,50,"South Asia",Bangladesh,Barisal,Patuakhali,"Patuakhali Sadar",Patuakhali,22.3683,90.3458,1,"New Age (Bangladesh)",National,"On 3 July 2024, members of Awami League assaulted and injured BNP members with sharp weapons in Patuakhali town, Patuakhali Sadar (Barisal), during the demonstration of BNP demanding unconditional release of party chairperson. Several members of BNP, including a leader of JSD were injured in the assault.",0,"crowd size=no report",1720552457
BGD27670,"03 July 2024",2024,1,"Strategic developments","Strategic developments",Other,"Civilians (Bangladesh)","Bawm Ethnic Goup (Bangladesh); Christian Group (Bangladesh)",Civilians,,,,"Civilians only",,50,"South Asia",Bangladesh,Chittagong,Chittagong,Pahartali,Chittagong,22.3571,91.7823,2,"Times of India",Regional,"Displacement: On 3 July 2024, 140-150 refugees belonging to Bawm ethnicity crossed the border from Bangladesh to India into Lawngtlai district, Mizoram (coded as Chittagong city, Pahartali upazila, Chittagong), amid ongoing clashes between Bangladesh military and Kuki-Chin militants.",0,,1721157094
BGD27570,"03 July 2024",2024,1,Demonstrations,Protests,"Peaceful protest","Protesters (Bangladesh)","Dalit Caste Group (Bangladesh); Former CPB: Communist Party of Bangladesh; JMC: National Freedom Fighter Council; JSD: Jatiya Samajtantrik Dal; Students (Bangladesh)",Protesters,,,,"Protesters only",,50,"South Asia",Bangladesh,Dhaka,Dhaka,,Dhaka,23.7656,90.3879,1,"Prothom Alo",National,"On 3 July 2024, members of several political and social organizations including former CPB, National Freedom Fighter Council, Samajtantrik Dal (JSD), students and members of Dalit caste staged a protest rally in Dhaka city, demanding that the land of Mironjilla Colony be allotted in the name of Harijan (Dalit) community.",0,"crowd size=no report",1721769310
BGD27585,"03 July 2024",2024,1,Demonstrations,Protests,"Peaceful protest","Protesters (Bangladesh)","Labor Group (Bangladesh); Students (Bangladesh)",Protesters,,,,"Protesters only",,50,"South Asia",Bangladesh,Dhaka,Dhaka,Shahbagh,"Dhaka - Shahbagh",23.7317,90.3959,1,"United News of Bangladesh",National,"On 3 July 2024, thousands of students of different colleges and universities of Dhaka staged a protest in Dhaka - Shahbagh (Shahbagh), against the reinstatement of quotas in first and second-class government positions.",0,"crowd size=thousands",1721769310
BGD27604,"03 July 2024",2024,1,Demonstrations,Protests,"Peaceful protest","Protesters (Bangladesh)",,Protesters,,,,"Protesters only",,50,"South Asia",Bangladesh,Dhaka,Dhaka,Paltan,"Dhaka - Paltan",23.7333,90.4125,1,"Dhaka Tribune",National,"On 3 July 2024, residents of Mironjilla Sweeper Colony staged a protest in front of National Press Club, Dhaka - Paltan (Paltan), against the demolition of their housing colony by the government. Protesters claimed that no one is renting them houses because they belong to sweeper colony.",0,"crowd size=no report",1721769310
BGD27555,"02 July 2024",2024,1,"Political violence",Battles,"Armed clash","ARSA: Arakan Rohingya Salvation Army",,"Rebel group","RSO: Rohingya Solidarity Organization",,"Rebel group","Rebel group-Rebel group",,50,"South Asia",Bangladesh,Chittagong,"Cox's Bazar",Ukhia,Ukhiya,21.245,92.1375,2,"United News of Bangladesh",National,"On 2 July 2024, members of ARSA and RSO engaged in a gunfight at E/3 Block of Rohingya camp-14, Ukhia upazila (coded as Ukhiya, Cox's Bazar, Chittagong), over establishing dominance. A member of Rohingya community was killed and two others were left injured in the clash.",1,,1720552457
BGD27561,"02 July 2024",2024,1,"Political violence",Riots,"Mob violence","Rioters (Bangladesh)","Labor Group (Bangladesh)",Rioters,"Civilians (Bangladesh)","Labor Group (Bangladesh)",Civilians,Rioters-Civilians,"Civilian targeting",50,"South Asia",Bangladesh,Rangpur,Panchagarh,Boda,Boda,26.1998,88.5552,1,"Prothom Alo",National,"On 2 July 2024, members of Upazila Three Wheeler and CNG Owners Association assaulted and injured a member of Panchagarh District Bus and Minibus Workers' Union in Boda upazila town (Panchagarh, Rangpur), over establishing supremacy in controlling routes in the area.",0,"crowd size=no report",1720552457
BGD27567,"02 July 2024",2024,1,Demonstrations,Protests,"Peaceful protest","Protesters (Bangladesh)","Bengali Ethnic Group (Bangladesh)",Protesters,,,,"Protesters only",,50,"South Asia",Bangladesh,Khulna,Kushtia,"Kushtia Sadar",Kushtia,23.9028,89.1194,2,"Prothom Alo",National,"On 2 July 2024, followers of a Bengali spiritual leader staged a human chain protest in Chheuriya area, Kushtia Sadar upazila (coded as Kushtia, Khulna), against the demolishing of spiritual leader's house and demanded reconstruction and exemplary punishment for the culprits.",0,"crowd size=no report",1720552457
BGD27571,"02 July 2024",2024,1,Demonstrations,Protests,"Peaceful protest","Protesters (Bangladesh)","Journalists (Bangladesh)",Protesters,,,,"Protesters only",,50,"South Asia",Bangladesh,Rajshahi,Pabna,"Pabna Sadar",Pabna,24.0064,89.2372,1,"Dhaka Tribune",National,"On 2 July 2024, journalists of different media outlets at Pabna University of Science and Technology staged a human chain protest on campus in Pabna city (Pabna Sadar, Rajshahi), against the assault on a fellow journalist by zilla parishad member (coded separately).",0,"crowd size=no report",1720552457
BGD27572,"02 July 2024",2024,1,Demonstrations,Protests,"Peaceful protest","Protesters (Bangladesh)","Journalists (Bangladesh)",Protesters,,,,"Protesters only",,50,"South Asia",Bangladesh,Khulna,Jhenaidah,"Jhenaidah Sadar",Jhenaidah,23.5425,89.1749,1,"Dhaka Tribune",National,"On 2 July 2024, journalists staged a human chain protest at the post office intersection in Jhenaidah city, Jhenaidah Sadar (Khulna), against the assault on a fellow journalist by executive engineer of Jhenaidah West Zone Power Distribution Company.",0,"crowd size=no report",1720552457
BGD27573,"02 July 2024",2024,1,Demonstrations,Protests,"Peaceful protest","Protesters (Bangladesh)","Labor Group (Bangladesh)",Protesters,,,,"Protesters only",,50,"South Asia",Bangladesh,Rangpur,Panchagarh,"Panchagarh Sadar",Panchagarh,26.3334,88.5578,1,"Prothom Alo",National,"On 2 July 2024, members of Panchagarh District Bus and Minibus Workers' Union staged a protest in Panchagarh city, Panchagarh Sadar (Rangpur), against the assault on their member by members of Three Wheeler and CNG Owners Association (coded separately).",0,"crowd size=no report",1720552457
BGD27578,"02 July 2024",2024,1,Demonstrations,Protests,"Peaceful protest","Protesters (Bangladesh)","Labor Group (Bangladesh); Students (Bangladesh)",Protesters,,,,"Protesters only",,50,"South Asia",Bangladesh,Barisal,Barisal,"Barisal Sadar",Barisal,22.705,90.3701,1,"United News of Bangladesh",National,"On 2 July 2024, students of Barisal university staged a protest rally at Dhaka - Barisal highway, Barisal city (Barisal Sadar), demanded cancellation of all quotas in government jobs except those for people with disability and ethnic groups.",0,"crowd size=no report",1720552457
BGD27582,"02 July 2024",2024,1,Demonstrations,Protests,"Peaceful protest","Protesters (Bangladesh)","Labor Group (Bangladesh); Students (Bangladesh)",Protesters,,,,"Protesters only",,50,"South Asia",Bangladesh,Rajshahi,Rajshahi,Boalia,Rajshahi,24.374,88.6011,1,"New Age (Bangladesh)",National,"On 2 July 2024, about a hundred students of Rajshahi university staged a human chain protest in Rajshahi city (Boalia), demanding cancellation of the High Court order to reinstate 30 per cent job quota for freedom fighters' children and grandchildren.",0,"crowd size=about a hundred",1720552457
BGD27583,"02 July 2024",2024,1,Demonstrations,Protests,"Peaceful protest","Protesters (Bangladesh)","Labor Group (Bangladesh); Students (Bangladesh)",Protesters,,,,"Protesters only",,50,"South Asia",Bangladesh,Chittagong,Chittagong,Hathazari,Fatehpur,22.4822,91.8142,1,"New Age (Bangladesh)",National,"On 2 July 2024, students of Rajshahi university staged a human chain protest in Fatehpur union, Hathazari upazila (Chittagong), demanding cancellation of the High Court order to reinstate 30 per cent job quota for freedom fighters' children and grandchildren.",0,"crowd size=no report",1720552457
BGD27610,"02 July 2024",2024,1,Demonstrations,Riots,"Violent demonstration","Rioters (Bangladesh)","Labor Group (Bangladesh)",Rioters,"Rioters (Bangladesh)","Labor Group (Bangladesh)",Rioters,Rioters-Rioters,,50,"South Asia",Bangladesh,Barisal,Barisal,"Barisal Sadar",Barisal,22.705,90.3701,1,"Dhaka Tribune",National,"On 2 July 2024, members of two groups of employee organizations clashed using chairs at Barisal university, Barisal city (Barisal Sadar), during their demonstration against inclusion of public universities in the universal pension scheme over who represented the organization of officers at the demonstration. At least 8 people were injured in the clash.",0,"crowd size=no report",1720552457
BGD27576,"02 July 2024",2024,1,Demonstrations,Protests,"Peaceful protest","Protesters (Bangladesh)","LDA: Left Democratic Alliance",Protesters,,,,"Protesters only",,50,"South Asia",Bangladesh,Dhaka,Dhaka,Paltan,"Dhaka - Paltan",23.7333,90.4125,1,"Dhaka Tribune",National,"On 2 July 2024, members of Left Democratic Alliance staged a protest rally in Dhaka - Paltan (Paltan), demanding prevention of corruption, looting, money laundering, bank robberies, and etc.",0,"crowd size=no report",1721769310
BGD27581,"02 July 2024",2024,1,Demonstrations,Protests,"Peaceful protest","Protesters (Bangladesh)","Labor Group (Bangladesh); Students (Bangladesh)",Protesters,,,,"Protesters only",,50,"South Asia",Bangladesh,Dhaka,Dhaka,Shahbagh,"Dhaka - Shahbagh",23.7317,90.3959,1,"New Age (Bangladesh)",National,"On 2 July 2024, students of Dhaka university staged a protest rally in Dhaka - Shahbagh (Shahbagh), demanding cancellation of the High Court order to reinstate 30 per cent job quota for freedom fighters' children and grandchildren.",0,"crowd size=no report",1721769310
BGD27599,"02 July 2024",2024,1,Demonstrations,Protests,"Peaceful protest","Protesters (Bangladesh)","Labor Group (Bangladesh); Teachers (Bangladesh)",Protesters,,,,"Protesters only",,50,"South Asia",Bangladesh,Dhaka,Dhaka,Shahbagh,"Dhaka - Shahbagh",23.7317,90.3959,1,"Dhaka Tribune",National,"On 2 July 2024, teachers and employees of Dhaka university staged a sit-in protest at Dhaka university, Dhaka - Shahbagh (Shahbagh), demanding withdrawal of the gazette notification on the universal pension scheme.",0,"crowd size=no report",1721769310
BGD27609,"02 July 2024",2024,1,Demonstrations,Riots,"Violent demonstration","Rioters (Bangladesh)","Labor Group (Bangladesh)",Rioters,"Police Forces of Bangladesh (2009-2024)",,"State forces","State forces-Rioters",,50,"South Asia",Bangladesh,Dhaka,Gazipur,Sreepur,Sreepur,24.1987,90.439,2,"Dhaka Tribune",National,"On 2 July 2024, hundreds of factory workers clashed with police forces using bricks at Dhaka - Mymensingh highway in Sreepur upazila (Gazipur, Dhaka), during their demonstration demanding payment of bonuses and accrued annual leave. Police used batons, rubber bullets and tear gas during the clash. At least 7 people including police personnel were injured in the incident.",0,"crowd size=hundreds",1726526021
BGD27579,"02 July 2024",2024,1,Demonstrations,Protests,"Peaceful protest","Protesters (Bangladesh)","Labor Group (Bangladesh); Students (Bangladesh); ADSM: Anti-Discrimination Student Movement",Protesters,,,,"Protesters only",,50,"South Asia",Bangladesh,Dhaka,Dhaka,Savar,Savar,23.8486,90.25,1,"Dhaka Tribune",National,"On 2 July 2024, under the banner of the 'Anti-Discrimination Student Movement', students of Jahangirnagar university staged a protest rally in Savar city (Dhaka), demanding cancellation of the quota system in government jobs.",0,"crowd size=no report",1728407772
BGD27580,"02 July 2024",2024,1,Demonstrations,Protests,"Peaceful protest","Protesters (Bangladesh)","Labor Group (Bangladesh); Students (Bangladesh); ADSM: Anti-Discrimination Student Movement",Protesters,,,,"Protesters only",,50,"South Asia",Bangladesh,Dhaka,Dhaka,Kotwali,"Dhaka - Kotwali",23.7106,90.4088,1,"Dhaka Tribune",National,"On 2 July 2024, under the banner of the 'Anti-Discrimination Student Movement', students of Jagannath university staged a protest rally in Dhaka - Kotwali (Kotwali), demanding cancellation of the quota system in government jobs.",0,"crowd size=no report",1728407772
BGD27601,"01 July 2024",2024,1,Demonstrations,Protests,"Peaceful protest","Protesters (Bangladesh)",,Protesters,,,,"Protesters only",,50,"South Asia",Bangladesh,Sylhet,Habiganj,"Habiganj Sadar",Habiganj,24.3804,91.413,1,"Prothom Alo",National,"On 1 July 2024, residents staged a human chain protest in Habiganj city, Habiganj Sadar (Sylhet), against the construction of a multi-storey market by filling a pond next to the main road.",0,"crowd size=no report",1720552457
BGD27602,"01 July 2024",2024,1,Demonstrations,Protests,"Peaceful protest","Protesters (Bangladesh)",,Protesters,,,,"Protesters only",,50,"South Asia",Bangladesh,Rangpur,Dinajpur,Birganj,Birganj,25.8623,88.6539,2,"Prothom Alo",National,"On 1 July 2024, parents of students staged a human chain protest in Banglabazar area, Birganj upazila (Dinajpur, Rangpur), over the suspected irregularities by the Headmaster and the Upazila Secondary Education Officer regarding the election of the president of the management committee.",0,"crowd size=no report",1720552457
BGD27608,"01 July 2024",2024,1,Demonstrations,Riots,"Violent demonstration","Rioters (Bangladesh)","AL: Bangladesh Awami League",Rioters,,,,"Rioters only",,50,"South Asia",Bangladesh,Mymensingh,Jamalpur,Madarganj,Madarganj,24.8951,89.7187,1,"Prothom Alo",National,"On 1 July 2024, supporters of Awami League upazila parishad chairman staged a demonstration by throwing tree trunks on a road in Madarganj city (Jamalpur, Mymensingh), demanding release of the upazila chairman detained in a prior murder case. The detainee was on bail since 2020.",0,"crowd size=no report",1720552457
BGD27651,"01 July 2024",2024,1,Demonstrations,Protests,"Peaceful protest","Protesters (Bangladesh)","Labor Group (Bangladesh); Students (Bangladesh)",Protesters,,,,"Protesters only",,50,"South Asia",Bangladesh,Rajshahi,Rajshahi,Boalia,Rajshahi,24.374,88.6011,1,"New Age (Bangladesh)",National,"On 1 July 2024, for the second consecutive day, students of Rajshahi university staged a human chain protest in Rajshahi city (Boalia), demanding cancellation of the High Court order to reinstate 30 per cent job quota for freedom fighters' children and grandchildren.",0,"crowd size=no report",1721157094
BGD27558,"01 July 2024",2024,1,"Political violence",Riots,"Mob violence","Rioters (Bangladesh)","Government of Bangladesh (2009-2024)",Rioters,"Civilians (Bangladesh)","Journalists (Bangladesh)",Civilians,Rioters-Civilians,"Civilian targeting",50,"South Asia",Bangladesh,Rajshahi,Pabna,"Pabna Sadar",Pabna,24.0064,89.2372,1,"Dhaka Tribune",National,"On 1 July 2024, zilla parishad member and his accomplices assaulted and injured a journalist at the office of the Zilla Parishad CEO, Pabna city (Pabna Sadar, Rajshahi), when the journalist requested a meeting with the CEO.",0,"crowd size=no report",1724113673
BGD27557,"01 July 2024",2024,1,"Political violence",Riots,"Mob violence","Rioters (Bangladesh)","AL: Bangladesh Awami League; BCL: Bangladesh Chhatra League; Students (Bangladesh)",Rioters,"Rioters (Bangladesh)","AL: Bangladesh Awami League; Jubo League",Rioters,Rioters-Rioters,,50,"South Asia",Bangladesh,Barisal,Barisal,Gaurnadi,Gaurnadi,22.9728,90.2171,1,"Prothom Alo",National,"On 1 July 2024, supporters of two leaders of Awami League, including Chhatra League (BCL), clashed and detonated bombs at Gaurnadi bus stand, Gaurnadi upazila (Barisal), over electoral rivalry on upazila parishad elections. At least 2 people including a member of Jubo League was injured in the clash.",0,"crowd size=no report",1725414467
BGD27577,"01 July 2024",2024,1,Demonstrations,Protests,"Peaceful protest","Protesters (Bangladesh)","Labor Group (Bangladesh); Students (Bangladesh); ADSM: Anti-Discrimination Student Movement",Protesters,,,,"Protesters only",,50,"South Asia",Bangladesh,Dhaka,Dhaka,Shahbagh,"Dhaka - Shahbagh",23.7317,90.3959,1,"New Nation (Bangladesh)",National,"On 1 July 2024, under the banner of the 'Anti-Discrimination Student Movement', thousands of students of Dhaka university staged a protest rally on campus in Dhaka - Shahbagh (Shahbagh), demanding cancellation of the quota system in government jobs.",0,"crowd size=thousands",1728407772
BGD27560,"30 June 2024",2024,1,"Political violence",Riots,"Mob violence","Rioters (Bangladesh)","Jubo League",Rioters,"Civilians (Bangladesh)","Labor Group (Bangladesh)",Civilians,Rioters-Civilians,"Civilian targeting",50,"South Asia",Bangladesh,Chittagong,Chittagong,Pahartali,Chittagong,22.3571,91.7823,1,"Prothom Alo",National,"On 30 June 2024, 25-30 supporters of local Jubo League leader vandalized the office of Public Works Contractors Association and assaulted the contractor in Chittagong city (Pahartali), over a dispute regarding expulsion of a member from contractors' association.",0,"crowd size=25-30",1720552457
BGD27574,"30 June 2024",2024,1,Demonstrations,Protests,"Peaceful protest","Protesters (Bangladesh)","Labor Group (Bangladesh)",Protesters,,,,"Protesters only",,50,"South Asia",Bangladesh,Dhaka,Narsingdi,Shibpur,Shibpur,24.0414,90.7374,2,"Prothom Alo",National,"On 30 June 2024, workers of Aduri Garments staged a protest at Baritla area, Shibpur upazila (Narsingdi, Dhaka), demanding payment of outstanding dues.",0,"crowd size=no report",1720552457
BGD27652,"30 June 2024",2024,1,Demonstrations,Protests,"Peaceful protest","Protesters (Bangladesh)","Labor Group (Bangladesh); Students (Bangladesh)",Protesters,,,,"Protesters only",,50,"South Asia",Bangladesh,Rajshahi,Rajshahi,Boalia,Rajshahi,24.374,88.6011,1,"New Age (Bangladesh)",National,"On 30 June 2024, students of Rajshahi university staged a human chain protest in Rajshahi city (Boalia), demanding cancellation of the High Court order to reinstate 30 per cent job quota for freedom fighters' children and grandchildren.",0,"crowd size=no report",1721157094
BGD27559,"29 June 2024",2024,1,"Political violence",Riots,"Mob violence","Rioters (Bangladesh)","Joginimura Namapara Communal Group (Bangladesh)",Rioters,"Civilians (Bangladesh)","Farmers (Bangladesh); Joginimura Namapara Communal Group (Bangladesh)",Civilians,Rioters-Civilians,"Civilian targeting",50,"South Asia",Bangladesh,Mymensingh,Sherpur,"Sherpur Sadar",Sherpur,25.0188,90.0175,1,"United News of Bangladesh",National,"On 29 June 2024, rivals assaulted and killed a farmer and injured 3 others in Joginimura Namapara area, Sherpur Sadar upazila (coded as Sherpur, Mymensingh), following an argument over a land dispute.",1,"crowd size=no report",1720552457
BGD27562,"29 June 2024",2024,1,"Political violence",Riots,"Mob violence","Rioters (Bangladesh)","Manikpur Communal Group (Bangladesh)",Rioters,"Rioters (Bangladesh)","Manikpur Communal Group (Bangladesh)",Rioters,Rioters-Rioters,,50,"South Asia",Bangladesh,Dhaka,Kishoregonj,Karimganj,Karimganj,24.4678,90.8705,2,"New Nation (Bangladesh)",National,"On 29 June 2024, rival groups clashed at Manikpur village, Karimganj upazila (Kishoregonj, Dhaka), over a land dispute. At least 45 people were injured in the clash.",0,"crowd size=no report",1720552457
BGD27566,"29 June 2024",2024,1,Demonstrations,Protests,"Peaceful protest","Protesters (Bangladesh)","BCL: Bangladesh Chhatra League; Students (Bangladesh)",Protesters,,,,"Protesters only",,50,"South Asia",Bangladesh,Chittagong,Brahmanbaria,"Brahmanbaria Sadar",Brahmanbaria,23.9746,91.1123,1,"Prothom Alo",National,"On 29 June 2024, supporters of a Chhatra League (BCL) leader killed over electoral rivalry amid upazila elections (coded separately) staged a human chain protest in front of Brahmanbaria Press Club, Brahmanbaria Sadar (Chittagong), demanding arrest of the accused.",0,"crowd size=no report",1720552457
BGD27603,"29 June 2024",2024,1,Demonstrations,Protests,"Peaceful protest","Protesters (Bangladesh)",,Protesters,,,,"Protesters only",,50,"South Asia",Bangladesh,Rajshahi,Rajshahi,Boalia,Rajshahi,24.374,88.6011,1,"Prothom Alo",National,"On 29 June 2024, freedom fighters staged a human chain protest in Rajshahi city (Boalia), demanding arrest of the accused in the prior killing of a BCL leader over electoral rivalry amid upazila elections (coded separately).",0,"crowd size=no report",1720552457
BGD27569,"29 June 2024",2024,1,Demonstrations,Protests,"Peaceful protest","Protesters (Bangladesh)","BNP: Bangladesh Nationalist Party",Protesters,,,,"Protesters only",,50,"South Asia",Bangladesh,Dhaka,Dhaka,Paltan,"Dhaka - Paltan",23.7333,90.4125,1,"United News of Bangladesh",National,"On 29 June 2024, thousands of BNP members staged a protest rally in Dhaka - Paltan (Paltan), demanding unconditional release of the party chairperson.",0,"crowd size=thousands",1721769310
BGD27600,"29 June 2024",2024,1,Demonstrations,Protests,"Peaceful protest","Protesters (Bangladesh)",,Protesters,,,,"Protesters only",,50,"South Asia",Bangladesh,Dhaka,Dhaka,Shahbagh,"Dhaka - Shahbagh",23.7317,90.3959,1,"New Age (Bangladesh)",National,"On 29 June 2024, rights activists staged a protest rally in front of national museum, Dhaka - Shahbagh (Shahbagh), demanding exemplary punishment for people engaged in corruption in the country.",0,"crowd size=no report",1721769310
BGD27535,"28 June 2024",2024,1,"Political violence",Riots,"Mob violence","Rioters (Bangladesh)","AL: Bangladesh Awami League",Rioters,"Civilians (Bangladesh)","Labor Group (Bangladesh)",Civilians,Rioters-Civilians,"Civilian targeting",50,"South Asia",Bangladesh,Rangpur,Kurigram,Ulipur,Ulipur,25.6769,89.5987,2,"Prothom Alo",National,"On 28 June 2024, a leader of Awami League along with his accomplices assaulted 4 workers of rural electricity board at their office in Tabakpur union, Ulipur upazila (Kurigram, Rangpur), after the team went to AL leader's house to recover outstanding bills. They also took away emergency equipment from the office.",0,"crowd size=no report",1719939612
BGD27536,"28 June 2024",2024,1,Demonstrations,Protests,"Peaceful protest","Protesters (Bangladesh)","ASL: Bangladesh Awami Swechchasebak League; BJSL: Bangladesh Jatiya Sramik League; Jubo League; Labor Group (Bangladesh)",Protesters,,,,"Protesters only",,50,"South Asia",Bangladesh,Rajshahi,Rajshahi,Boalia,Rajshahi,24.374,88.6011,1,"Dhaka Tribune",National,"On 28 June 2024, members of Jubo League, Sramik League (BJSL), and ASL staged a protest rally in Rajshahi city (Boalia), against the prior killing of an Awami League leader (coded separately) and demanded justice.",0,"crowd size=no report",1719939612
BGD27541,"28 June 2024",2024,1,Demonstrations,Protests,"Peaceful protest","Protesters (Bangladesh)","Labor Group (Bangladesh)",Protesters,,,,"Protesters only",,50,"South Asia",Bangladesh,Dhaka,Dhaka,Paltan,"Dhaka - Paltan",23.7333,90.4125,1,"New Age (Bangladesh)",National,"On 28 June 2024, members of Bangladesh Garment Sramik Samhati staged a protest rally in front of National Press Club, Dhaka - Paltan (Paltan), demanding the government to have budgetary allocation for introduction of a rationing system for garment workers.",0,"crowd size=no report",1721769310
BGD27533,"27 June 2024",2024,1,Demonstrations,Protests,"Peaceful protest","Protesters (Bangladesh)","Journalists (Bangladesh)",Protesters,,,,"Protesters only",,50,"South Asia",Bangladesh,Khulna,Khulna,"Khulna Sadar",Khulna,22.8097,89.5643,1,"Prothom Alo",National,"On 27 June 2024, members of Khulna Professional Journalist Protection Forum staged a human chain protest in Khulna city (Khulna Sadar), demanding reinvestigation and justice in the murder case of a journalist, who was killed 20 years ago.",0,"crowd size=no report",1719939612
BGD27550,"27 June 2024",2024,1,"Political violence","Violence against civilians",Attack,"Unidentified Armed Group (Bangladesh)",,"Political militia","Civilians (Myanmar)","Refugees/IDPs (Myanmar); Rohingya Muslim Group (Myanmar)",Civilians,"Political militia-Civilians","Civilian targeting",50,"South Asia",Bangladesh,Chittagong,"Cox's Bazar",Ukhia,Balukhali,21.1876,92.1673,1,"Dhaka Tribune",National,"On 27 June 2024, 3-4 unidentified assailants stabbed and killed a Rohingya community man at Balukhali refugee camp, Ukhia upazila (Cox's Bazar, Chittagong), in a targeted attack suspected to be over establishing dominance.",1,,1719939612
BGD27553,"27 June 2024",2024,1,Demonstrations,Protests,"Peaceful protest","Protesters (Bangladesh)",,Protesters,,,,"Protesters only",,50,"South Asia",Bangladesh,Sylhet,Sylhet,Companiganj,Companiganj,25.0937,91.7487,2,"Prothom Alo",National,"On 27 June 2024, locals staged a road-block protest at Sylhet-Campaniganj-Bhola highway in Companiganj upazila (Sylhet), against the arrest of a 10th grade student on suspicion of being involved in illegal stone theft.",0,"crowd size=no report",1719939612
BGD27622,"27 June 2024",2024,1,"Political violence",Riots,"Mob violence","Rioters (Bangladesh)","AL: Bangladesh Awami League",Rioters,"Civilians (Bangladesh)","AL: Bangladesh Awami League",Civilians,Rioters-Civilians,"Civilian targeting",50,"South Asia",Bangladesh,Rajshahi,Rajshahi,Bagha,Bagha,24.1978,88.8464,2,"Prothom Alo",National,"On 27 June 2024, members of Awami League assaulted another member of Awami League in Bagha upazila (Rajshahi), during the funeral prayer of an Awami League leader. Victim was assaulted over his remarks regarding the deceased leader.",0,"crowd size=no report",1721157094
BGD27546,"27 June 2024",2024,1,"Political violence","Violence against civilians",Attack,"Unidentified Armed Group (Bangladesh)",,"Political militia","Civilians (Bangladesh)","AL: Bangladesh Awami League",Civilians,"Political militia-Civilians","Civilian targeting",50,"South Asia",Bangladesh,Dhaka,Narayanganj,"Narayanganj Sadar",Fatullah,23.6383,90.48,1,"Daily Star (Bangladesh)",National,"On 27 June 2024, assailants hacked and killed an Awami League leader and injured 2 of his sons in Fatullah town, Narayanganj Sadar (Dhaka), with homemade lethal weapons, in a targeted attack over a conflict related to the brick and sand business.",1,,1721769310
BGD27542,"27 June 2024",2024,1,Demonstrations,Riots,"Violent demonstration","Rioters (Bangladesh)","AL: Bangladesh Awami League",Rioters,"Police Forces of Bangladesh (2009-2024)",,"State forces","State forces-Rioters",,50,"South Asia",Bangladesh,Khulna,Jhenaidah,Shailkupa,Shailkupa,23.684,89.2422,1,"Prothom Alo",National,"On 27 June 2024, members of Awami League staged a demonstration and clashed with police forces at Shailkupa police station (Jhenaidah, Khulna), against the arrest of an Awamil League leader in a prior case. Demonstrators threw bricks at police personnel whereas police fired rubber bullets. At least 25 people, including police personnel were injured in the clash.",0,"crowd size=no report",1724113673
BGD27545,"27 June 2024",2024,1,"Political violence","Violence against civilians",Attack,"Unidentified Armed Group (Bangladesh)",,"Political militia","Civilians (Bangladesh)","AL: Bangladesh Awami League; Government of Bangladesh (2009-2024); Teachers (Bangladesh)",Civilians,"Political militia-Civilians","Civilian targeting",50,"South Asia",Bangladesh,Rajshahi,"Chapai Nababganj",Shibganj,Shibganj,24.685,88.1564,2,"Daily Star (Bangladesh)",National,"On 27 June 2024, suspected supporters of a former chairman of union parishad shot and killed an Awami League zilla parishad member and a teacher in Shibganj upazila (Chapai Nababganj, Rajshahi), in a targeted attack over a long standing feud regarding establishing dominance in the area. 2 others were also injured in the attack.",2,"local administrators",1724113673
BGD27554,"27 June 2024",2024,1,"Political violence",Riots,"Mob violence","Rioters (Bangladesh)",,Rioters,"Civilians (Bangladesh)","Government of Bangladesh (2009-2024)",Civilians,Rioters-Civilians,"Civilian targeting",50,"South Asia",Bangladesh,Rangpur,Rangpur,Badarganj,Badarganj,25.6741,89.0537,2,"Prothom Alo",National,"On 27 June 2024, 5 locals assaulted and injured two forest department officials in Bishnupur union, Badarganj upazila (Rangpur), to recover land claimed by the forest department.",0,"crowd size=5",1724113673
BGD27531,"26 June 2024",2024,1,Demonstrations,Riots,"Violent demonstration","Rioters (Bangladesh)","AL: Bangladesh Awami League",Rioters,,,,"Rioters only",,50,"South Asia",Bangladesh,Rajshahi,Rajshahi,Bagha,Bagha,24.1978,88.8464,2,"Prothom Alo",National,"On 26 June 2024, members of Awami League staged a demonstration by burning tires in Bagha upazila (Rajshahi), against the killing of an Awami League leader during a factional clash over upazila parishad elections (coded separately).",0,"crowd size=no report",1719939612
BGD27544,"26 June 2024",2024,1,"Political violence","Violence against civilians",Attack,"AL: Bangladesh Awami League",,"Political militia","Civilians (Bangladesh)","AL: Bangladesh Awami League",Civilians,"Political militia-Civilians","Civilian targeting",50,"South Asia",Bangladesh,Dhaka,Munshiganj,"Munshiganj Sadar",Mollakandi,23.4666,90.5166,1,"Prothom Alo",National,"On 26 June 2024, 10-12 supporters of the Awami League union parishad chairman shot and injured 5 supporters of former Awami League chairman in Mollakandi union (Munshiganj Sadar, Dhaka), in a targeted attack over a prior dispute on establishing dominance in the area.",0,,1719939612
BGD27525,"26 June 2024",2024,1,Demonstrations,Protests,"Peaceful protest","Protesters (Bangladesh)","CPB: Communist Party of Bangladesh",Protesters,,,,"Protesters only",,50,"South Asia",Bangladesh,Dhaka,Dhaka,Paltan,"Dhaka - Paltan",23.7333,90.4125,1,"New Age (Bangladesh)",National,"On 26 June 2024, members of Communist Party of Bangladesh staged a protest rally in Dhaka - Paltan (Paltan), against the Awami League government and claimed that the government was involved in corrupt practices.",0,"crowd size=no report",1721769310
BGD27543,"26 June 2024",2024,1,"Political violence",Battles,"Armed clash","Military Forces of Bangladesh (2009-2024)","Police Forces of Bangladesh (2009-2024)","State forces","KNF: Kuki-Chin National Front",,"Political militia","State forces-Political militia",,50,"South Asia",Bangladesh,Chittagong,Bandarban,Thanchi,Thanchi,21.8222,92.4986,2,"Prothom Alo",National,"On 26 June 2024, joint police and military forces conducted an operation and engaged in a gunfight with members of KNF in Simplangpipara area of Tajingdong Hill, Thanchi upazila (Bandarban, Chittagong). 1 member of KNF was killed, and 2 locals were injured in the clash.",1,,1724113673
BGD27563,"26 June 2024",2024,1,"Political violence",Riots,"Mob violence","Rioters (Bangladesh)","Former Government of Bangladesh (2009-2024); Muslim Group (Bangladesh)",Rioters,"Civilians (Bangladesh)","Bengali Ethnic Group (Bangladesh); Women (Bangladesh)",Civilians,Rioters-Civilians,"Civilian targeting",50,"South Asia",Bangladesh,Khulna,Kushtia,"Kushtia Sadar","Bottol Takimara",23.8734,89.1071,1,"Dhaka Tribune",National,"On 26 June 2024, following the announcement from a local mosque, locals including a former Union Parishad member vandalized the house of a Bengali spiritual leader and assaulted his wife in Bottol Takimara village, Kushtia Sadar upazila (Khulna), over unknown reasons. One person who assaulted them had built a new house in the area.",0,"crowd size=no report; women targeted: relatives of targeted groups or persons",1724113673
BGD27540,"25 June 2024",2024,1,Demonstrations,Protests,"Peaceful protest","Protesters (Bangladesh)","Labor Group (Bangladesh)",Protesters,,,,"Protesters only",,50,"South Asia",Bangladesh,Sylhet,Sylhet,Companiganj,Companiganj,25.0937,91.7487,2,"United News of Bangladesh",National,"On 25 June 2024, transport workers staged a road-block protest at various roads in Companiganj upazila (Sylhet), against the arrest of three workers on suspicion of being involved in stealing white stone.",0,"crowd size=no report",1719939612
BGD27548,"25 June 2024",2024,1,Demonstrations,Protests,"Peaceful protest","Protesters (Bangladesh)","Teachers (Bangladesh)",Protesters,,,,"Protesters only",,50,"South Asia",Bangladesh,Dhaka,Dhaka,Kotwali,"Dhaka - Kotwali",23.7106,90.4088,1,"Prothom Alo",National,"On 25 June 2024, teachers of Jagannath university staged a protest on campus in Dhaka - Kotwali (Kotwali), demanding individual pay scale.",0,"crowd size=no report",1721769310
BGD27549,"25 June 2024",2024,1,Demonstrations,Protests,"Peaceful protest","Protesters (Bangladesh)","WPB: Workers Party of Bangladesh",Protesters,,,,"Protesters only",,50,"South Asia",Bangladesh,Dhaka,Dhaka,Paltan,"Dhaka - Paltan",23.7333,90.4125,1,"New Age (Bangladesh)",National,"On 25 June 2024, members of Workers Party of Bangladesh staged a protest rally in front of National Press Club, Dhaka - Paltan (Paltan), with several demands, including introduction of universal rationing system, and stricter punishments for corruption.",0,"crowd size=no report",1721769310
BGD27551,"25 June 2024",2024,1,"Political violence",Riots,"Mob violence","Rioters (Bangladesh)",,Rioters,,,,"Rioters only",,50,"South Asia",Bangladesh,Dhaka,Dhaka,Paltan,"Dhaka - Paltan",23.7333,90.4125,1,"Daily Star (Bangladesh)",National,"On 25 June 2024, unidentified persons exploded two crude bombs in front of BNP office in Dhaka - Paltan (Paltan), over unknown reasons. Casualties unknown.",0,"crowd size=no report",1721769310
BGD27532,"25 June 2024",2024,1,"Political violence",Riots,"Mob violence","Rioters (Bangladesh)","AL: Bangladesh Awami League",Rioters,"Police Forces of Bangladesh (2009-2024)",,"State forces","State forces-Rioters",,50,"South Asia",Bangladesh,Chittagong,Noakhali,"Noakhali Sadar",Noakhali,22.8667,91.1,2,"Prothom Alo",National,"On 25 June 2024, members of Awami League assaulted police personnel and snatched an accused, who is the son of former Union Parishad chairman, in Shantirhat bazar of Underchar union, Noakhali Sadar upazila (coded as Noakhali, Chittagong). An ASI of police force was injured in the incident. Following the incident, police forces raided and detained 5 people.",0,"crowd size=no report",1724113673
BGD27530,"24 June 2024",2024,1,"Political violence",Riots,"Mob violence","Rioters (Bangladesh)","AL: Bangladesh Awami League",Rioters,"Rioters (Bangladesh)","AL: Bangladesh Awami League",Rioters,Rioters-Rioters,,50,"South Asia",Bangladesh,Dhaka,Munshiganj,Gazaria,Gazaria,23.5417,90.5934,2,"New Age (Bangladesh)",National,"On 24 June 2024, two groups of Awami League, supporting rival candidates in upazila elections, clashed using guns in Gazaria upazila (Munshiganj, Dhaka), over establishing supremacy following the elections. At least 9 people were injured in the clash.",0,"crowd size=no report",1719939612
BGD27538,"24 June 2024",2024,1,Demonstrations,Protests,"Peaceful protest","Protesters (Bangladesh)","Labor Group (Bangladesh)",Protesters,,,,"Protesters only",,50,"South Asia",Bangladesh,Dhaka,Dhaka,,Dhaka,23.7656,90.3879,1,"United News of Bangladesh",National,"On 24 June 2024, employees of BUET university staged a protest in front of VC office on campus in Dhaka city, demanding withdrawal of the notification issued regarding their promotion.",0,"crowd size=no report",1721769310
BGD27534,"24 June 2024",2024,1,"Political violence","Violence against civilians",Attack,"Unidentified Armed Group (Bangladesh)",,"Political militia","Civilians (Bangladesh)","Former Government of Bangladesh (2009-2024); Jubo League",Civilians,"Political militia-Civilians","Civilian targeting",50,"South Asia",Bangladesh,Khulna,Khulna,"Khulna Sadar",Khulna,22.8097,89.5643,1,"United News of Bangladesh",National,"On 24 June 2024, unidentified bike-borne assailants shot and killed a former UP member, who is also a leader of Jubo League, near KUET Pocket Gate area, Khulna city (Khulna Sadar), in a targeted attack over unknown reasons.",1,"local administrators",1724113673
BGD27528,"23 June 2024",2024,1,"Political violence",Riots,"Mob violence","Rioters (Bangladesh)","AL: Bangladesh Awami League",Rioters,"Rioters (Bangladesh)","AL: Bangladesh Awami League",Rioters,Rioters-Rioters,,50,"South Asia",Bangladesh,Dhaka,Munshiganj,Gazaria,Gazaria,23.5417,90.5934,2,"New Age (Bangladesh)",National,"On 23 June 2024, two groups of Awami League, supporting rival candidates in upazila elections, clashed in Gazaria upazila (Munshiganj, Dhaka), during the 75th founding anniversary celebrations, over establishing dominance.",0,"crowd size=no report",1719939612
BGD27527,"22 June 2024",2024,1,Demonstrations,Riots,"Violent demonstration","Rioters (Bangladesh)","AL: Bangladesh Awami League",Rioters,,,,"Rioters only",,50,"South Asia",Bangladesh,Dhaka,Munshiganj,Tongibari,Tongibari,23.5103,90.4557,2,"Prothom Alo",National,"On 22 June 2024, thousands of Awami League members staged a demonstration by burning tires on a road in Tongibari upazila (Munshiganj, Dhaka), demanding cancellation of Tongogara upazila Awamil League committee.",0,"crowd size=thousands",1719939612
BGD27529,"22 June 2024",2024,1,"Political violence","Violence against civilians",Attack,"Unidentified Armed Group (Bangladesh)",,"Political militia","Civilians (Bangladesh)",,Civilians,"Political militia-Civilians","Civilian targeting",50,"South Asia",Bangladesh,Dhaka,Narsingdi,Raipura,Raipura,23.9511,90.8687,2,"Prothom Alo",National,"On 22 June 2024, suspected supporters of a vice chairman candidate assaulted and killed the rival candidate in Charanchal area, Raipura upazila (Narsingdi, Dhaka), in a targeted attack over electoral rivalry during upazila parishad elections.",1,,1719939612
BGD27537,"22 June 2024",2024,1,"Political violence",Riots,"Mob violence","Rioters (Bangladesh)","Labor Group (Bangladesh)",Rioters,"Rioters (Bangladesh)","Labor Group (Bangladesh)",Rioters,Rioters-Rioters,,50,"South Asia",Bangladesh,Rajshahi,Natore,"Natore Sadar",Natore,24.4111,88.9867,1,"United News of Bangladesh",National,"On 22 June 2024, two groups of transport workers clashed using guns at Natore bus terminal in Natore town (Natore Sadar, Rajshahi), over establishing supremacy. At least 7 people were injured in the clash.",0,"crowd size=no report",1719939612
BGD27539,"22 June 2024",2024,1,"Political violence",Riots,"Mob violence","Rioters (Bangladesh)",,Rioters,"Rioters (Bangladesh)",,Rioters,Rioters-Rioters,,50,"South Asia",Bangladesh,Dhaka,Narsingdi,Raipura,Raipura,23.9511,90.8687,2,"Prothom Alo",National,"On 22 June 2024, following the killing of a vice chairman candidate for upazila elections (coded separately), supporters of rival candidates clashed using guns and cocktail bombs in Etiwanda area, Raipura upazila (Narsingdi, Dhaka), over electoral rivalry. 1 person was injured in the clash.",0,"crowd size=no report",1719939612
BGD27547,"22 June 2024",2024,1,Demonstrations,Riots,"Violent demonstration","Rioters (Bangladesh)","AL: Bangladesh Awami League; Government of Bangladesh (2009-2024)",Rioters,"Rioters (Bangladesh)","AL: Bangladesh Awami League; Police Forces of Bangladesh (2009-2024)",Rioters,Rioters-Rioters,,50,"South Asia",Bangladesh,Rajshahi,Rajshahi,Bagha,Bagha,24.1978,88.8464,2,"Prothom Alo; United News of Bangladesh",National,"On 22 June 2024, two rival groups belonging to Awami League staged separate demonstrations in Bagha upazila (Rajshahi), over a factional dispute related to suspected irregularities, misconduct, nepotism and corruption by the Bagha municipality mayor. During the demonstrations, members of both groups clashed using crude bombs. 1 person was killed and at least 30 people, including the municipality mayor, were injured. Police fired tear gas shells to disperse the clashing members.",1,"crowd size=no report; local administrators",1724113673
BGD27526,"21 June 2024",2024,1,"Political violence","Violence against civilians",Attack,"Unidentified Armed Group (Bangladesh)",,"Political militia","Civilians (Bangladesh)","Jubo League",Civilians,"Political militia-Civilians","Civilian targeting",50,"South Asia",Bangladesh,Rajshahi,Pabna,Sujanagar,Sujanagar,23.9245,89.4247,2,"United News of Bangladesh",National,"On 21 June 2024, suspected supporters of upazila chairman hacked and killed a supporter of the former chairman, who is a member of Jubo League, in front of Raninagar club, Sujanagar upazila (Pabna, Rajshahi), in a targeted attack over electoral rivalry amid upazila parishad elections.",1,,1719939612
BGD27422,"21 June 2024",2024,1,Demonstrations,Protests,"Peaceful protest","Protesters (Bangladesh)","BSP: Bangladesh Sanatan Party; Hindu Group (Bangladesh)",Protesters,,,,"Protesters only",,50,"South Asia",Bangladesh,Dhaka,Dhaka,Paltan,"Dhaka - Paltan",23.7333,90.4125,1,"New Age (Bangladesh)",National,"On 21 June 2024, members of Sanatan Party staged a protest rally in front of National Press Club, Dhaka - Paltan (Paltan), urging the education ministry to reschedule the Higher Secondary Examination for July 7, which coincides with a religious festival of the Hindu community.",0,"crowd size=no report",1721769310
BGD27452,"20 June 2024",2024,1,Demonstrations,Protests,"Peaceful protest","Protesters (Bangladesh)",,Protesters,,,,"Protesters only",,50,"South Asia",Bangladesh,Khulna,Jhenaidah,"Jhenaidah Sadar",Jhenaidah,23.5425,89.1749,1,"Prothom Alo",National,"On 20 June 2024, cultural activists of various organizations staged a human chain protest in Jhenaidah city, Jhenaidah Sadar (Khulna), demanding release of an Awami League leader detained in a murder case of an MP.",0,"crowd size=no report",1719352712
BGD27423,"20 June 2024",2024,1,Demonstrations,Protests,"Peaceful protest","Protesters (Bangladesh)","Dalit Caste Group (Bangladesh)",Protesters,,,,"Protesters only",,50,"South Asia",Bangladesh,Dhaka,Dhaka,Shahbagh,"Dhaka - Shahbagh",23.7317,90.3959,1,"New Age (Bangladesh)",National,"On 20 June 2024, members of Harijan community (Dalit caste) staged a protest rally in front of central shaheed minar, Dhaka - Shahbagh (Shahbagh), demanding rehabilitation before eviction from Miranzilla sweepers' colony and submitted a memorandum to prime minister in this regard.",0,"crowd size=no report",1721769310
BGD27400,"20 June 2024",2024,1,"Political violence",Riots,"Mob violence","Rioters (Bangladesh)","Jubo League",Rioters,"Civilians (Bangladesh)",,Civilians,Rioters-Civilians,"Civilian targeting",50,"South Asia",Bangladesh,Barisal,Barisal,Gaurnadi,Gaurnadi,22.9728,90.2171,1,"Prothom Alo",National,"On 20 June 2024, a Jubo League leader along with 4-5 accomplices assaulted and injured a supporter of mayoral candidate in Gaurnadi municipality (Barisal), over electoral rivalry amid upazila parishad elections.",0,"crowd size=4-5",1725414467
BGD27388,"19 June 2024",2024,1,"Political violence","Violence against civilians",Attack,"Unidentified Armed Group (Bangladesh)",,"Political militia","Civilians (Bangladesh)","Journalists (Bangladesh)",Civilians,"Political militia-Civilians","Civilian targeting",50,"South Asia",Bangladesh,Khulna,Kushtia,"Kushtia Sadar",Kushtia,23.9028,89.1194,1,"Dhaka Tribune",National,"On 19 June 2024, at least 10-15 people assaulted and severely injured a journalist with hockey sticks in Kushtia city (Kushtia Sadar, Khulna), in a targeted attack over unknown reasons. Police suspect a local dispute behind the incident.",0,,1720552457
BGD27426,"19 June 2024",2024,1,Demonstrations,Protests,"Peaceful protest","Protesters (Bangladesh)","Journalists (Bangladesh)",Protesters,,,,"Protesters only",,50,"South Asia",Bangladesh,Khulna,Kushtia,"Kushtia Sadar",Kushtia,23.9028,89.1194,1,"Dhaka Tribune",National,"On 19 June 2024, journalists belonging to Kushtia Press Club staged a protest rally in Kushtia city (Kushtia Sadar, Khulna), against the attack on a journalists by unidentified assailants over unknown reasons.",0,"crowd size=no report",1720552457
BGD27408,"19 June 2024",2024,1,"Political violence",Riots,"Mob violence","Rioters (Bangladesh)",,Rioters,"Rioters (Bangladesh)","Police Forces of Bangladesh (2009-2024)",Rioters,Rioters-Rioters,,50,"South Asia",Bangladesh,Dhaka,Narsingdi,"Narsingdi Sadar",Narsingdi,23.923,90.7177,2,"Prothom Alo",National,"On 19 June 2024, two local groups clashed using guns in Alipura village of Nazarpur union, Narsingdi Sadar upazila (coded as Narsingdi, Dhaka), after a long-standing dispute over establishing dominance in the area. At least 6 people were injured in the clash, including an SI of police force.",0,"crowd size=no report",1724113673
BGD27380,"18 June 2024",2024,1,"Political violence",Battles,"Armed clash","PCJSS-MNL: Parbatya Chattagram Jana Samhati Samiti-MN Larma",,"Political militia","UPDF: United People's Democratic Front",,"Political militia","Political militia-Political militia",,50,"South Asia",Bangladesh,Chittagong,Rangamati,Bagaichhari,Baghaichhari,23.1613,92.2763,2,"Dhaka Tribune",National,"On 18 June 2024, members of UPDF and PCJSS-MNL engaged in a gunfight in Baghaihat market, Baghaichhari (Bagaichhari) upazila (Rangamati, Chittagong), over establishing dominance in the area. 1 person was killed in the clash. UPDF also claimed that there were several injuries.",1,,1719352712
BGD27407,"18 June 2024",2024,1,"Political violence",Riots,"Mob violence","Rioters (Bangladesh)",,Rioters,"Rioters (Bangladesh)","Government of Bangladesh (2009-2024)",Rioters,Rioters-Rioters,,50,"South Asia",Bangladesh,Dhaka,Rajbari,"Rajbari Sadar",Rajbari,23.7597,89.646,2,"Prothom Alo",National,"On 18 June 2024, two groups, one supported by a Union Parishad chairman, clashed using sharp weapons at Dadshi Singabazar, Rajbari Sadar upazila (coded as Rajbari, Dhaka), over a dispute on establishment of market for sacrificial animals. 7 people were injured in the clash.",0,"crowd size=no report",1726602879
BGD27382,"16 June 2024",2024,1,"Political violence","Violence against civilians",Attack,"ASL: Bangladesh Awami Swechchasebak League",,"Political militia","Civilians (Bangladesh)","ASL: Bangladesh Awami Swechchasebak League",Civilians,"Political militia-Civilians","Civilian targeting",50,"South Asia",Bangladesh,Chittagong,Comilla,Debidwar,Debidwar,23.6077,90.983,2,"Prothom Alo",National,"On 16 June 2024, a member of Swechchasebak League (ASL) attacked and injured a leader of ASL, severing his left thumb, in Bagur Bazaar, Debidwar upazila (Comilla, Chittagong), in a targeted attack over a conflict regarding government money transactions.",0,,1719352713
BGD27389,"16 June 2024",2024,1,"Political violence","Violence against civilians",Attack,"Unidentified Armed Group (Bangladesh)",,"Political militia","Civilians (Bangladesh)","Muslim Group (Bangladesh)",Civilians,"Political militia-Civilians","Civilian targeting",50,"South Asia",Bangladesh,Mymensingh,Netrakona,Kalmakanda,Kalmakanda,25.0775,90.8944,2,"Prothom Alo",National,"On 16 June 2024, unidentified assailants stabbed and killed a prayer leader, while he was asleep, in Kalmakanda upazila (Netrakona, Mymensingh), in a targeted attack over unknown reasons.",1,,1719352713
BGD27401,"16 June 2024",2024,1,"Political violence",Riots,"Mob violence","Rioters (Bangladesh)","Labor Group (Bangladesh)",Rioters,"Rioters (Bangladesh)","Labor Group (Bangladesh)",Rioters,Rioters-Rioters,,50,"South Asia",Bangladesh,Rajshahi,Bogra,Sherpur,Sherpur,24.6765,89.4159,1,"Prothom Alo",National,"On 16 June 2024, two groups clashed at Nayapara Mohalla area, Sherpur municipality (Bogra, Rajshahi), over a dispute over the 'illegal' purchase and sale of VGF rice. At least 6 people were injured in the clash.",0,"crowd size=no report",1719352713
BGD27429,"16 June 2024",2024,1,Demonstrations,Protests,"Peaceful protest","Protesters (Bangladesh)","Labor Group (Bangladesh)",Protesters,,,,"Protesters only",,50,"South Asia",Bangladesh,Dhaka,Gazipur,"Gazipur Sadar",Gazipur,23.9984,90.4223,1,"Dhaka Tribune",National,"On 16 June 2024, on the second consecutive day, one hundred workers of National Chemical Manufacturing Company Limited staged a protest in Gazipur city (Gazipur Sadar, Dhaka), demanding clearance of unpaid salaries and the reversal of layoffs to allow the factory to reopen.",0,"crowd size=one hundred",1722376559
BGD27403,"16 June 2024",2024,1,"Political violence",Riots,"Mob violence","Rioters (Bangladesh)","Vigilante Group (Bangladesh)",Rioters,"Civilians (Bangladesh)",,Civilians,Rioters-Civilians,"Civilian targeting",50,"South Asia",Bangladesh,Dhaka,Narsingdi,"Narsingdi Sadar",Narsingdi,23.923,90.7177,2,"Prothom Alo",National,"On 16 June 2024, locals assaulted and killed a man in Narsingdi Sadar upazila (coded as Narsingdi, Dhaka), on suspicion of being a thief.",1,"crowd size=no report",1723576772
BGD27396,"15 June 2024",2024,1,"Political violence",Riots,"Mob violence","Rioters (Bangladesh)","Government of Bangladesh (2009-2024)",Rioters,"Civilians (Bangladesh)","Journalists (Bangladesh)",Civilians,Rioters-Civilians,"Civilian targeting",50,"South Asia",Bangladesh,Chittagong,Bandarban,Lama,Aziznagar,21.9048,92.0664,1,"Dhaka Tribune",National,"On 15 June 2024, a UP chairman and his supporters assaulted a journalist in Aziznagar union, Lama upazila (Bandarban, Chittagong), for taking photos and videos of suspected irregularity in the distribution of 10 kg VGF rice per person as a gift of the prime minister on the occasion of Eid.",0,"crowd size=no report",1724113673
BGD27453,"15 June 2024",2024,1,Demonstrations,Protests,"Protest with intervention","Protesters (Bangladesh)","Labor Group (Bangladesh)",Protesters,"Police Forces of Bangladesh (2009-2024)",,"State forces","State forces-Protesters",,50,"South Asia",Bangladesh,Dhaka,Gazipur,"Gazipur Sadar",Gazipur,23.9984,90.4223,1,"New Nation (Bangladesh)",National,"On 15 June 2024, one hundred workers of National Chemical Manufacturing Company Limited staged a protest in Gazipur city (Gazipur Sadar, Dhaka), demanding clearance of unpaid salaries and the reversal of layoffs to allow the factory to reopen. Police forces intervened and dispersed the protesting workers.",0,"crowd size=one hundred",1724113673
BGD27424,"14 June 2024",2024,1,Demonstrations,Protests,"Peaceful protest","Protesters (Bangladesh)","FFF: Fridays for Future; Students (Bangladesh)",Protesters,,,,"Protesters only",,50,"South Asia",Bangladesh,Rangpur,Rangpur,"Rangpur Sadar",Rangpur,25.7466,89.2516,1,"New Nation (Bangladesh)",National,"On 14 June 2024, civil society and climate activists staged a protest rally in Rangpur city (Rangpur Sadar), in support of Greta Thunberg's climate action movement demanding climate justice, and against the ongoing fossil fuel investment by the G7 countries.",0,"crowd size=no report",1719352714
BGD27428,"14 June 2024",2024,1,Demonstrations,Protests,"Peaceful protest","Protesters (Bangladesh)","Labor Group (Bangladesh)",Protesters,,,,"Protesters only",,50,"South Asia",Bangladesh,Chittagong,Comilla,Chandina,Chandina,23.44,90.95,2,"Dhaka Tribune; Prothom Alo",National,"On 14 June 2024, workers of a garment factory held a protest by blocking the Dhaka-Chittagong highway at Chandina upazila (Comilla, Chittagong) against Denim Processing plant over not receiving their pending salaries.",0,"crowd size=no report",1719352714
BGD27433,"14 June 2024",2024,1,Demonstrations,Protests,"Peaceful protest","Protesters (Bangladesh)","CPB-M: Communist Party of Bangladesh-Marxist; LDA: Left Democratic Alliance; SPB: Socialist Party of Bangladesh",Protesters,,,,"Protesters only",,50,"South Asia",Bangladesh,Dhaka,Dhaka,Shahbagh,"Dhaka - Shahbagh",23.7317,90.3959,1,"New Age (Bangladesh)",National,"On 14 June 2024, LDA members comprising CPB-M, SPB, Revolutionary Communist League and Democratic Revolutionary Party leaders held a protest march at Dhaka - Shahbagh town (Shahbagh upazila, Dhaka) against the eviction drive being held in Bangshal area and demanded that the eviction be put on hold until residents could be relocated.",0,"crowd size=no report",1721769310
BGD27406,"14 June 2024",2024,1,"Political violence",Riots,"Mob violence","Rioters (Bangladesh)",,Rioters,"Police Forces of Bangladesh (2009-2024)",,"State forces","State forces-Rioters",,50,"South Asia",Bangladesh,Rajshahi,Sirajganj,Ullahpara,Ullahpara,24.3128,89.5701,2,"United News of Bangladesh",National,"On 14 June 2024, villagers assaulted police personnel in Pangrohali village, Ullahpara upazila (Sirajganj, Rajshahi), when police raided a house in connection to a missing person's case. Police forces detained 3 people following the incident.",0,"crowd size=no report",1724113673
BGD27387,"13 June 2024",2024,1,"Political violence","Violence against civilians",Attack,"Unidentified Armed Group (Bangladesh)",,"Political militia","Civilians (Bangladesh)","Journalists (Bangladesh)",Civilians,"Political militia-Civilians","Civilian targeting",50,"South Asia",Bangladesh,Mymensingh,Mymensingh,Nandail,Nandail,24.5901,90.6692,2,"Prothom Alo",National,"On 13 June 2024, a journalist was attacked by unidentified assailants at Nandail upazila (Mymensingh), in a targeted attack while he was shopping in the market. He was left injured in the incident. Police have arrested 1 individual.",0,,1719352714
BGD27448,"13 June 2024",2024,1,Demonstrations,Protests,"Peaceful protest","Protesters (Bangladesh)",,Protesters,,,,"Protesters only",,50,"South Asia",Bangladesh,Rajshahi,Natore,Baraigram,Baraigram,24.3163,89.1851,2,"Daily Star (Bangladesh)",National,"On 13 June 2024, locals held a protest by blocking a road at Baraigram upazila (Natore, Rajshahi) against the assault of a union parishad chairman (local government head) by claimed supporters of a lawmaker (coded separately).",0,"crowd size=no report",1719352714
BGD27450,"13 June 2024",2024,1,Demonstrations,Protests,"Peaceful protest","Protesters (Bangladesh)",,Protesters,,,,"Protesters only",,50,"South Asia",Bangladesh,Rangpur,Dinajpur,Fulbari,Phulbari,25.495,88.9502,2,"Prothom Alo",National,"On 13 June 2024, locals held a protest by blocking a road at Baraihat area in Phulbari block area (Fulbari, Dinajpur, Rangpur) over two people being killed in a road accident.",0,"crowd size=no report",1719352714
BGD27445,"13 June 2024",2024,1,Demonstrations,Protests,"Peaceful protest","Protesters (Bangladesh)","Lawyers (Bangladesh); Women (Bangladesh)",Protesters,,,,"Protesters only",,50,"South Asia",Bangladesh,Dhaka,Dhaka,Shahbagh,"Dhaka - Shahbagh",23.7317,90.3959,1,"Prothom Alo",National,"On 13 June 2024, social activists including leaders of the women organizations and lawyers held a protest by forming a human chain at Dhaka - Shahbagh town (Shahbagh upazila, Dhaka) over rising communal behaviour in the society and police torture on women and minorities.",0,"crowd size=no report",1721769310
BGD27404,"13 June 2024",2024,1,"Political violence",Riots,"Mob violence","Rioters (Bangladesh)",,Rioters,"Civilians (Bangladesh)","Government of Bangladesh (2009-2024)",Civilians,Rioters-Civilians,"Civilian targeting",50,"South Asia",Bangladesh,Rajshahi,Natore,Baraigram,Baraigram,24.3163,89.1851,2,"Daily Star (Bangladesh)",National,"On 13 June 2024, claimed supporters of a lawmaker assaulted a union parishad chairman (local government head) and vandalised his office at Baraigram upazila (Natore, Rajshahi) after he refused to handover fifty percent of the rice allocated for distribution to the poor.",0,"crowd size=no report; local administrators",1724113673
BGD27430,"13 June 2024",2024,1,Demonstrations,Protests,"Peaceful protest","Protesters (Bangladesh)","Former Government of Bangladesh (2009-2024); Labor Group (Bangladesh)",Protesters,,,,"Protesters only",,50,"South Asia",Bangladesh,Dhaka,Kishoregonj,Karimganj,Karimganj,24.4678,90.8705,2,"Prothom Alo",National,"On 13 June 2024, locals including leather port traders and former elected officials held a protest by forming a human chain at Karimganj upazila (Kishoregonj, Dhaka) to demand swift competition of a road under construction.",0,"crowd size=no report",1724113673
BGD27443,"13 June 2024",2024,1,Demonstrations,Protests,"Peaceful protest","Protesters (Bangladesh)","Lawyers (Bangladesh); Students (Bangladesh); Teachers (Bangladesh)",Protesters,,,,"Protesters only",,50,"South Asia",Bangladesh,Dhaka,Dhaka,Savar,Gerua,23.8782,90.2574,1,"Prothom Alo",National,"On 13 June 2024, students, lawyers and teachers held a protest by forming a human chain at Gerua town (Savar upazila, Dhaka) against the construction of a building by filling reservoir in Jahangirnagar University.",0,"crowd size=no report",1726526021
BGD27421,"12 June 2024",2024,1,Demonstrations,Protests,"Peaceful protest","Protesters (Bangladesh)","ASL: Bangladesh Awami Swechchasebak League",Protesters,,,,"Protesters only",,50,"South Asia",Bangladesh,Khulna,Jhenaidah,"Jhenaidah Sadar",Jhenaidah,23.5425,89.1749,1,"Dhaka Tribune",National,"On 12 June 2024, ASL members held a protest by forming a human chain at Jhenaidah city (Jhenaidah Sadar upazila, Khulna) against the detention of their leader over claimed involvement in the murder of a lawmaker in India.",0,"crowd size=no report",1719352714
BGD27427,"12 June 2024",2024,1,Demonstrations,Protests,"Peaceful protest","Protesters (Bangladesh)","Labor Group (Bangladesh)",Protesters,,,,"Protesters only",,50,"South Asia",Bangladesh,Dhaka,Gazipur,"Gazipur Sadar",Tongi,23.8915,90.4023,1,"Dhaka Tribune",National,"On 12 June 2024, garment workers held a protest at Tongi town (Gazipur Sadar upazila, Dhaka) over being laid off by Danys Knitwear company while they were on a leave and demanded pending salaries and bonuses.",0,"crowd size=no report",1722376559
BGD27444,"12 June 2024",2024,1,Demonstrations,Protests,"Peaceful protest","Protesters (Bangladesh)","Adivasi Ethnic Group (Bangladesh); Former Government of Bangladesh (2009-2024); PCJSS: Parbatya Chattagram Jana Samhati Samiti; Students (Bangladesh); Women (Bangladesh)",Protesters,,,,"Protesters only",,50,"South Asia",Bangladesh,Dhaka,Dhaka,Shahbagh,"Dhaka - Shahbagh",23.7317,90.3959,1,"Prothom Alo",National,"On 12 June 2024, students, youth and women organizations including former elected members and PCJSS members and members from the Adivasi community held a protest march at Dhaka - Shahbagh town (Shahbagh upazila, Dhaka) protest against the dismissal of the Kalpana Chakma kidnapping case and to demand punishment for those claimed to be responsible for the incident.",0,"crowd size=no report",1724113673
BGD27441,"12 June 2024",2024,1,Demonstrations,Protests,"Peaceful protest","Protesters (Bangladesh)","AL: Bangladesh Awami League; BNP: Bangladesh Nationalist Party; Journalists (Bangladesh); Labor Group (Bangladesh); Students (Bangladesh)",Protesters,,,,"Protesters only",,50,"South Asia",Bangladesh,Rangpur,Thakurgaon,"Thakurgaon Sadar",Thakurgaon,26.021,88.4677,1,"Prothom Alo",National,"On 12 June 2024, locals, students, journalists and people from various professions along with AL and BNP members held a protest by forming a human chain at Thakurgaon town (Thakurgaon Sadar upazila, Rangpur) to demand establishment of a medical college and reopening of an abandoned airport in the area.",0,"crowd size=no report",1724181414
BGD27413,"11 June 2024",2024,1,"Political violence",Riots,"Mob violence","Rioters (Bangladesh)",,Rioters,"Rioters (Bangladesh)",,Rioters,Rioters-Rioters,,50,"South Asia",Bangladesh,Barisal,Patuakhali,Mirzaganj,Vikakhali,22.4211,90.277,1,"Prothom Alo",National,"On 11 June 2024, supporters of the winning and defeated candidates for the post of chairman and vice chairman clashed at Vikakhali town (Mirzaganj upazila, Patuakhali, Barisal) after the election. Several supporters of the winning candidate were left injured as claimed by them.",0,"crowd size=no report",1719352715
BGD27417,"11 June 2024",2024,1,"Political violence",Riots,"Mob violence","Rioters (Bangladesh)",,Rioters,"Rioters (Bangladesh)",,Rioters,Rioters-Rioters,,50,"South Asia",Bangladesh,Barisal,Patuakhali,Mirzaganj,Andua,22.4301,90.2595,2,"Prothom Alo",National,"On 11 June 2024, supporters of the winning and defeated candidates for the post of chairman and vice chairman clashed at central Andua and Andua Abasan area (coded as Andua town (Mirzaganj upazila, Patuakhali, Barisal)) after the election.",0,"crowd size=no report",1719352715
BGD27455,"11 June 2024",2024,1,"Political violence",Battles,"Armed clash","ARSA: Arakan Rohingya Salvation Army",,"Rebel group","RSO: Rohingya Solidarity Organization",,"Rebel group","Rebel group-Rebel group",,50,"South Asia",Bangladesh,Chittagong,"Cox's Bazar",Ukhia,Ukhiya,21.245,92.1375,2,"Prothom Alo",National,"On 11 June 2024, ARSA members abducted and later killed a RSO member at the Madhurchhara Shelter Camp for Rohingya community in Ukhiya upazila (Cox's Bazar, Chittagong) over establishing supremacy in the area. The two rival groups are known to abduct refugees for forced recruitment into the Myanmar military.",1,,1719935964
BGD27416,"11 June 2024",2024,1,"Political violence",Riots,"Mob violence","Rioters (Bangladesh)",,Rioters,"Rioters (Bangladesh)",,Rioters,Rioters-Rioters,,50,"South Asia",Bangladesh,Barisal,Patuakhali,Mirzaganj,Bikakhali,22.4318,90.2785,1,"Prothom Alo",National,"On 11 June 2024, supporters of the winning and defeated candidates for the post of chairman and vice chairman clashed at Bikakhali town (Mirzaganj upazila, Patuakhali, Barisal) after the election.",0,"crowd size=no report",1723576772
BGD27442,"11 June 2024",2024,1,Demonstrations,Protests,"Peaceful protest","Protesters (Bangladesh)","Dalit Caste Group (Bangladesh); Students (Bangladesh)",Protesters,,,,"Protesters only",,50,"South Asia",Bangladesh,Dhaka,Dhaka,Bangshal,"Dhaka - Bangshal",23.7181,90.4031,1,"United News of Bangladesh",National,"On 11 June 2024, students from the Harijan (Dalit) community held a protest at Dhaka - Bangshal town (Bangshal upazila, Dhaka) over the anti-encroachment drive in the area and against their eviction.",0,"crowd size=no report",1723576772
BGD27447,"11 June 2024",2024,1,Demonstrations,Protests,"Peaceful protest","Protesters (Bangladesh)",,Protesters,,,,"Protesters only",,50,"South Asia",Bangladesh,Rajshahi,Pabna,Ishwardi,Ishwardi,24.1286,89.0657,1,"New Nation (Bangladesh)",National,"On 11 June 2024, people held a protest by forming a human chain at Ishwardi town (Pabna, Rajshahi) against the increase in municipal tax at an unusual rate in the municipality amidst general inflation.",0,"crowd size=no report",1723576772
BGD27402,"11 June 2024",2024,1,"Political violence",Riots,"Mob violence","Rioters (Bangladesh)","BCL: Bangladesh Chhatra League; Students (Bangladesh)",Rioters,"Rioters (Bangladesh)","AL: Bangladesh Awami League; Police Forces of Bangladesh (2009-2024)",Rioters,Rioters-Rioters,,50,"South Asia",Bangladesh,Chittagong,Chandpur,"Chandpur Sadar",Chandpur,23.2271,90.6543,1,"Prothom Alo; United News of Bangladesh",National,"On 11 June 2024, two sides engaged in a clash with one involving two BCL leaders and the other involving a AL leader's son, and engaged in pelting stones and glass bottles at Chandpur city (Chandpur Sadar upazila, Chittagong) to establish dominance around the election. Approximately 15-16 persons were injured and one person was killed in the clash. Police attempted to control the situation while there was also firing between the two sides. The AL leader's son was killed in the clash and at least 20 persons were left injured of these three were policemen.",1,"crowd size=no report",1724113673
BGD27399,"10 June 2024",2024,1,"Political violence",Riots,"Mob violence","Rioters (Bangladesh)","Independent Politicians (Bangladesh)",Rioters,"Rioters (Bangladesh)","Independent Politicians (Bangladesh)",Rioters,Rioters-Rioters,,50,"South Asia",Bangladesh,Dhaka,Narayanganj,Rupganj,Rupganj,23.8244,90.5163,1,"Daily Star (Bangladesh)",National,"On 10 June 2024, supporters of two mayoral candidates (likely independent based on similar coded events) engaged in a clash and vandalised a conference room at Rupganj town (Narayanganj, Dhaka) over the allocation of symbols for Kanchan municipality election.",0,"crowd size=no report",1719352715
BGD27415,"10 June 2024",2024,1,"Political violence",Riots,"Mob violence","Rioters (Bangladesh)",,Rioters,"Rioters (Bangladesh)",,Rioters,Rioters-Rioters,,50,"South Asia",Bangladesh,Barisal,Patuakhali,Mirzaganj,Andua,22.4301,90.2595,2,"Prothom Alo",National,"On 10 June 2024, supporters of the winning and defeated candidates for the post of chairman and vice chairman clashed at central Andua and Andua Abasan area (coded as Andua town (Mirzaganj upazila, Patuakhali, Barisal)) after the election.",0,"crowd size=no report",1719352715
BGD27451,"10 June 2024",2024,1,Demonstrations,Protests,"Peaceful protest","Protesters (Bangladesh)",,Protesters,,,,"Protesters only",,50,"South Asia",Bangladesh,Chittagong,"Cox's Bazar",Kutubdia,Kutubdia,21.816,91.8523,2,"Prothom Alo",National,"On 10 June 2024, people held a protest by forming a human chain at Kutubdia upazila (Cox's Bazar, Chittagong) to demand justice for the murder of a businessman a few days ago.",0,"crowd size=no report",1719352715
BGD27440,"10 June 2024",2024,1,Demonstrations,Protests,"Peaceful protest","Protesters (Bangladesh)","Students (Bangladesh); Labor Group (Bangladesh)",Protesters,,,,"Protesters only",,50,"South Asia",Bangladesh,Mymensingh,Mymensingh,"Mymensingh Sadar",Mymensingh,24.7564,90.4065,1,"United News of Bangladesh",National,"On 10 June 2024, around 500 students formed a human chain to protest at Mymensingh town (Mymensingh Sadar upazila, Mymensingh) against the high court order on reinstating quota system in government jobs and demanded abolition of quota system except those for ethnic minorities and specially abled people.",0,"crowd size=around 500",1721760345
BGD27414,"10 June 2024",2024,1,"Political violence",Riots,"Mob violence","Rioters (Bangladesh)",,Rioters,"Rioters (Bangladesh)",,Rioters,Rioters-Rioters,,50,"South Asia",Bangladesh,Barisal,Patuakhali,Mirzaganj,Bikakhali,22.4318,90.2785,1,"Prothom Alo",National,"On 10 June 2024, supporters of the winning and defeated candidates for the post of chairman and vice chairman clashed at Bikakhali town (Mirzaganj upazila, Patuakhali, Barisal) after the election.",0,"crowd size=no report",1723576772
BGD27379,"10 June 2024",2024,1,"Political violence",Battles,"Armed clash","ARSA: Arakan Rohingya Salvation Army",,"Rebel group","RSO: Rohingya Solidarity Organization","Police Forces of Bangladesh (2009-2024)","Rebel group","Rebel group-Rebel group",,50,"South Asia",Bangladesh,Chittagong,"Cox's Bazar",Ukhia,Ukhiya,21.245,92.1375,2,"Financial Express (Bangladesh); Myanmar Now",National-International,"On 10 June 2024, at least 100 ARSA members attacked and fired at RSO members and later at the local police when they arrived at a Rohingya Refugee camp in Ukhiya upazila (Cox's Bazar, Chittagong) over establishing supremacy in the area. At least 3 RSO members were killed and 7 others were left injured in the incident. The two rival groups are known to abduct refugees for forced recruitment into the Myanmar military.",3,,1724113673
BGD27381,"10 June 2024",2024,1,"Political violence",Battles,"Armed clash","Police Forces of Bangladesh (2009-2024)","Military Forces of Bangladesh (2009-2024)","State forces","KNF: Kuki-Chin National Front",,"Political militia","State forces-Political militia",,50,"South Asia",Bangladesh,Chittagong,Bandarban,Ruma,Ruma,22.0445,92.4184,2,"Dhaka Tribune",National,"On 10 June 2024, military and police forces exchanged fire with KNF members during a joint operation at Jorbharangpara area in Ruma upazila (Bandarban, Chittagong). 1 KNF member was killed in the operation.",1,,1724113673
BGD27431,"10 June 2024",2024,1,Demonstrations,Protests,"Peaceful protest","Protesters (Bangladesh)","Government of Bangladesh (2009-2024); Labor Group (Bangladesh)",Protesters,,,,"Protesters only",,50,"South Asia",Bangladesh,Chittagong,Chittagong,Fatikchhari,Dhurung,22.6608,91.7922,1,"Prothom Alo",National,"On 10 June 2024, hundreds of traders led by an elected representative held a protest march at Dhurung town (Fatikchhari upazila, Chittagong) to demand justice for the murder of a businessman a few days ago.",0,"crowd size=hundreds",1724113673
BGD27392,"10 June 2024",2024,1,"Political violence",Riots,"Mob violence","Rioters (Bangladesh)","AL: Bangladesh Awami League",Rioters,"Civilians (Bangladesh)","AL: Bangladesh Awami League; Jubo League",Civilians,Rioters-Civilians,"Civilian targeting",50,"South Asia",Bangladesh,Barisal,Barisal,Gaurnadi,Gaurnadi,22.9728,90.2171,2,"Prothom Alo",National,"On 10 June 2024, 10-12 supporters of the winning AL candidate armed with sticks and sharp weapons assaulted Jubo league members and locked the shop of another supporter of a defeated AL candidate at Ramsiddhi Bazar in Gaurnadi upazila (Barisal) after the upazila parishad elections.",0,"crowd size=10-12",1725414467
BGD27397,"09 June 2024",2024,1,"Political violence",Riots,"Mob violence","Rioters (Bangladesh)","Independent Politicians (Bangladesh)",Rioters,"Civilians (Bangladesh)","Independent Politicians (Bangladesh); Women (Bangladesh)",Civilians,Rioters-Civilians,"Civilian targeting",50,"South Asia",Bangladesh,Barisal,Bhola,Lalmohan,Lalmohan,22.3377,90.737,2,"Prothom Alo",National,"On 9 June 2024, several supporters of the winning candidate (Tala symbol) armed with sticks, arms and sharp edged weapons assaulted supporters of the defeated candidate (Chashma symbol), assaulted the mother of the chairman and vandalised his brothers house and houses of merchants at Chand Minar Bazaar area in Lalmohan upazila (Bhola, Barisal) after the election results. At least 50-60 persons were either injured or killed in the incident. Fatalities coded as 0.",0,"crowd size=several; women targeted: relatives of targeted groups or persons",1719352716
BGD27409,"09 June 2024",2024,1,"Political violence",Riots,"Mob violence","Rioters (Bangladesh)",,Rioters,"Rioters (Bangladesh)",,Rioters,Rioters-Rioters,,50,"South Asia",Bangladesh,Barisal,Patuakhali,Mirzaganj,Mirzaganj,22.3581,90.2333,2,"Prothom Alo",National,"On 9 June 2024, supporters of the winning and defeated candidates for the post of chairman and vice chairman clashed at various locations including at Santoshpur area in Mirzaganj upazila (Patuakhali, Barisal) after the election. At least 25 persons were left injured in the clashes. 4 persons were later arrested by the police.",0,"crowd size=no report",1719352716
BGD27410,"09 June 2024",2024,1,"Political violence",Riots,"Mob violence","Rioters (Bangladesh)",,Rioters,"Rioters (Bangladesh)",,Rioters,Rioters-Rioters,,50,"South Asia",Bangladesh,Barisal,Patuakhali,Mirzaganj,Sultanabad,22.2699,90.1816,1,"Prothom Alo",National,"On 9 June 2024, supporters of the winning and defeated candidates for the post of chairman and vice chairman clashed at Sultanabad town (Mirzaganj upazila, Patuakhali, Barisal) after the election. There were no injuries.",0,"crowd size=no report",1719352716
BGD27411,"09 June 2024",2024,1,"Political violence",Riots,"Mob violence","Rioters (Bangladesh)",,Rioters,"Rioters (Bangladesh)",,Rioters,Rioters-Rioters,,50,"South Asia",Bangladesh,Barisal,Patuakhali,Mirzaganj,"Deuli Subidkhali",22.339,90.1919,2,"Prothom Alo",National,"On 9 June 2024, supporters of the winning and defeated candidates for the post of chairman and vice chairman clashed at Subidkhali area in Deuli Subidkhali block area (Mirzaganj upazila, Patuakhali, Barisal) after the election. There were no injuries.",0,"crowd size=no report",1719352716
BGD27412,"09 June 2024",2024,1,"Political violence",Riots,"Mob violence","Rioters (Bangladesh)",,Rioters,"Rioters (Bangladesh)",,Rioters,Rioters-Rioters,,50,"South Asia",Bangladesh,Khulna,Bagerhat,Sarankhola,Amragachia,22.3339,89.8089,1,"Prothom Alo",National,"On 9 June 2024, supporters of the winning and defeated candidates for the post of chairman and vice chairman clashed at Amragachia village (Sarankhola upazila, Bagerhat, Khulna) after the election. There were no injuries.",0,"crowd size=no report",1719352716
BGD27425,"09 June 2024",2024,1,Demonstrations,Protests,"Peaceful protest","Protesters (Bangladesh)","Journalists (Bangladesh)",Protesters,,,,"Protesters only",,50,"South Asia",Bangladesh,Mymensingh,Jamalpur,Baksiganj,Bakshiganj,25.1849,89.8693,2,"Daily Star (Bangladesh)",National,"On 9 June 2024, journalists held a protest by forming a human chain at Bakshiganj upazila (Jamalpur, Mymensingh) over the assault of a journalist in the same area on the previous day (coded separately).",0,"crowd size=no report",1719352716
BGD27434,"09 June 2024",2024,1,Demonstrations,Protests,"Peaceful protest","Protesters (Bangladesh)","Students (Bangladesh); Labor Group (Bangladesh)",Protesters,,,,"Protesters only",,50,"South Asia",Bangladesh,Barisal,Barisal,"Barisal Sadar",Barisal,22.705,90.3701,1,"United News of Bangladesh",National,"On 9 June 2024, more than 500 students held a protest march and blocked a road at Barisal town (Barisal Sadar upazila, Barisal) against the high court order on reinstating quota system in government jobs and demanded abolition of quota system except those for ethnic people and specially abled people.",0,"crowd size=more than 500",1721760345
BGD27436,"09 June 2024",2024,1,Demonstrations,Protests,"Peaceful protest","Protesters (Bangladesh)","Students (Bangladesh); Labor Group (Bangladesh)",Protesters,,,,"Protesters only",,50,"South Asia",Bangladesh,Chittagong,Chittagong,Hathazari,Hathazari,22.5052,91.8134,2,"United News of Bangladesh",National,"On 9 June 2024, students held a protest march at Chittagong University in Hathazari upazila (Chittagong) against the high court order on reinstating quota system in government jobs and demanded abolition of quota system except those for ethnic people and specially abled people.",0,"crowd size=no report",1721760345
BGD27437,"09 June 2024",2024,1,Demonstrations,Protests,"Peaceful protest","Protesters (Bangladesh)","Students (Bangladesh); Labor Group (Bangladesh)",Protesters,,,,"Protesters only",,50,"South Asia",Bangladesh,Rajshahi,Rajshahi,Matihar,Kazla,24.3681,88.6377,1,"United News of Bangladesh",National,"On 9 June 2024, students held a protest march at Rajshahi University in Kazla town (Matihar upazila, Rajshahi) against the high court order on reinstating quota system in government jobs and demanded abolition of quota system except those for ethnic people and specially abled people.",0,"crowd size=no report",1721760345
BGD27398,"09 June 2024",2024,1,"Political violence",Riots,"Mob violence","Rioters (Bangladesh)","Independent Politicians (Bangladesh)",Rioters,"Civilians (Bangladesh)",,Civilians,Rioters-Civilians,"Civilian targeting",50,"South Asia",Bangladesh,Barisal,Patuakhali,Galachipa,Kalagachia,22.2855,90.4217,1,"Prothom Alo",National,"On 9 June 2024, supporters of the horse symbol candidate (independent) assaulted supporters of another candidate at Kalagachia town (Galachipa upazila, Patuakhali, Barisal) after the election.",0,"crowd size=no report",1721769310
BGD27435,"09 June 2024",2024,1,Demonstrations,Protests,"Peaceful protest","Protesters (Bangladesh)","Labor Group (Bangladesh); Students (Bangladesh)",Protesters,,,,"Protesters only",,50,"South Asia",Bangladesh,Dhaka,Dhaka,Shahbagh,"Dhaka - Shahbagh",23.7317,90.3959,1,"United News of Bangladesh",National,"On 9 June 2024, at least 2000 students held a protest march at Dhaka - Shahbagh town (Shahbagh upazila, Dhaka) against the high court order on reinstating quota system in government jobs and demanded abolition of quota system except those for ethnic people and specially abled people.",0,"crowd size=at least 2000",1721769310
BGD27439,"09 June 2024",2024,1,Demonstrations,Protests,"Peaceful protest","Protesters (Bangladesh)","Labor Group (Bangladesh); Students (Bangladesh)",Protesters,,,,"Protesters only",,50,"South Asia",Bangladesh,Dhaka,Dhaka,Kotwali,"Dhaka - Kotwali",23.7106,90.4088,1,"United News of Bangladesh",National,"On 9 June 2024, students held a protest march at Jagannath University in Dhaka - Kotwali town (Kotwali upazila, Dhaka) against the high court order on reinstating quota system in government jobs and demanded abolition of quota system except those for ethnic people and specially abled people.",0,"crowd size=no report",1721769310
BGD27391,"09 June 2024",2024,1,"Political violence",Riots,"Mob violence","Rioters (Bangladesh)","AL: Bangladesh Awami League",Rioters,"Civilians (Bangladesh)","AL: Bangladesh Awami League",Civilians,Rioters-Civilians,"Civilian targeting",50,"South Asia",Bangladesh,Barisal,Barisal,Gaurnadi,Diasur,22.9579,90.2496,1,"Prothom Alo",National,"On 9 June 2024, hundreds of supporters of the defeated AL candidate assaulted 15 supporters of the winning AL candidate and vandalised and looted 15-20 of their houses and vehicles at Diasur village (Gaurnadi upazila, Barisal) after the upazila parishad elections.",0,"crowd size=hundreds",1723576772
BGD27405,"09 June 2024",2024,1,"Political violence",Riots,"Mob violence","Rioters (Bangladesh)",,Rioters,"Police Forces of Bangladesh (2009-2024)",,"State forces","State forces-Rioters",,50,"South Asia",Bangladesh,Khulna,Jhenaidah,Shailkupa,Shailkupa,23.684,89.2422,2,"Dhaka Tribune",National,"On 9 June 2024, around 500 locals attacked police with local weapons and engaged in stone pelting at a police station in Shailkupa town (Jhenaidah, Khulna) to rescue a detained AL member. Police responded with blank round firing to disperse the crowd. At least 25 persons including 10 police members were left injured in the incident.",0,"crowd size=around 500",1724113673
BGD27438,"09 June 2024",2024,1,Demonstrations,Protests,"Peaceful protest","Protesters (Bangladesh)","Labor Group (Bangladesh); Students (Bangladesh)",Protesters,,,,"Protesters only",,50,"South Asia",Bangladesh,Dhaka,Dhaka,Savar,Gerua,23.8782,90.2574,1,"United News of Bangladesh",National,"On 9 June 2024, students held a protest march at Jahangirnagar University in Gerua town (Savar upazila, Dhaka) against the high court order on reinstating quota system in government jobs and demanded abolition of quota system except those for ethnic people and specially abled people.",0,"crowd size=no report",1726526021
BGD27383,"08 June 2024",2024,1,"Political violence","Violence against civilians",Attack,"PCJSS: Parbatya Chattagram Jana Samhati Samiti",,"Political militia","Civilians (Bangladesh)","UPDF: United People's Democratic Front",Civilians,"Political militia-Civilians","Civilian targeting",50,"South Asia",Bangladesh,Chittagong,Khagrachhari,Panchhari,Panchhari,23.3147,91.9438,2,"Daily Star (Bangladesh)",National,"On 8 June 2024, suspected members of PCJSS as claimed by UPDF fired at a UPDF supporter in a targeted attack outside his residence at Panchhari upazila (Khagrachhari, Chittagong) over political rivalry. He was killed in the attack.",1,,1719352716
BGD27385,"08 June 2024",2024,1,"Political violence","Violence against civilians",Attack,"Unidentified Armed Group (Bangladesh)",,"Political militia","Civilians (Bangladesh)","JJD: Jatiyatabadi Jubo Dal",Civilians,"Political militia-Civilians","Civilian targeting",50,"South Asia",Bangladesh,Rajshahi,Bogra,Kahaloo,Muroil,24.8252,89.251,1,"New Age (Bangladesh)",National,"On 8 June 2024, unidentified persons hacked a Jubo League member (former president of the Charmatha port unit of Bogura city unit) in a targeted attack, while he was travelling to his in-law's house in Muroil town (Kahaloo upazila, Bogra, Rajshahi) over unspecified reasons. He was killed in the attack.",1,,1719352716
BGD27386,"08 June 2024",2024,1,"Political violence","Violence against civilians",Attack,"Unidentified Armed Group (Bangladesh)",,"Political militia","Civilians (Bangladesh)","Journalists (Bangladesh)",Civilians,"Political militia-Civilians","Civilian targeting",50,"South Asia",Bangladesh,Mymensingh,Jamalpur,Baksiganj,Bakshiganj,25.1849,89.8693,2,"Daily Star (Bangladesh)",National,"On 8 June 2024, a local journalist was assaulted by the supporters of a defeated vice-chairman candidate and his vehicle was vandalised in a targeted attack at Bakshiganj upazila (Jamalpur, Mymensingh) over claimed negative coverage during the upazila elections.",0,,1719352716
BGD27393,"08 June 2024",2024,1,"Political violence",Riots,"Mob violence","Rioters (Bangladesh)","AL: Bangladesh Awami League",Rioters,"Rioters (Bangladesh)","AL: Bangladesh Awami League",Rioters,Rioters-Rioters,,50,"South Asia",Bangladesh,Rajshahi,Pabna,Sujanagar,Sujanagar,23.9245,89.4247,2,"United News of Bangladesh",National,"On 8 June 2024, two factions of AL clashed with each other at Kadua area in Sujanagar upazila (Pabna, Rajshahi) over establishing control over a gas station in the area. At least 20 persons were injured in the clash.",0,"crowd size=no report",1719352716
BGD27449,"08 June 2024",2024,1,Demonstrations,Protests,"Peaceful protest","Protesters (Bangladesh)",,Protesters,,,,"Protesters only",,50,"South Asia",Bangladesh,Dhaka,Narayanganj,"Narayanganj Sadar",Siddhirganj,23.6912,90.5149,1,"New Age (Bangladesh)",National,"On 8 June 2024, around 700 residents held a protest by blocking a road at Siddhirganj town (Narayanganj Sadar upazila, Dhaka) against lack of gas supply in the area and demanded a resolution.",0,"crowd size=around 700",1719352716
BGD27432,"08 June 2024",2024,1,Demonstrations,Protests,"Peaceful protest","Protesters (Bangladesh)","Labor Group (Bangladesh); Teachers (Bangladesh)",Protesters,,,,"Protesters only",,50,"South Asia",Bangladesh,Dhaka,Dhaka,Shahbagh,"Dhaka - Shahbagh",23.7317,90.3959,1,"Financial Express (Bangladesh)",National,"On 8 June 2024, members of civic and developmental organizations including teachers held a protest by organising a human chain at Dhaka - Shahbagh city (Shahbagh upazila, Dhaka) against the World Bank's offer to provide loan to Bangladesh to take care of Rohingya refugees, claiming that Bangladesh couldn't afford more debt.",0,"crowd size=no report",1721769310
BGD27384,"08 June 2024",2024,1,"Political violence","Violence against civilians",Attack,"Unidentified Armed Group (Bangladesh)",,"Political militia","Civilians (Bangladesh)","AL: Bangladesh Awami League; Former Government of Bangladesh (2009-2024)",Civilians,"Political militia-Civilians","Civilian targeting",50,"South Asia",Bangladesh,Rajshahi,Pabna,"Pabna Sadar",Pabna,24.0064,89.2372,2,"United News of Bangladesh",National,"On 8 June 2024, unidentified persons fired at a AL leader who was a former president of ward 9 of Giyeshpur in a targeted attack at Naldah Natun Para area in Pabna Sadar upazila (coded as Pabna town (Rajshahi)). He was killed in the attack.",1,,1724113673
BGD27394,"08 June 2024",2024,1,"Political violence",Riots,"Mob violence","Rioters (Bangladesh)","AL: Bangladesh Awami League; Jubo League",Rioters,"Police Forces of Bangladesh (2009-2024)",,"State forces","State forces-Rioters",,50,"South Asia",Bangladesh,Chittagong,Chittagong,Anwara,Anwara,22.2204,91.9074,2,"United News of Bangladesh",National,"On 8 June 2024, hundreds of AL members of one faction attacked a police team taking a Jubo League member into custody, who responded with gunfire at Anwara upazila (Chittagong) over a clash with another AL faction a day earlier in the same area (coded separately). The JL member managed to escape while five policemen and 12 AL members were left injured. AL claimed police used excessive force.",0,"crowd size=hundreds",1724113673
BGD27420,"08 June 2024",2024,1,Demonstrations,Protests,"Peaceful protest","Protesters (Bangladesh)","AL: Bangladesh Awami League; Former Government of Bangladesh (2009-2024); Government of Bangladesh (2009-2024)",Protesters,,,,"Protesters only",,50,"South Asia",Bangladesh,Khulna,Jhenaidah,"Jhenaidah Sadar","Narikel Baria",23.4859,89.2506,1,"Dhaka Tribune",National,"On 8 June 2024, hundreds of people led by AL members including mayors and former zilla parishad members (local government heads) held a protest by forming a human chain at Narikel Baria town (Jhenaidah Sadar upazila, Khulna) to demand exemplary punishment for those responsible for the killing of a Bangladeshi minister in India.",0,"crowd size=hundreds",1724113673
BGD27454,"08 June 2024",2024,1,Demonstrations,Riots,"Violent demonstration","Rioters (Bangladesh)","Government of Bangladesh (2009-2024); Labor Group (Bangladesh); UPDF: United People's Democratic Front",Rioters,,,,"Rioters only",,50,"South Asia",Bangladesh,Chittagong,Rangamati,Bagaichhari,Sajek,23.229,92.2118,1,"United News of Bangladesh",National,"On 8 June 2024, members of the Machalong Election Management Committee supported by UPDF held a demonstration by blocking a road with tree trunks and setting them on fire and blocking a waterway and vandalizing a vehicle at Sajek town (Bagaichhari Upazila, Rangamati, Chittagong) over threats against election agents and to demand a free and fair election.",0,"crowd size=no report",1724113673
BGD27456,"08 June 2024",2024,1,"Political violence",Riots,"Mob violence","Rioters (Bangladesh)","BNP: Bangladesh Nationalist Party",Rioters,"Police Forces of Bangladesh (2009-2024)",,"State forces","State forces-Rioters",,50,"South Asia",Bangladesh,Khulna,Kushtia,"Kushtia Sadar",Kaburhat,23.8707,89.0776,1,"United News of Bangladesh",National,"On 8 June 2024, BNP members holding a political rally hurled bricks and clashed with police who responded with several round of bullets and tear gas shells at Kaburhat town (Kushtia Sadar upazila, Khulna). At least 10-12 BNP members were left injured in the clash and one person was detained by the police. Police claimed BNP organised the program without permission.",0,"crowd size=no report",1724113673
BGD27395,"07 June 2024",2024,1,"Political violence",Riots,"Mob violence","Rioters (Bangladesh)","AL: Bangladesh Awami League; Jubo League",Rioters,"Rioters (Bangladesh)","AL: Bangladesh Awami League",Rioters,Rioters-Rioters,,50,"South Asia",Bangladesh,Chittagong,Chittagong,Anwara,Anwara,22.2204,91.9074,2,"United News of Bangladesh",National,"On 7 June 2024, two AL factions including Jubo League members clashed with each other at Anwara upazila (Chittagong) during a celebratory procession to welcome the proposed budget for fiscal year 2024-2025. No injuries reported. Police later arrested one JL member involved in the clash.",0,"crowd size=no report",1719352716
BGD27418,"07 June 2024",2024,1,"Political violence",Riots,"Mob violence","Rioters (Bangladesh)",,Rioters,,,,"Rioters only",,50,"South Asia",Bangladesh,Khulna,Kushtia,Mirpur,Mirpur,23.9372,88.998,2,"United News of Bangladesh",National,"On 7 June 2024, unidentified persons vandalised the Akhara (den) of the Baul community at remote area along the bank of Ganges-Kobadak Irrigation Project in Mirpur upazila (Kushtia, Khulna) suspected as a revenge act over a painter being assaulted for non-payment of a loan.",0,"crowd size=no report",1719352716
BGD27466,"07 June 2024",2024,1,Demonstrations,Protests,"Peaceful protest","Protesters (Bangladesh)","Labor Group (Bangladesh)",Protesters,,,,"Protesters only",,50,"South Asia",Bangladesh,Chittagong,Chittagong,Rangunia,Rangunia,22.4755,92.0813,2,"Prothom Alo",National,"On 7 June 2024, factory workers staged a protest at Choumuhani-Ranirhat road in Rangunia upazila (Chittagong), against the assault on factory workers by land grabbers (coded separately).",0,"crowd size=no report",1719352717
BGD27489,"07 June 2024",2024,1,Demonstrations,Protests,"Peaceful protest","Protesters (Bangladesh)",,Protesters,,,,"Protesters only",,50,"South Asia",Bangladesh,Chittagong,Brahmanbaria,"Brahmanbaria Sadar",Brahmanbaria,23.9746,91.1123,1,"Prothom Alo",National,"On 7 June 2024, relatives of a deceased Chhatra League (BCL) member staged a human chain protest in front of Brahmanbaria Press Club, Brahmanbaria Sadar (Chittagong), demanding punishment for the culprits involved in the killing of BCL member (coded separately).",0,"crowd size=no report",1719352717
BGD27507,"07 June 2024",2024,1,"Political violence",Riots,"Mob violence","Rioters (Bangladesh)","Rangunia Communal Group (Bangladesh)",Rioters,"Civilians (Bangladesh)","Labor Group (Bangladesh); Rangunia Communal Group (Bangladesh)",Civilians,Rioters-Civilians,"Civilian targeting",50,"South Asia",Bangladesh,Chittagong,Chittagong,Rangunia,Rangunia,22.4755,92.0813,2,"Prothom Alo",National,"On 7 June 2024, assailants assaulted and injured factory workers in Rangunia upazila (Chittagong), when workers obstructed the assailants from building an illegal wall around the factory. 3 factory workers were injured in the incident.",0,"crowd size=no report",1719352717
BGD27510,"07 June 2024",2024,1,"Political violence",Riots,"Mob violence","Rioters (Bangladesh)",,Rioters,"Civilians (Bangladesh)",,Civilians,Rioters-Civilians,"Civilian targeting",50,"South Asia",Bangladesh,Sylhet,Sunamganj,Dharamapasha,Madhyanagar,25.0528,90.9899,2,"Prothom Alo",National,"On 7 June 2024, at least 50 supporters of winning candidate in upazila polls assaulted and injured the defeated candidate and 6 others in Datiapara village, Madhyanagar upazila, Dharamapasha (Sunamganj, Sylhet), over electoral rivalry amid upazila parishad elections. The assault took place when the defeated candidate was talking to his supporters near his residence.",0,"crowd size=at least 50",1719352717
BGD27516,"07 June 2024",2024,1,"Political violence","Violence against civilians",Attack,"Police Forces of India (2014-) Border Security Force",,"External/Other forces","Civilians (Bangladesh)",,Civilians,"External/Other forces-Civilians","Civilian targeting",50,"South Asia",Bangladesh,Rangpur,Lalmonirhat,Hatibandha,Hatibandha,26.12,89.14,2,"Prothom Alo",National,"On 7 June 2024, Indian BSF shot and injured a Bangladeshi national along the Singimari border area in Hatibandha upazila (Lalmonirhat, Rangpur), while chasing smugglers.",0,,1719352717
BGD27522,"07 June 2024",2024,1,"Political violence","Violence against civilians",Attack,"Unidentified Armed Group (Bangladesh)",,"Political militia","Civilians (Bangladesh)","Jubo League",Civilians,"Political militia-Civilians","Civilian targeting",50,"South Asia",Bangladesh,Khulna,Jessore,"Jessore Sadar",Jessore,23.1697,89.2137,2,"United News of Bangladesh",National,"On 7 June 2024, 4-5 assailants intercepted, shot and killed a local leader of Jubo League at Bahadurpur Tetultala intersection, Jessore Sadar upazila (coded as Jessore, Khulna), in a targeted attack over unknown reasons. Victim's family claimed that he was killed over rivalry amid upazila parishad elections.",1,,1719352717
BGD27479,"07 June 2024",2024,1,Demonstrations,Protests,"Peaceful protest","Protesters (Bangladesh)","Students (Bangladesh); Labor Group (Bangladesh)",Protesters,,,,"Protesters only",,50,"South Asia",Bangladesh,Dhaka,Dhaka,Savar,Savar,23.8486,90.25,1,"Financial Express (Bangladesh)",National,"On 7 June 2024, on the second consecutive day, students of Jahangirnagar university staged a human chain protest on campus in Savar city (Dhaka), against the High Court's verdict reinstating quotas in the civil service.",0,"crowd size=no report",1721760345
BGD27497,"07 June 2024",2024,1,"Political violence",Riots,"Mob violence","Rioters (Bangladesh)","AL: Bangladesh Awami League",Rioters,"Rioters (Bangladesh)","AL: Bangladesh Awami League; Police Forces of Bangladesh (2009-2024)",Rioters,Rioters-Rioters,,50,"South Asia",Bangladesh,Chittagong,Chittagong,Anwara,Anwara,22.2204,91.9074,2,"United News of Bangladesh",National,"On 7 June 2024, two rival factions of Awami League clashed at Bandar center, Anwara upazila (Chittagong), following an altercation during a program to welcome budget for FY25. At least 18 people were injured including a police constable. Police forces fired blank rounds to disperse the clashing members.",0,"crowd size=no report",1724113673
BGD27494,"06 June 2024",2024,1,Demonstrations,Riots,"Violent demonstration","Rioters (Bangladesh)","Labor Group (Bangladesh)",Rioters,,,,"Rioters only",,50,"South Asia",Bangladesh,Dhaka,Faridpur,"Faridpur Sadar",Faridpur,23.6061,89.8406,2,"Prothom Alo",National,"On 6 June 2024, members of Faridpur Motor Workers Sramik Union staged a demonstration by burning tires and blocking roads in Badarpur area, Faridpur Sadar (coded as Faridpur, Dhaka), against the postponement of triennial elections of Motor Workers Union.",0,"crowd size=no report",1719352717
BGD27518,"06 June 2024",2024,1,"Political violence","Violence against civilians",Attack,"Unidentified Armed Group (Bangladesh)","BKL: Bangladesh Farmer League; Farmers (Bangladesh)","Political militia","Civilians (Bangladesh)","AL: Bangladesh Awami League",Civilians,"Political militia-Civilians","Civilian targeting",50,"South Asia",Bangladesh,Rajshahi,Sirajganj,Kamarkhanda,Kamarkhanda,24.3607,89.6584,2,"New Age (Bangladesh)",National,"On 6 June 2024, supporters of Krishak League upazila chairman candidate assaulted and killed a member of Awami League, who was the supporter of a rival candidate in Kamarkhanda upazila (Sirajganj, Rajshahi), in a targeted attack over political rivalry amid upazila parishad elections.",1,,1719352717
BGD27476,"06 June 2024",2024,1,Demonstrations,Protests,"Peaceful protest","Protesters (Bangladesh)","Students (Bangladesh); Labor Group (Bangladesh)",Protesters,,,,"Protesters only",,50,"South Asia",Bangladesh,Dhaka,Dhaka,Savar,Savar,23.8486,90.25,1,"Financial Express (Bangladesh); Prothom Alo",National,"On 6 June 2024, students of Jahangirnagar university staged a protest on campus and Dhaka - Aricha road in Savar city (Dhaka), against the High Court's verdict reinstating quotas in the civil service.",0,"crowd size=no report",1721760345
BGD27478,"06 June 2024",2024,1,Demonstrations,Protests,"Peaceful protest","Protesters (Bangladesh)","Students (Bangladesh); Labor Group (Bangladesh)",Protesters,,,,"Protesters only",,50,"South Asia",Bangladesh,Rajshahi,Rajshahi,Boalia,Rajshahi,24.374,88.6011,1,"New Age (Bangladesh)",National,"On 6 June 2024, several hundred students of Rajshahi university staged a human chain protest on campus in Rajshahi city (Boalia), against the High Court's verdict reinstating quotas in the civil service.",0,"crowd size=several hundred",1721760345
BGD27457,"06 June 2024",2024,1,Demonstrations,Protests,"Peaceful protest","Protesters (Bangladesh)","AB: Amar Bangladesh Party",Protesters,,,,"Protesters only",,50,"South Asia",Bangladesh,Dhaka,Dhaka,,Dhaka,23.7656,90.3879,1,"Prothom Alo",National,"On 6 June 2024, members of Amar Bangladesh party staged a protest rally in Vijaynagar area, Dhaka city, against the proposed budget for FY 25, which entails increased taxation.",0,"crowd size=no report",1721769310
BGD27462,"06 June 2024",2024,1,Demonstrations,Protests,"Peaceful protest","Protesters (Bangladesh)","Dalit Caste Group (Bangladesh)",Protesters,,,,"Protesters only",,50,"South Asia",Bangladesh,Dhaka,Dhaka,,Dhaka,23.7656,90.3879,1,"Prothom Alo",National,"On 6 June 2024, members of Dalit community staged a protest in Dhaka city, demanding to stop the eviction of their community from Mironzila colony.",0,"crowd size=no report",1721769310
BGD27477,"06 June 2024",2024,1,Demonstrations,Protests,"Peaceful protest","Protesters (Bangladesh)","Labor Group (Bangladesh); Students (Bangladesh)",Protesters,,,,"Protesters only",,50,"South Asia",Bangladesh,Dhaka,Dhaka,Shahbagh,"Dhaka - Shahbagh",23.7317,90.3959,1,"Financial Express (Bangladesh)",National,"On 6 June 2024, students of Dhaka university staged a protest on campus in Dhaka - Shahbagh (Shahbagh), against the High Court's verdict reinstating quotas in the civil service.",0,"crowd size=no report",1721769310
BGD27488,"05 June 2024",2024,1,Demonstrations,Protests,"Peaceful protest","Protesters (Bangladesh)",,Protesters,,,,"Protesters only",,50,"South Asia",Bangladesh,Dhaka,Faridpur,"Faridpur Sadar",Faridpur,23.6061,89.8406,1,"United News of Bangladesh",National,"On 5 June 2024, people staged a protest by sitting on a railway track at Faridpur railway station (Faridpur Sadar, Dhaka), demanding stoppage of the trains at their desired locations.",0,"crowd size=no report",1719352717
BGD27498,"05 June 2024",2024,1,"Political violence","Violence against civilians",Attack,"BCL: Bangladesh Chhatra League","Students (Bangladesh)","Political militia","Civilians (Bangladesh)","BCL: Bangladesh Chhatra League; Students (Bangladesh)",Civilians,"Political militia-Civilians","Civilian targeting",50,"South Asia",Bangladesh,Chittagong,Brahmanbaria,"Brahmanbaria Sadar",Brahmanbaria,23.9746,91.1123,1,"United News of Bangladesh",National,"On 5 June 2024, at least 10-12 suspected members of Chhatra League (BCL), shot and killed a rival member of Chhatra League (BCL) in Brahmanbaria town, Brahmanbaria Sadar (Chittagong), in a targeted attack during victory procession of winning candidate of upazila parishad elections.",1,,1719352717
BGD27502,"05 June 2024",2024,1,"Political violence",Riots,"Mob violence","Rioters (Bangladesh)","BCL: Bangladesh Chhatra League; Students (Bangladesh)",Rioters,"Rioters (Bangladesh)","BCL: Bangladesh Chhatra League; Students (Bangladesh)",Rioters,Rioters-Rioters,,50,"South Asia",Bangladesh,Mymensingh,Mymensingh,"Mymensingh Sadar",Mymensingh,24.7564,90.4065,1,"Prothom Alo",National,"On 5 June 2024, senior and junior students belonging to Chhatra League (BCL) clashed using native weapons, knives, hockey sticks, and cricket stumps at Bangladesh Agriculture University, Mymensingh city (Mymensingh Sadar), following an altercation over ragging of junior students. 5 people were injured in the clash.",0,"crowd size=no report",1719352717
BGD27524,"05 June 2024",2024,1,"Political violence","Violence against civilians",Attack,"Unidentified Armed Group (Bangladesh)",,"Political militia","Civilians (Bangladesh)",,Civilians,"Political militia-Civilians","Civilian targeting",50,"South Asia",Bangladesh,Barisal,Patuakhali,"Kala Para",Kalapara,21.9845,90.2296,1,"Prothom Alo",National,"On 5 June 2024, supporters of defeated candidate in upazila polls ambushed, assaulted and injured 4 supporters of winning candidate with iron rods and batons in Kalapara (Kala Para) town (Patuakhali, Barisal), in a targeted attack over electoral rivalry amid upazila polls.",0,,1719352717
BGD27463,"05 June 2024",2024,1,Demonstrations,Protests,"Peaceful protest","Protesters (Bangladesh)","GM: Ganatantra Mancha",Protesters,,,,"Protesters only",,50,"South Asia",Bangladesh,Dhaka,Dhaka,Paltan,"Dhaka - Paltan",23.7333,90.4125,1,"New Age (Bangladesh)",National,"On 5 June 2024, members of Ganatantra Mancha staged a protest in front of National Press Club, Dhaka - Paltan (Paltan), against Awami League government, and demanded strict action against corruption.",0,"crowd size=no report",1721769310
BGD27475,"05 June 2024",2024,1,Demonstrations,Protests,"Peaceful protest","Protesters (Bangladesh)","Labor Group (Bangladesh); Students (Bangladesh)",Protesters,,,,"Protesters only",,50,"South Asia",Bangladesh,Dhaka,Dhaka,Shahbagh,"Dhaka - Shahbagh",23.7317,90.3959,1,"Financial Express (Bangladesh)",National,"On 5 June 2024, students of Dhaka university staged a protest on campus in Dhaka - Shahbagh (Shahbagh), against the High Court's verdict reinstating quotas in the civil service.",0,"crowd size=no report",1721769310
BGD27501,"05 June 2024",2024,1,"Political violence",Riots,"Mob violence","Rioters (Bangladesh)","BCL: Bangladesh Chhatra League; Students (Bangladesh)",Rioters,"Rioters (Bangladesh)","BCL: Bangladesh Chhatra League; Students (Bangladesh)",Rioters,Rioters-Rioters,,50,"South Asia",Bangladesh,Dhaka,Gazipur,Kaliakair,Kaliakair,24.0696,90.2221,1,"Daily Star (Bangladesh)",National,"On 5 June 2024, two factions of Chhatra League (BCL) engaged in a clash using sharp weapons in Kaliakair municipality, Kaliakair upazila (Gazipur, Dhaka), over internal rivalry. 1 person was killed in the clash.",1,"crowd size=no report",1723576772
